date,11001,11002,11003,11004,11005,11006,11007,11008,12001,12002,12003,12004,12005,13001,13002,13003,13004,13005,13006,13007,13008,13009,13010,13011,13012,13013,14001,14002,14003,14004,15001,15002,15003,15004,15005,15006,15007,15008,15009,15010,15011,15012,15013,15014,15015,15016,15017,15018,15019,15020,15021,15022,16001,16002,16003,16004,17001,17002,17003,17004,17005,17006,17007,17008,21001,21002,21003,21004,21005,21006,21007,21008,21009,21010,21011,21012,21013,21014,21015,21016,21017,21018,21019,21020,21021,22001,22002,22003,22004,22005,22006,22007,22008,22009,22010,22011,22012,22013,22014,22015,23001,23002,23003,23004,23005,23006,23007,23008,23009,23010,23011,23012,23013,23014,23015,23016,23017,23018,23019,23020,23021,23022,23023,23024,23025,23026,23027,23028,23029,23030,23031,23032,23033,24001,24002,24003,24004,24005,24006,24007,24008,24009,24010,24011,24012,24013,24014,24015,24016,24017,24018,24019,25001,25002,25003,25004,25005,25006,25007,25008,25009,25010,25011,25012,25013,25014,25015,25016,25017,25018,25019,25020,25021,25022,25023,26001,26002,26003,26004,26005,26006,26007,26008,26009,26010,26011,26012,26013,26014,26015,26016,26017,26018,26019,27001,27002,27003,27004,27005,27006,27007,27008,27009,27010,27011,27012,27013,28001,28002,28003,28004,28005,28006,28007,28008,28009,28010,28011,28012,28013,29001,29002,29003,29004,29005,29006,29007,29008,29009,29010,29011,29012,29013,29014,29015,29016,29017,29018,29019,29020,29021,29022,29023,29024,29025,29026,29027,29028,29029,29030,29031,29032,31001,31002,31003,31004,31005,31006,31007,31008,31009,31010,31011,31012,31013,31014,31015,31016,31017,31018,31019,31020,31021,31022,31023,31024,31025,31026,31027,31028,31029,31030,31031,31032,31033,31034,31035,31036,31037,31038,31039,31040,31041,31042,31043,31044,31045,31046,31047,31048,31049,31050,31051,31052,31053,31054,31055,31056,31057,31058,31059,31060,31061,31062,31063,31064,31065,31066,32001,32002,32003,32004,32005,32006,32007,32008,32009,32010,32011,32012,32013,33001,33002,33003,33004,33005,33006,33007,33008,33009,33010,33011,33012,33013,33014,33015,33016,33017,33018,35001,35002,35003,35004,35005,35006,35007,35008,35009,35010,35011,35012,35013,35014,35015,35016,35017,35018,35019,35020,35021,35022,35023,35024,35025,35026,35027,35028,35029,35030,35031,35032,35033,35034,35035,35036,35037,35038,35039,35040,35041,35042,35043,35044,35045,35046,35047,35048,35049,35050,35051,35052,35053,35054,35055,35056,35057,35058,35059,35060,35061,35062,35063,41001,41002,41003,41004,41005,41006,41007,41008,41009,41010,41011,41012,41013,41014,41015,41016,41017,41018,41019,41020,41021,41022,41023,41024,41025,41026,41027,41028,41029,41030,41031,41032,41033,41034,41035,41036,41037,41038,41039,42001,42002,42003,42004,42005,42006,42007,42008,42009,42010,42011,42012,42013,42014,42015,42016,42017,42018,42019,42020,43001,43002,43003,43004,43005,43006,43007,43008,43009,43010,43011,43012,43013,43014,43015,43016,43017,43018,43019,43020,43021,43022,43023,43024,43025,43026,43027,43028,43029,43030,43031,43032,43033,43034,43035,50001,50002,50003,50004,50005,50006,50007,50008,50009,50010,50011,51001,51002,51003,51004,51005,51006,51007,51008,51009,51010,51011,51012,51013,51014,51015,51016,51017,51018,51019,51020,51021,51022,52001,52002,52003,52004,52005,52006,52007,52008,52009,52010,52011,52012,52013,52014,52015,52016,52017,52018,53001
2001-01-01,267.0,12.0,2.0,93.0,1.0,14.0,271.0,8.0,1.0,0.0,0.0,1255.0,24.0,25.0,0.0,4.0,1.0,1.0,6.0,6938.0,5.0,38.0,13.0,1.0,1.0,1.0,770.0,3.0,33.0,4.0,7.0,99.0,0.0,0.0,0.0,9.0,743.0,151.0,11.0,30.0,209.0,21.0,5.0,4.0,6.0,676.0,4.0,1.0,6.0,435.0,40.0,7.0,0.0,0.0,5.0,2.0,83.0,48.0,71.0,455.0,31.0,331.0,74.0,9.0,0.0,15.0,0.0,91.0,2.0,27.0,12.0,75.0,442.0,42.0,42.0,11.0,11.0,34.0,2.0,2.0,17.0,119.0,37.0,22.0,22.0,38.0,16.0,181.0,56.0,16.0,15.0,2.0,3.0,5.0,19.0,1.0,1.0,31.0,1.0,56.0,19.0,46.0,2.0,0.0,9.0,0.0,0.0,1.0,13.0,14.0,16.0,8.0,18.0,6.0,18.0,288.0,18.0,4.0,122.0,45.0,55.0,11.0,76.0,0.0,0.0,202.0,0.0,0.0,2.0,1.0,0.0,849.0,3.0,44.0,5.0,17.0,36.0,3.0,10.0,51.0,11.0,28.0,3.0,381.0,84.0,0.0,9.0,43.0,3.0,51.0,1213.0,9.0,3.0,5.0,3.0,1.0,0.0,1.0,6.0,1.0,1.0,5.0,1.0,0.0,0.0,0.0,0.0,0.0,12.0,2.0,1.0,1.0,0.0,2.0,0.0,228.0,5.0,55.0,89.0,71.0,128.0,15.0,56.0,6.0,35.0,4.0,4.0,20.0,5.0,37.0,1.0,120.0,20.0,0.0,67.0,22.0,0.0,1.0,59.0,0.0,0.0,0.0,1.0,1.0,13.0,1.0,0.0,19.0,20.0,3.0,16.0,2.0,1.0,4.0,3.0,1.0,18.0,114.0,11.0,17.0,112.0,2.0,18.0,42.0,10.0,91.0,5.0,7.0,1.0,72.0,288.0,59.0,88.0,23.0,132.0,76.0,4.0,6.0,2.0,6.0,239.0,114.0,16.0,122.0,9.0,30.0,17.0,16.0,9.0,3.0,132.0,373.0,1.0,1.0,40.0,5.0,1.0,4.0,15.0,0.0,0.0,0.0,0.0,16.0,275.0,66.0,31.0,0.0,2.0,55.0,1.0,17.0,5.0,47.0,4.0,1.0,1.0,38.0,7.0,1.0,5.0,110.0,13.0,0.0,0.0,1.0,0.0,0.0,1582.0,0.0,233.0,4.0,5.0,0.0,7.0,2.0,0.0,0.0,0.0,0.0,1.0,2.0,0.0,0.0,0.0,1.0,0.0,0.0,1.0,0.0,2.0,0.0,1.0,5.0,0.0,12.0,6.0,0.0,0.0,2.0,12.0,8.0,12.0,9.0,8.0,2.0,811.0,10.0,2.0,7.0,1.0,32.0,74.0,7.0,2.0,401.0,3.0,0.0,2.0,3.0,75.0,22.0,4.0,7.0,13.0,10.0,0.0,21.0,2471.0,4.0,2.0,8.0,69.0,24.0,0.0,2.0,0.0,821.0,80.0,1.0,0.0,4.0,53.0,2.0,12.0,37.0,5.0,1.0,8.0,1.0,1.0,0.0,43.0,2.0,0.0,1.0,0.0,1.0,0.0,2.0,10.0,0.0,0.0,0.0,1.0,0.0,1.0,1.0,0.0,0.0,4.0,1.0,0.0,0.0,3.0,1.0,0.0,0.0,1.0,0.0,0.0,0.0,2.0,1.0,2.0,10.0,3.0,3.0,6.0,125.0,10.0,47.0,0.0,0.0,0.0,0.0,1.0,15.0,0.0,3.0,2.0,1.0,5.0,0.0,0.0,2.0,0.0,0.0,0.0,0.0,0.0,0.0,1.0,6.0,0.0,11.0,0.0,1.0,0.0,0.0,0.0,0.0,0.0,0.0,0.0,0.0,0.0,0.0,6.0,0.0,0.0,0.0,0.0,0.0,0.0,0.0,0.0,0.0,0.0,0.0,0.0,0.0,0.0,0.0,0.0,0.0,1.0,0.0,0.0,0.0,0.0,0.0,5.0,0.0,0.0,0.0,0.0,0.0,0.0,0.0,0.0,0.0,1.0,0.0,0.0,0.0,0.0,0.0,1.0,0.0,0.0,0.0,1.0,1.0,0.0,0.0,2.0,0.0,0.0,0.0,0.0,0.0,0.0,0.0,0.0,0.0,0.0,1.0,0.0,67.0,1.0,1.0,194.0,0.0,3.0,7.0,2.0,0.0,0.0,7.0,1.0,0.0,6.0,5.0,0.0,0.0,65.0,2.0,34.0,14.0,12.0,0.0,0.0,4.0,5.0,0.0,1.0,1.0,0.0,35.0,3.0,1.0,23.0,0.0,17.0,32.0,1.0,7.0,514.0,6.0,57.0,19.0,5.0,15.0,3.0,2.0,3.0,400.0
2001-02-01,67.0,20.0,1.0,70.0,4.0,10.0,99.0,4.0,3.0,0.0,0.0,214.0,24.0,11.0,0.0,1.0,3.0,1.0,40.0,6288.0,10.0,159.0,7.0,2.0,7.0,40.0,342.0,1.0,22.0,2.0,137.0,1222.0,1.0,0.0,1.0,3.0,645.0,122.0,36.0,109.0,244.0,45.0,38.0,4.0,3.0,998.0,3.0,6.0,3.0,116.0,76.0,4.0,0.0,0.0,17.0,0.0,38.0,49.0,59.0,179.0,41.0,241.0,71.0,18.0,1.0,38.0,13.0,70.0,0.0,24.0,1.0,64.0,200.0,11.0,180.0,10.0,15.0,41.0,4.0,0.0,65.0,146.0,16.0,41.0,35.0,97.0,27.0,329.0,171.0,23.0,4.0,35.0,1.0,2.0,3.0,7.0,0.0,160.0,3.0,90.0,26.0,22.0,2.0,0.0,100.0,4.0,0.0,1.0,40.0,13.0,54.0,11.0,35.0,17.0,36.0,395.0,30.0,2.0,122.0,8.0,222.0,24.0,126.0,1.0,0.0,61.0,2.0,0.0,9.0,5.0,4.0,2009.0,17.0,18.0,133.0,208.0,107.0,2.0,11.0,78.0,30.0,33.0,8.0,509.0,126.0,4.0,101.0,84.0,9.0,160.0,2196.0,20.0,0.0,22.0,44.0,25.0,2.0,6.0,7.0,3.0,7.0,153.0,5.0,0.0,0.0,0.0,0.0,1.0,6.0,0.0,1.0,0.0,0.0,9.0,0.0,132.0,11.0,175.0,63.0,31.0,237.0,23.0,123.0,19.0,17.0,5.0,4.0,33.0,13.0,26.0,3.0,123.0,12.0,0.0,24.0,138.0,1.0,0.0,12.0,5.0,0.0,0.0,0.0,0.0,8.0,0.0,2.0,1.0,15.0,0.0,15.0,3.0,1.0,2.0,2.0,0.0,7.0,135.0,1.0,43.0,183.0,36.0,137.0,55.0,2.0,7.0,5.0,31.0,1.0,127.0,578.0,79.0,52.0,100.0,199.0,265.0,1.0,6.0,5.0,34.0,440.0,44.0,27.0,306.0,21.0,206.0,19.0,25.0,10.0,15.0,403.0,244.0,1.0,0.0,77.0,22.0,1.0,1.0,9.0,0.0,0.0,0.0,4.0,97.0,183.0,13.0,74.0,1.0,6.0,112.0,5.0,393.0,13.0,98.0,5.0,1.0,15.0,97.0,18.0,0.0,3.0,634.0,230.0,0.0,1.0,2.0,1.0,1.0,1266.0,1.0,792.0,36.0,5.0,2.0,97.0,7.0,0.0,0.0,0.0,1.0,0.0,3.0,2.0,0.0,1.0,0.0,0.0,0.0,2.0,0.0,4.0,0.0,0.0,5.0,0.0,208.0,14.0,8.0,0.0,3.0,16.0,91.0,70.0,16.0,5.0,4.0,945.0,20.0,2.0,19.0,5.0,83.0,141.0,9.0,14.0,407.0,0.0,4.0,1.0,5.0,277.0,89.0,2.0,20.0,102.0,19.0,16.0,29.0,4851.0,4.0,22.0,13.0,264.0,29.0,0.0,2.0,0.0,1208.0,292.0,20.0,1.0,42.0,252.0,0.0,99.0,62.0,7.0,2.0,9.0,0.0,0.0,0.0,546.0,7.0,0.0,0.0,0.0,0.0,1.0,2.0,5.0,0.0,0.0,0.0,0.0,0.0,7.0,1.0,1.0,0.0,0.0,0.0,0.0,0.0,4.0,0.0,0.0,0.0,0.0,0.0,0.0,0.0,2.0,0.0,1.0,8.0,2.0,2.0,3.0,80.0,3.0,127.0,3.0,0.0,0.0,0.0,0.0,169.0,1.0,40.0,11.0,0.0,17.0,1.0,0.0,2.0,3.0,0.0,0.0,0.0,0.0,0.0,0.0,0.0,1.0,14.0,0.0,2.0,0.0,0.0,0.0,0.0,0.0,0.0,0.0,0.0,0.0,0.0,7.0,0.0,0.0,0.0,1.0,0.0,0.0,0.0,0.0,0.0,0.0,0.0,0.0,0.0,0.0,1.0,0.0,0.0,0.0,0.0,0.0,0.0,0.0,0.0,0.0,0.0,0.0,0.0,0.0,0.0,0.0,0.0,0.0,0.0,0.0,0.0,0.0,0.0,0.0,0.0,0.0,0.0,0.0,0.0,0.0,0.0,0.0,0.0,3.0,0.0,0.0,0.0,0.0,0.0,0.0,0.0,0.0,1.0,1.0,0.0,2.0,231.0,2.0,13.0,238.0,26.0,4.0,17.0,0.0,2.0,0.0,11.0,8.0,1.0,0.0,8.0,1.0,0.0,20.0,6.0,42.0,8.0,23.0,3.0,0.0,7.0,4.0,0.0,0.0,3.0,0.0,165.0,6.0,2.0,47.0,1.0,18.0,40.0,0.0,7.0,1146.0,8.0,73.0,18.0,6.0,19.0,2.0,1.0,14.0,220.0
2001-03-01,60.0,17.0,0.0,30.0,0.0,27.0,38.0,1.0,2.0,0.0,0.0,97.0,15.0,10.0,0.0,1.0,3.0,0.0,9.0,2780.0,3.0,66.0,5.0,9.0,1.0,60.0,128.0,2.0,6.0,1.0,217.0,2020.0,1.0,0.0,0.0,11.0,551.0,94.0,18.0,122.0,189.0,18.0,20.0,6.0,2.0,528.0,1.0,7.0,20.0,144.0,61.0,0.0,0.0,0.0,88.0,1.0,33.0,66.0,30.0,117.0,35.0,248.0,20.0,29.0,1.0,112.0,28.0,15.0,2.0,14.0,5.0,261.0,61.0,18.0,177.0,13.0,62.0,80.0,12.0,50.0,95.0,214.0,11.0,18.0,33.0,211.0,14.0,637.0,118.0,23.0,4.0,63.0,4.0,4.0,15.0,8.0,0.0,80.0,34.0,140.0,131.0,27.0,6.0,2.0,119.0,9.0,4.0,44.0,14.0,10.0,106.0,21.0,158.0,14.0,127.0,1385.0,124.0,14.0,116.0,8.0,171.0,62.0,87.0,0.0,2.0,159.0,1.0,0.0,32.0,7.0,151.0,1733.0,45.0,76.0,258.0,483.0,156.0,2.0,39.0,96.0,57.0,167.0,111.0,380.0,174.0,13.0,133.0,45.0,42.0,722.0,2960.0,51.0,9.0,221.0,55.0,78.0,21.0,140.0,55.0,8.0,9.0,45.0,9.0,2.0,5.0,1.0,0.0,7.0,18.0,0.0,0.0,0.0,0.0,22.0,0.0,63.0,90.0,203.0,63.0,114.0,176.0,26.0,231.0,11.0,17.0,15.0,7.0,25.0,2.0,38.0,5.0,158.0,14.0,1.0,0.0,652.0,12.0,4.0,2.0,34.0,0.0,0.0,3.0,1.0,13.0,3.0,2.0,5.0,22.0,4.0,43.0,18.0,3.0,7.0,9.0,0.0,4.0,172.0,8.0,71.0,64.0,138.0,715.0,208.0,3.0,8.0,27.0,52.0,11.0,273.0,225.0,95.0,6.0,305.0,231.0,341.0,37.0,9.0,21.0,369.0,810.0,33.0,178.0,210.0,10.0,333.0,11.0,64.0,44.0,136.0,560.0,180.0,1.0,2.0,80.0,58.0,2.0,18.0,28.0,1.0,0.0,0.0,1.0,90.0,60.0,10.0,22.0,5.0,4.0,374.0,11.0,338.0,78.0,209.0,5.0,0.0,72.0,413.0,114.0,1.0,24.0,1896.0,557.0,2.0,2.0,1.0,1.0,0.0,286.0,1.0,1701.0,65.0,6.0,11.0,608.0,41.0,6.0,2.0,1.0,3.0,0.0,12.0,2.0,1.0,0.0,0.0,0.0,2.0,0.0,0.0,6.0,4.0,0.0,5.0,2.0,557.0,33.0,7.0,3.0,8.0,39.0,41.0,112.0,25.0,7.0,2.0,997.0,44.0,7.0,64.0,0.0,349.0,149.0,95.0,39.0,144.0,29.0,8.0,1.0,20.0,409.0,115.0,24.0,32.0,273.0,35.0,36.0,114.0,7356.0,16.0,156.0,40.0,1469.0,203.0,2.0,26.0,5.0,1358.0,584.0,156.0,1.0,231.0,1557.0,3.0,594.0,226.0,31.0,34.0,59.0,80.0,0.0,1.0,653.0,17.0,0.0,1.0,1.0,2.0,18.0,13.0,16.0,0.0,0.0,0.0,3.0,4.0,10.0,32.0,1.0,1.0,0.0,1.0,0.0,0.0,8.0,0.0,0.0,0.0,2.0,0.0,0.0,0.0,4.0,0.0,4.0,11.0,0.0,4.0,8.0,191.0,3.0,1272.0,8.0,4.0,0.0,3.0,5.0,182.0,0.0,77.0,64.0,6.0,111.0,0.0,0.0,0.0,87.0,1.0,0.0,1.0,1.0,0.0,0.0,0.0,1.0,34.0,1.0,0.0,0.0,0.0,0.0,0.0,0.0,0.0,0.0,0.0,0.0,0.0,6.0,0.0,0.0,0.0,1.0,0.0,0.0,2.0,0.0,0.0,0.0,0.0,1.0,0.0,1.0,0.0,0.0,0.0,1.0,0.0,0.0,0.0,0.0,0.0,0.0,0.0,1.0,0.0,0.0,0.0,0.0,0.0,0.0,0.0,0.0,0.0,0.0,0.0,1.0,0.0,0.0,0.0,0.0,0.0,0.0,0.0,0.0,0.0,1.0,0.0,0.0,1.0,0.0,0.0,0.0,0.0,0.0,0.0,1.0,5.0,6.0,777.0,4.0,43.0,317.0,196.0,14.0,58.0,6.0,0.0,3.0,2.0,27.0,0.0,2.0,32.0,0.0,0.0,21.0,11.0,26.0,8.0,15.0,2.0,0.0,5.0,3.0,2.0,4.0,4.0,1.0,77.0,3.0,1.0,61.0,0.0,26.0,40.0,2.0,10.0,1774.0,65.0,111.0,47.0,9.0,69.0,2.0,16.0,16.0,209.0
2001-04-01,35.0,5.0,0.0,5.0,0.0,15.0,19.0,1.0,0.0,0.0,0.0,73.0,5.0,2.0,0.0,0.0,2.0,0.0,4.0,1129.0,1.0,18.0,2.0,0.0,1.0,19.0,86.0,0.0,1.0,1.0,62.0,1432.0,0.0,3.0,0.0,7.0,174.0,33.0,4.0,25.0,107.0,8.0,27.0,6.0,1.0,379.0,1.0,6.0,15.0,64.0,63.0,4.0,0.0,0.0,164.0,0.0,31.0,30.0,14.0,41.0,51.0,187.0,30.0,27.0,3.0,134.0,31.0,3.0,2.0,3.0,1.0,42.0,19.0,12.0,41.0,35.0,47.0,157.0,8.0,20.0,42.0,136.0,19.0,4.0,21.0,226.0,21.0,1031.0,67.0,47.0,4.0,22.0,3.0,12.0,3.0,10.0,7.0,187.0,17.0,201.0,75.0,41.0,33.0,1.0,96.0,0.0,0.0,36.0,26.0,10.0,69.0,10.0,84.0,16.0,76.0,2628.0,105.0,30.0,48.0,23.0,35.0,71.0,119.0,0.0,1.0,96.0,0.0,0.0,10.0,6.0,66.0,679.0,123.0,105.0,98.0,372.0,141.0,2.0,125.0,87.0,61.0,336.0,138.0,361.0,193.0,17.0,167.0,84.0,50.0,614.0,2021.0,77.0,281.0,1043.0,87.0,98.0,133.0,213.0,207.0,101.0,20.0,606.0,6.0,112.0,0.0,2.0,3.0,13.0,50.0,2.0,2.0,1.0,2.0,10.0,0.0,91.0,117.0,241.0,91.0,260.0,104.0,63.0,507.0,52.0,11.0,49.0,0.0,37.0,10.0,40.0,6.0,292.0,33.0,56.0,8.0,226.0,1.0,5.0,1.0,0.0,0.0,0.0,6.0,0.0,29.0,22.0,2.0,9.0,48.0,12.0,34.0,11.0,0.0,2.0,3.0,0.0,11.0,268.0,6.0,100.0,25.0,36.0,298.0,283.0,5.0,4.0,38.0,41.0,26.0,171.0,397.0,140.0,5.0,290.0,232.0,316.0,48.0,16.0,31.0,135.0,801.0,29.0,48.0,459.0,8.0,369.0,25.0,111.0,25.0,125.0,577.0,311.0,0.0,0.0,93.0,70.0,6.0,68.0,12.0,0.0,15.0,2.0,6.0,20.0,18.0,13.0,17.0,1.0,6.0,546.0,30.0,53.0,69.0,287.0,7.0,5.0,143.0,413.0,321.0,0.0,114.0,2810.0,316.0,1.0,0.0,3.0,1.0,0.0,56.0,1.0,1441.0,72.0,1.0,26.0,608.0,210.0,45.0,0.0,0.0,1.0,2.0,40.0,4.0,2.0,0.0,1.0,0.0,0.0,3.0,0.0,0.0,7.0,0.0,4.0,0.0,176.0,21.0,17.0,2.0,3.0,45.0,25.0,100.0,36.0,8.0,2.0,863.0,102.0,9.0,177.0,9.0,467.0,89.0,185.0,88.0,42.0,31.0,11.0,3.0,106.0,767.0,275.0,123.0,77.0,161.0,18.0,69.0,460.0,13263.0,26.0,348.0,69.0,4240.0,267.0,6.0,58.0,5.0,554.0,416.0,413.0,3.0,416.0,2967.0,14.0,1008.0,270.0,129.0,76.0,84.0,89.0,0.0,1.0,182.0,21.0,2.0,1.0,1.0,1.0,53.0,27.0,67.0,0.0,0.0,0.0,16.0,0.0,14.0,159.0,2.0,1.0,0.0,0.0,0.0,0.0,9.0,0.0,0.0,0.0,1.0,0.0,0.0,0.0,91.0,0.0,13.0,27.0,0.0,6.0,7.0,257.0,4.0,6399.0,5.0,3.0,0.0,0.0,2.0,69.0,6.0,14.0,70.0,2.0,153.0,0.0,0.0,2.0,33.0,0.0,0.0,0.0,0.0,0.0,0.0,3.0,4.0,33.0,1.0,0.0,0.0,0.0,0.0,0.0,0.0,0.0,0.0,0.0,0.0,0.0,1.0,0.0,0.0,0.0,0.0,1.0,1.0,0.0,0.0,0.0,1.0,0.0,0.0,0.0,0.0,1.0,0.0,0.0,0.0,0.0,1.0,0.0,0.0,0.0,0.0,1.0,0.0,0.0,0.0,1.0,0.0,0.0,0.0,0.0,0.0,0.0,0.0,0.0,0.0,0.0,0.0,0.0,1.0,0.0,0.0,0.0,0.0,0.0,3.0,0.0,0.0,0.0,0.0,0.0,0.0,0.0,0.0,0.0,5.0,5.0,14.0,2617.0,35.0,23.0,136.0,106.0,60.0,154.0,3.0,1.0,1.0,3.0,21.0,0.0,13.0,16.0,0.0,0.0,47.0,7.0,24.0,13.0,40.0,0.0,0.0,5.0,1.0,2.0,2.0,4.0,1.0,6.0,2.0,2.0,44.0,0.0,7.0,18.0,3.0,6.0,1310.0,87.0,83.0,44.0,14.0,50.0,2.0,8.0,22.0,190.0
2001-05-01,62.0,2.0,0.0,11.0,1.0,7.0,25.0,1.0,0.0,0.0,0.0,35.0,1.0,0.0,0.0,0.0,0.0,0.0,6.0,696.0,3.0,9.0,0.0,0.0,1.0,19.0,111.0,3.0,1.0,0.0,30.0,614.0,0.0,0.0,0.0,1.0,83.0,12.0,3.0,19.0,55.0,5.0,29.0,2.0,2.0,127.0,0.0,1.0,5.0,25.0,73.0,21.0,1.0,0.0,544.0,1.0,9.0,69.0,8.0,17.0,88.0,176.0,23.0,15.0,0.0,107.0,52.0,6.0,1.0,4.0,3.0,24.0,31.0,32.0,42.0,52.0,49.0,182.0,31.0,9.0,7.0,112.0,14.0,16.0,28.0,175.0,34.0,930.0,83.0,52.0,9.0,8.0,3.0,10.0,5.0,13.0,32.0,331.0,2.0,212.0,57.0,42.0,32.0,5.0,230.0,1.0,0.0,54.0,20.0,11.0,59.0,4.0,61.0,16.0,55.0,4462.0,143.0,40.0,38.0,28.0,76.0,80.0,166.0,0.0,0.0,51.0,0.0,0.0,13.0,1.0,3.0,374.0,74.0,77.0,81.0,209.0,73.0,12.0,169.0,67.0,34.0,136.0,57.0,224.0,379.0,37.0,179.0,235.0,61.0,625.0,3784.0,231.0,509.0,956.0,351.0,274.0,516.0,189.0,303.0,68.0,37.0,329.0,26.0,389.0,0.0,15.0,44.0,13.0,585.0,1.0,0.0,9.0,6.0,57.0,2.0,40.0,34.0,262.0,104.0,160.0,116.0,49.0,390.0,144.0,35.0,70.0,18.0,72.0,3.0,106.0,5.0,459.0,36.0,188.0,30.0,6.0,3.0,0.0,0.0,5.0,0.0,0.0,6.0,1.0,39.0,29.0,3.0,1.0,19.0,14.0,54.0,4.0,2.0,9.0,5.0,5.0,47.0,501.0,21.0,111.0,17.0,23.0,83.0,212.0,7.0,2.0,35.0,58.0,14.0,58.0,283.0,237.0,0.0,82.0,281.0,277.0,108.0,12.0,73.0,121.0,753.0,51.0,15.0,354.0,7.0,115.0,10.0,58.0,128.0,39.0,584.0,481.0,2.0,0.0,140.0,68.0,1.0,44.0,36.0,0.0,0.0,0.0,6.0,5.0,5.0,15.0,0.0,0.0,6.0,372.0,17.0,66.0,64.0,39.0,4.0,9.0,58.0,147.0,227.0,0.0,97.0,1914.0,159.0,0.0,1.0,3.0,0.0,0.0,26.0,0.0,457.0,57.0,8.0,10.0,290.0,100.0,38.0,1.0,1.0,1.0,0.0,24.0,1.0,0.0,0.0,0.0,0.0,0.0,3.0,0.0,1.0,10.0,0.0,1.0,1.0,20.0,8.0,29.0,2.0,3.0,44.0,31.0,46.0,27.0,8.0,6.0,667.0,139.0,4.0,85.0,21.0,354.0,33.0,105.0,85.0,11.0,57.0,4.0,3.0,68.0,608.0,295.0,180.0,221.0,54.0,14.0,52.0,396.0,11315.0,37.0,167.0,30.0,3159.0,78.0,9.0,64.0,8.0,248.0,152.0,365.0,2.0,142.0,1648.0,0.0,580.0,121.0,81.0,56.0,39.0,9.0,0.0,2.0,72.0,15.0,0.0,0.0,0.0,5.0,15.0,7.0,29.0,0.0,0.0,0.0,2.0,1.0,4.0,12.0,0.0,0.0,0.0,1.0,0.0,2.0,8.0,0.0,0.0,0.0,0.0,2.0,0.0,0.0,488.0,1.0,14.0,34.0,0.0,3.0,4.0,125.0,1.0,10031.0,3.0,2.0,1.0,0.0,0.0,37.0,4.0,0.0,26.0,2.0,35.0,0.0,0.0,0.0,9.0,0.0,0.0,0.0,0.0,0.0,1.0,1.0,2.0,18.0,0.0,0.0,0.0,0.0,0.0,0.0,0.0,0.0,0.0,0.0,0.0,0.0,2.0,0.0,0.0,1.0,0.0,0.0,0.0,0.0,0.0,0.0,1.0,0.0,0.0,0.0,0.0,0.0,0.0,1.0,1.0,0.0,0.0,0.0,1.0,0.0,0.0,0.0,0.0,0.0,0.0,0.0,0.0,0.0,0.0,0.0,0.0,0.0,0.0,0.0,0.0,0.0,0.0,0.0,0.0,2.0,0.0,0.0,0.0,0.0,4.0,0.0,0.0,0.0,0.0,0.0,0.0,0.0,0.0,0.0,1.0,4.0,24.0,2133.0,15.0,22.0,81.0,23.0,39.0,65.0,5.0,1.0,0.0,0.0,14.0,0.0,16.0,9.0,0.0,2.0,42.0,1.0,32.0,10.0,22.0,2.0,0.0,10.0,28.0,7.0,7.0,1.0,7.0,0.0,3.0,0.0,34.0,1.0,6.0,29.0,0.0,1.0,757.0,7.0,80.0,16.0,1.0,32.0,1.0,14.0,23.0,173.0
2001-06-01,35.0,1.0,0.0,0.0,0.0,2.0,13.0,0.0,0.0,0.0,4.0,27.0,1.0,0.0,0.0,0.0,2.0,0.0,1.0,309.0,2.0,0.0,4.0,0.0,0.0,7.0,95.0,2.0,5.0,1.0,17.0,113.0,0.0,0.0,0.0,0.0,33.0,4.0,0.0,16.0,14.0,2.0,5.0,0.0,0.0,118.0,3.0,0.0,5.0,14.0,57.0,25.0,0.0,0.0,417.0,0.0,0.0,43.0,3.0,5.0,46.0,83.0,7.0,5.0,1.0,50.0,19.0,2.0,0.0,0.0,2.0,6.0,7.0,9.0,28.0,38.0,56.0,78.0,32.0,25.0,2.0,27.0,8.0,10.0,22.0,134.0,27.0,865.0,79.0,39.0,23.0,1.0,38.0,8.0,0.0,6.0,15.0,169.0,3.0,139.0,62.0,30.0,6.0,0.0,93.0,2.0,0.0,60.0,9.0,7.0,60.0,6.0,38.0,8.0,40.0,3211.0,77.0,145.0,40.0,38.0,54.0,97.0,150.0,2.0,1.0,55.0,0.0,0.0,35.0,0.0,3.0,27.0,15.0,11.0,51.0,108.0,30.0,0.0,168.0,7.0,12.0,38.0,28.0,45.0,375.0,22.0,77.0,186.0,65.0,351.0,2984.0,231.0,294.0,219.0,99.0,89.0,103.0,58.0,151.0,37.0,23.0,159.0,12.0,148.0,3.0,30.0,21.0,13.0,531.0,6.0,9.0,10.0,13.0,94.0,2.0,37.0,7.0,68.0,126.0,76.0,43.0,31.0,174.0,160.0,21.0,16.0,12.0,15.0,4.0,137.0,3.0,473.0,34.0,55.0,3.0,3.0,5.0,4.0,7.0,0.0,0.0,3.0,8.0,0.0,42.0,5.0,6.0,7.0,19.0,8.0,64.0,1.0,6.0,9.0,3.0,2.0,58.0,254.0,21.0,78.0,54.0,9.0,18.0,42.0,10.0,13.0,42.0,12.0,5.0,12.0,56.0,132.0,2.0,36.0,139.0,120.0,30.0,8.0,41.0,37.0,335.0,45.0,11.0,138.0,1.0,45.0,5.0,36.0,84.0,7.0,236.0,209.0,0.0,0.0,52.0,12.0,1.0,1.0,12.0,0.0,0.0,0.0,1.0,0.0,0.0,3.0,0.0,0.0,1.0,126.0,1.0,16.0,9.0,8.0,1.0,9.0,21.0,38.0,107.0,0.0,57.0,399.0,11.0,0.0,0.0,0.0,3.0,0.0,20.0,0.0,149.0,18.0,0.0,3.0,60.0,4.0,0.0,1.0,0.0,1.0,0.0,1.0,1.0,0.0,0.0,0.0,0.0,0.0,1.0,0.0,1.0,6.0,0.0,3.0,0.0,3.0,1.0,27.0,0.0,1.0,122.0,27.0,32.0,13.0,6.0,5.0,289.0,89.0,1.0,44.0,15.0,113.0,15.0,37.0,61.0,4.0,37.0,0.0,2.0,29.0,256.0,80.0,66.0,163.0,16.0,1.0,6.0,65.0,4997.0,10.0,31.0,8.0,657.0,12.0,2.0,10.0,2.0,19.0,49.0,69.0,3.0,37.0,382.0,1.0,88.0,53.0,16.0,8.0,16.0,2.0,0.0,1.0,17.0,2.0,0.0,2.0,0.0,6.0,2.0,4.0,8.0,0.0,0.0,0.0,0.0,0.0,2.0,2.0,0.0,1.0,0.0,1.0,0.0,0.0,0.0,0.0,1.0,0.0,0.0,1.0,0.0,0.0,222.0,2.0,5.0,7.0,0.0,0.0,3.0,42.0,0.0,4026.0,0.0,0.0,0.0,0.0,0.0,4.0,1.0,2.0,2.0,0.0,4.0,0.0,0.0,0.0,0.0,0.0,0.0,0.0,0.0,0.0,0.0,0.0,0.0,7.0,0.0,0.0,0.0,0.0,0.0,0.0,0.0,0.0,0.0,0.0,0.0,0.0,2.0,0.0,0.0,0.0,0.0,0.0,0.0,0.0,0.0,0.0,1.0,0.0,0.0,0.0,0.0,2.0,0.0,0.0,2.0,0.0,0.0,0.0,0.0,0.0,0.0,0.0,0.0,0.0,0.0,2.0,0.0,0.0,0.0,0.0,0.0,0.0,0.0,0.0,1.0,0.0,0.0,0.0,0.0,0.0,0.0,0.0,0.0,0.0,1.0,1.0,0.0,0.0,0.0,0.0,0.0,0.0,0.0,0.0,0.0,1.0,7.0,189.0,0.0,1.0,14.0,0.0,7.0,19.0,0.0,0.0,0.0,3.0,11.0,0.0,7.0,4.0,0.0,0.0,20.0,2.0,22.0,4.0,13.0,0.0,0.0,1.0,0.0,3.0,4.0,1.0,1.0,5.0,0.0,2.0,15.0,0.0,3.0,10.0,0.0,2.0,385.0,1.0,36.0,7.0,4.0,9.0,4.0,4.0,1.0,92.0
2001-07-01,11.0,0.0,0.0,1.0,0.0,1.0,13.0,0.0,0.0,0.0,0.0,5.0,2.0,0.0,0.0,0.0,0.0,0.0,0.0,121.0,0.0,3.0,2.0,0.0,0.0,0.0,155.0,0.0,5.0,0.0,7.0,20.0,0.0,0.0,0.0,2.0,28.0,2.0,0.0,17.0,13.0,0.0,4.0,0.0,0.0,26.0,2.0,2.0,5.0,15.0,48.0,19.0,0.0,0.0,461.0,0.0,3.0,15.0,1.0,1.0,18.0,29.0,3.0,3.0,0.0,35.0,6.0,3.0,0.0,2.0,0.0,2.0,8.0,7.0,30.0,11.0,48.0,33.0,11.0,2.0,7.0,17.0,1.0,15.0,1.0,197.0,7.0,276.0,52.0,55.0,13.0,0.0,6.0,16.0,0.0,4.0,1.0,110.0,0.0,42.0,91.0,11.0,6.0,0.0,41.0,2.0,0.0,43.0,8.0,4.0,37.0,1.0,27.0,3.0,37.0,1458.0,26.0,104.0,18.0,71.0,22.0,38.0,201.0,2.0,0.0,39.0,0.0,0.0,4.0,0.0,0.0,15.0,3.0,9.0,38.0,51.0,40.0,26.0,28.0,21.0,14.0,29.0,33.0,22.0,162.0,19.0,69.0,156.0,122.0,368.0,2362.0,247.0,262.0,23.0,69.0,70.0,65.0,46.0,87.0,84.0,65.0,56.0,16.0,63.0,1.0,15.0,36.0,18.0,285.0,3.0,1.0,11.0,6.0,94.0,2.0,21.0,2.0,45.0,63.0,13.0,15.0,19.0,111.0,61.0,23.0,7.0,16.0,39.0,13.0,97.0,28.0,588.0,31.0,24.0,2.0,1.0,3.0,0.0,1.0,3.0,0.0,0.0,15.0,0.0,33.0,4.0,18.0,2.0,9.0,4.0,41.0,14.0,3.0,7.0,2.0,8.0,35.0,138.0,6.0,46.0,45.0,0.0,8.0,25.0,6.0,1.0,3.0,11.0,4.0,9.0,29.0,74.0,0.0,14.0,80.0,34.0,13.0,5.0,23.0,19.0,206.0,31.0,2.0,88.0,1.0,43.0,3.0,33.0,52.0,12.0,160.0,50.0,1.0,0.0,8.0,2.0,0.0,3.0,9.0,0.0,0.0,0.0,2.0,0.0,0.0,11.0,0.0,0.0,0.0,54.0,0.0,5.0,2.0,4.0,1.0,7.0,14.0,10.0,30.0,0.0,16.0,78.0,3.0,0.0,1.0,0.0,0.0,1.0,16.0,0.0,101.0,3.0,3.0,1.0,13.0,7.0,0.0,0.0,0.0,0.0,0.0,0.0,0.0,2.0,0.0,0.0,0.0,0.0,0.0,0.0,0.0,0.0,2.0,1.0,0.0,0.0,1.0,24.0,0.0,4.0,155.0,6.0,13.0,14.0,3.0,3.0,165.0,14.0,3.0,51.0,9.0,62.0,11.0,25.0,25.0,1.0,18.0,1.0,1.0,11.0,99.0,23.0,15.0,56.0,8.0,2.0,5.0,11.0,1644.0,3.0,4.0,4.0,95.0,0.0,0.0,11.0,0.0,2.0,13.0,12.0,0.0,4.0,77.0,1.0,9.0,7.0,6.0,0.0,4.0,0.0,0.0,0.0,9.0,2.0,0.0,1.0,0.0,3.0,0.0,0.0,0.0,0.0,0.0,0.0,1.0,0.0,0.0,0.0,0.0,0.0,0.0,0.0,0.0,0.0,3.0,0.0,0.0,0.0,0.0,3.0,0.0,0.0,29.0,1.0,2.0,7.0,0.0,0.0,1.0,25.0,1.0,653.0,0.0,0.0,0.0,0.0,0.0,0.0,0.0,0.0,7.0,0.0,6.0,0.0,0.0,0.0,1.0,0.0,0.0,0.0,0.0,0.0,0.0,0.0,0.0,2.0,0.0,0.0,0.0,0.0,0.0,0.0,0.0,1.0,0.0,0.0,0.0,0.0,0.0,0.0,0.0,0.0,0.0,0.0,0.0,0.0,0.0,0.0,0.0,0.0,0.0,0.0,0.0,0.0,0.0,0.0,0.0,0.0,0.0,1.0,0.0,0.0,0.0,0.0,0.0,0.0,0.0,0.0,0.0,0.0,0.0,0.0,0.0,0.0,0.0,0.0,0.0,0.0,0.0,0.0,0.0,2.0,0.0,0.0,0.0,0.0,2.0,0.0,0.0,0.0,0.0,0.0,0.0,0.0,0.0,0.0,0.0,2.0,1.0,29.0,0.0,1.0,7.0,0.0,2.0,12.0,3.0,2.0,0.0,1.0,3.0,0.0,5.0,2.0,0.0,0.0,11.0,1.0,4.0,0.0,17.0,0.0,0.0,0.0,3.0,2.0,3.0,0.0,2.0,4.0,0.0,0.0,5.0,0.0,3.0,6.0,0.0,3.0,192.0,1.0,32.0,8.0,5.0,4.0,0.0,4.0,0.0,76.0
2001-08-01,8.0,0.0,0.0,3.0,1.0,0.0,7.0,1.0,0.0,0.0,0.0,8.0,0.0,0.0,0.0,0.0,0.0,0.0,0.0,51.0,0.0,4.0,0.0,0.0,0.0,0.0,248.0,1.0,7.0,1.0,1.0,10.0,0.0,0.0,1.0,0.0,31.0,2.0,2.0,7.0,21.0,0.0,7.0,1.0,0.0,2.0,4.0,9.0,3.0,18.0,16.0,13.0,0.0,1.0,730.0,0.0,3.0,17.0,2.0,1.0,8.0,25.0,4.0,0.0,1.0,29.0,14.0,2.0,3.0,4.0,0.0,0.0,2.0,5.0,38.0,6.0,21.0,19.0,9.0,0.0,2.0,6.0,1.0,2.0,0.0,167.0,16.0,219.0,37.0,31.0,2.0,0.0,0.0,27.0,1.0,3.0,2.0,62.0,1.0,19.0,93.0,8.0,14.0,2.0,50.0,0.0,0.0,29.0,1.0,1.0,15.0,0.0,27.0,4.0,13.0,625.0,21.0,287.0,14.0,79.0,27.0,20.0,242.0,1.0,0.0,14.0,0.0,0.0,9.0,0.0,0.0,19.0,6.0,14.0,8.0,13.0,28.0,28.0,77.0,80.0,23.0,25.0,26.0,17.0,83.0,12.0,42.0,57.0,35.0,265.0,1276.0,145.0,271.0,12.0,59.0,21.0,29.0,29.0,70.0,19.0,39.0,22.0,3.0,51.0,0.0,28.0,60.0,3.0,184.0,8.0,0.0,6.0,11.0,90.0,7.0,1.0,0.0,26.0,38.0,5.0,11.0,13.0,106.0,47.0,39.0,11.0,16.0,69.0,29.0,43.0,5.0,356.0,26.0,0.0,0.0,0.0,0.0,1.0,3.0,5.0,1.0,1.0,4.0,1.0,49.0,2.0,17.0,0.0,11.0,5.0,17.0,14.0,0.0,17.0,0.0,4.0,15.0,79.0,3.0,43.0,57.0,1.0,9.0,3.0,6.0,2.0,2.0,15.0,0.0,8.0,28.0,49.0,0.0,24.0,52.0,14.0,13.0,0.0,17.0,12.0,118.0,8.0,9.0,26.0,0.0,19.0,7.0,10.0,41.0,5.0,62.0,21.0,0.0,0.0,5.0,0.0,0.0,0.0,3.0,0.0,0.0,0.0,0.0,0.0,0.0,5.0,0.0,0.0,1.0,11.0,0.0,3.0,1.0,0.0,0.0,3.0,3.0,12.0,16.0,0.0,8.0,26.0,0.0,0.0,0.0,0.0,0.0,0.0,18.0,0.0,26.0,0.0,0.0,6.0,8.0,3.0,0.0,0.0,0.0,0.0,0.0,0.0,0.0,0.0,0.0,0.0,0.0,0.0,0.0,0.0,0.0,1.0,0.0,0.0,0.0,0.0,0.0,5.0,0.0,0.0,43.0,3.0,14.0,12.0,2.0,0.0,69.0,9.0,0.0,18.0,5.0,12.0,5.0,12.0,11.0,0.0,1.0,0.0,0.0,2.0,20.0,5.0,6.0,20.0,3.0,0.0,1.0,13.0,630.0,0.0,5.0,5.0,48.0,0.0,0.0,4.0,0.0,0.0,5.0,5.0,0.0,0.0,9.0,0.0,15.0,6.0,3.0,2.0,7.0,0.0,0.0,0.0,2.0,2.0,0.0,0.0,0.0,2.0,0.0,0.0,0.0,0.0,0.0,0.0,0.0,0.0,0.0,0.0,0.0,0.0,0.0,0.0,0.0,0.0,2.0,0.0,0.0,0.0,0.0,0.0,0.0,0.0,11.0,0.0,0.0,5.0,0.0,0.0,2.0,14.0,1.0,178.0,0.0,0.0,0.0,0.0,0.0,0.0,0.0,0.0,0.0,0.0,11.0,0.0,0.0,1.0,0.0,0.0,0.0,0.0,0.0,0.0,0.0,0.0,0.0,7.0,0.0,0.0,0.0,0.0,0.0,0.0,0.0,0.0,0.0,0.0,0.0,0.0,2.0,0.0,0.0,0.0,0.0,0.0,0.0,0.0,0.0,0.0,0.0,0.0,0.0,0.0,0.0,0.0,0.0,0.0,0.0,0.0,0.0,0.0,0.0,0.0,0.0,1.0,0.0,0.0,0.0,0.0,0.0,0.0,0.0,0.0,0.0,0.0,0.0,0.0,0.0,0.0,0.0,0.0,0.0,0.0,0.0,0.0,0.0,0.0,1.0,0.0,0.0,1.0,2.0,0.0,0.0,0.0,0.0,0.0,0.0,0.0,3.0,24.0,0.0,1.0,2.0,0.0,2.0,10.0,0.0,5.0,0.0,0.0,1.0,1.0,3.0,3.0,0.0,3.0,11.0,2.0,4.0,4.0,11.0,0.0,0.0,4.0,3.0,1.0,4.0,1.0,0.0,0.0,1.0,1.0,5.0,0.0,2.0,4.0,0.0,2.0,117.0,0.0,7.0,6.0,0.0,0.0,0.0,1.0,0.0,32.0
2001-09-01,1.0,0.0,0.0,1.0,0.0,0.0,9.0,0.0,0.0,0.0,0.0,8.0,0.0,0.0,0.0,0.0,2.0,0.0,0.0,38.0,0.0,4.0,1.0,0.0,0.0,6.0,357.0,0.0,17.0,2.0,2.0,50.0,0.0,0.0,0.0,0.0,59.0,26.0,1.0,11.0,21.0,0.0,3.0,0.0,0.0,6.0,4.0,8.0,2.0,6.0,46.0,6.0,0.0,0.0,434.0,2.0,2.0,3.0,1.0,4.0,7.0,17.0,2.0,0.0,0.0,26.0,3.0,0.0,1.0,3.0,0.0,0.0,0.0,6.0,2.0,3.0,5.0,10.0,18.0,1.0,1.0,12.0,2.0,1.0,1.0,90.0,8.0,92.0,7.0,28.0,0.0,0.0,3.0,6.0,1.0,2.0,2.0,4.0,3.0,20.0,66.0,3.0,12.0,1.0,41.0,1.0,0.0,14.0,1.0,1.0,12.0,17.0,10.0,3.0,1.0,213.0,6.0,292.0,15.0,17.0,88.0,15.0,249.0,0.0,0.0,92.0,0.0,0.0,0.0,0.0,0.0,10.0,15.0,3.0,0.0,28.0,13.0,5.0,63.0,70.0,3.0,18.0,6.0,13.0,23.0,5.0,54.0,39.0,26.0,95.0,571.0,63.0,138.0,2.0,17.0,35.0,17.0,7.0,34.0,17.0,24.0,35.0,4.0,26.0,4.0,6.0,54.0,7.0,100.0,38.0,0.0,6.0,6.0,65.0,11.0,2.0,0.0,11.0,32.0,4.0,5.0,1.0,58.0,25.0,24.0,12.0,18.0,37.0,8.0,47.0,3.0,193.0,19.0,0.0,3.0,0.0,0.0,7.0,4.0,2.0,0.0,1.0,9.0,0.0,44.0,2.0,7.0,0.0,14.0,0.0,6.0,10.0,7.0,5.0,2.0,2.0,8.0,30.0,2.0,10.0,1.0,6.0,0.0,1.0,15.0,1.0,0.0,25.0,0.0,9.0,18.0,64.0,0.0,11.0,62.0,17.0,33.0,1.0,8.0,17.0,127.0,2.0,13.0,27.0,0.0,12.0,1.0,18.0,24.0,6.0,51.0,12.0,0.0,0.0,1.0,0.0,0.0,2.0,10.0,0.0,0.0,0.0,1.0,0.0,1.0,0.0,0.0,0.0,1.0,26.0,0.0,2.0,1.0,1.0,0.0,6.0,10.0,6.0,9.0,0.0,4.0,39.0,4.0,0.0,1.0,0.0,0.0,0.0,31.0,0.0,19.0,3.0,0.0,4.0,6.0,2.0,0.0,0.0,0.0,0.0,0.0,0.0,1.0,0.0,0.0,0.0,0.0,0.0,0.0,0.0,0.0,1.0,0.0,1.0,0.0,0.0,0.0,3.0,0.0,0.0,21.0,3.0,3.0,7.0,0.0,0.0,51.0,4.0,3.0,8.0,4.0,2.0,0.0,1.0,10.0,0.0,2.0,0.0,0.0,4.0,4.0,2.0,4.0,11.0,1.0,0.0,0.0,0.0,373.0,0.0,2.0,6.0,41.0,2.0,2.0,2.0,0.0,1.0,7.0,5.0,0.0,2.0,7.0,0.0,7.0,7.0,1.0,0.0,6.0,0.0,1.0,0.0,2.0,4.0,0.0,0.0,0.0,2.0,0.0,0.0,1.0,0.0,0.0,0.0,0.0,0.0,0.0,1.0,0.0,0.0,0.0,0.0,0.0,0.0,1.0,0.0,0.0,0.0,1.0,1.0,0.0,0.0,6.0,0.0,0.0,2.0,2.0,1.0,2.0,3.0,0.0,65.0,0.0,0.0,0.0,0.0,0.0,1.0,1.0,0.0,1.0,0.0,3.0,0.0,1.0,1.0,0.0,0.0,1.0,0.0,0.0,0.0,0.0,0.0,0.0,2.0,0.0,0.0,0.0,0.0,0.0,0.0,0.0,0.0,0.0,0.0,1.0,0.0,0.0,0.0,0.0,0.0,0.0,0.0,0.0,0.0,0.0,0.0,0.0,0.0,0.0,0.0,0.0,0.0,0.0,0.0,0.0,0.0,0.0,1.0,0.0,0.0,0.0,0.0,0.0,0.0,0.0,0.0,0.0,0.0,0.0,0.0,0.0,0.0,0.0,0.0,0.0,0.0,0.0,0.0,0.0,0.0,0.0,0.0,0.0,0.0,1.0,0.0,0.0,0.0,0.0,0.0,0.0,0.0,0.0,0.0,0.0,0.0,2.0,20.0,0.0,1.0,0.0,0.0,8.0,10.0,0.0,0.0,0.0,1.0,0.0,0.0,0.0,1.0,0.0,2.0,2.0,1.0,0.0,11.0,17.0,5.0,0.0,3.0,0.0,0.0,14.0,1.0,0.0,0.0,1.0,2.0,5.0,0.0,1.0,2.0,3.0,4.0,183.0,0.0,6.0,2.0,3.0,3.0,0.0,2.0,1.0,21.0
2001-10-01,3.0,0.0,0.0,4.0,0.0,0.0,24.0,1.0,0.0,0.0,0.0,21.0,1.0,0.0,0.0,0.0,0.0,0.0,0.0,30.0,0.0,1.0,0.0,0.0,0.0,0.0,600.0,3.0,32.0,1.0,0.0,94.0,0.0,0.0,0.0,0.0,36.0,61.0,2.0,24.0,20.0,0.0,4.0,1.0,0.0,6.0,27.0,3.0,11.0,42.0,107.0,0.0,1.0,0.0,233.0,0.0,4.0,8.0,3.0,26.0,26.0,22.0,8.0,4.0,0.0,11.0,3.0,0.0,1.0,0.0,0.0,0.0,4.0,5.0,17.0,8.0,12.0,11.0,4.0,0.0,1.0,26.0,3.0,14.0,5.0,69.0,6.0,78.0,20.0,31.0,2.0,0.0,0.0,2.0,0.0,0.0,0.0,3.0,0.0,15.0,47.0,1.0,3.0,0.0,40.0,0.0,0.0,14.0,3.0,0.0,5.0,0.0,9.0,1.0,0.0,119.0,1.0,784.0,13.0,89.0,60.0,11.0,135.0,1.0,12.0,245.0,0.0,0.0,0.0,0.0,1.0,10.0,7.0,1.0,0.0,36.0,12.0,5.0,69.0,44.0,3.0,12.0,27.0,72.0,8.0,5.0,45.0,33.0,36.0,54.0,377.0,46.0,73.0,1.0,17.0,27.0,23.0,4.0,16.0,9.0,10.0,40.0,1.0,19.0,2.0,7.0,54.0,9.0,52.0,21.0,2.0,1.0,6.0,31.0,9.0,1.0,0.0,10.0,60.0,3.0,0.0,3.0,30.0,35.0,36.0,1.0,4.0,24.0,19.0,40.0,0.0,222.0,26.0,0.0,0.0,2.0,5.0,2.0,0.0,4.0,2.0,0.0,2.0,6.0,36.0,9.0,0.0,0.0,24.0,2.0,7.0,13.0,2.0,27.0,0.0,3.0,3.0,16.0,11.0,8.0,4.0,3.0,0.0,2.0,55.0,0.0,23.0,9.0,0.0,15.0,13.0,66.0,2.0,10.0,42.0,9.0,11.0,3.0,3.0,8.0,107.0,19.0,35.0,6.0,1.0,5.0,7.0,18.0,8.0,6.0,57.0,9.0,1.0,0.0,4.0,1.0,0.0,0.0,4.0,0.0,0.0,0.0,0.0,0.0,0.0,0.0,0.0,0.0,1.0,11.0,3.0,2.0,4.0,4.0,0.0,6.0,6.0,11.0,10.0,0.0,6.0,38.0,5.0,1.0,0.0,0.0,0.0,0.0,52.0,0.0,20.0,2.0,0.0,0.0,9.0,2.0,0.0,1.0,0.0,0.0,0.0,0.0,5.0,0.0,0.0,0.0,0.0,0.0,1.0,0.0,0.0,0.0,0.0,1.0,0.0,1.0,0.0,4.0,0.0,1.0,22.0,0.0,2.0,3.0,2.0,1.0,52.0,9.0,4.0,2.0,3.0,5.0,3.0,2.0,12.0,2.0,1.0,1.0,0.0,2.0,4.0,3.0,8.0,10.0,2.0,0.0,0.0,1.0,565.0,2.0,4.0,0.0,18.0,0.0,0.0,1.0,0.0,1.0,5.0,0.0,0.0,1.0,5.0,0.0,1.0,8.0,9.0,1.0,3.0,0.0,0.0,0.0,15.0,2.0,0.0,0.0,0.0,4.0,0.0,0.0,1.0,0.0,0.0,0.0,0.0,0.0,0.0,7.0,0.0,0.0,0.0,0.0,0.0,0.0,1.0,0.0,0.0,0.0,0.0,0.0,0.0,0.0,4.0,1.0,0.0,4.0,0.0,0.0,0.0,3.0,0.0,75.0,1.0,0.0,0.0,0.0,0.0,0.0,0.0,0.0,5.0,0.0,6.0,0.0,0.0,0.0,0.0,0.0,0.0,0.0,0.0,0.0,0.0,0.0,0.0,1.0,0.0,0.0,0.0,0.0,0.0,0.0,0.0,0.0,0.0,0.0,0.0,0.0,0.0,0.0,0.0,0.0,0.0,1.0,0.0,0.0,0.0,0.0,0.0,0.0,0.0,0.0,0.0,1.0,0.0,0.0,1.0,0.0,0.0,0.0,0.0,0.0,0.0,0.0,0.0,0.0,0.0,0.0,1.0,0.0,0.0,0.0,0.0,0.0,0.0,0.0,0.0,0.0,0.0,0.0,0.0,0.0,0.0,0.0,0.0,0.0,1.0,0.0,0.0,0.0,0.0,0.0,0.0,0.0,0.0,0.0,0.0,0.0,2.0,78.0,0.0,0.0,1.0,0.0,7.0,7.0,0.0,0.0,0.0,1.0,0.0,0.0,1.0,12.0,0.0,78.0,17.0,3.0,5.0,9.0,29.0,73.0,0.0,12.0,5.0,0.0,16.0,0.0,1.0,1.0,5.0,22.0,23.0,0.0,2.0,7.0,0.0,3.0,246.0,9.0,20.0,6.0,1.0,1.0,2.0,2.0,3.0,32.0
2001-11-01,11.0,0.0,1.0,29.0,1.0,6.0,48.0,8.0,0.0,0.0,1.0,169.0,2.0,0.0,0.0,0.0,0.0,0.0,0.0,44.0,0.0,0.0,0.0,0.0,0.0,0.0,438.0,4.0,21.0,2.0,6.0,138.0,0.0,0.0,1.0,0.0,110.0,58.0,3.0,2.0,72.0,0.0,3.0,0.0,0.0,11.0,19.0,5.0,69.0,140.0,123.0,4.0,0.0,0.0,85.0,0.0,30.0,45.0,7.0,153.0,185.0,140.0,16.0,8.0,2.0,4.0,3.0,3.0,5.0,0.0,4.0,4.0,6.0,0.0,10.0,3.0,1.0,14.0,4.0,1.0,7.0,27.0,17.0,14.0,1.0,20.0,17.0,92.0,4.0,27.0,0.0,0.0,0.0,7.0,2.0,0.0,0.0,0.0,0.0,31.0,31.0,1.0,5.0,1.0,16.0,1.0,0.0,5.0,3.0,1.0,3.0,1.0,16.0,2.0,4.0,143.0,4.0,444.0,12.0,89.0,83.0,21.0,62.0,0.0,0.0,236.0,0.0,0.0,0.0,0.0,1.0,17.0,8.0,0.0,0.0,6.0,9.0,29.0,23.0,7.0,1.0,24.0,16.0,188.0,30.0,3.0,36.0,16.0,13.0,42.0,185.0,27.0,72.0,24.0,20.0,15.0,28.0,11.0,8.0,19.0,11.0,86.0,0.0,16.0,1.0,5.0,32.0,3.0,35.0,4.0,0.0,18.0,4.0,10.0,10.0,2.0,0.0,9.0,18.0,5.0,5.0,6.0,35.0,27.0,34.0,7.0,4.0,69.0,44.0,19.0,1.0,327.0,49.0,0.0,0.0,1.0,0.0,0.0,1.0,4.0,6.0,0.0,9.0,0.0,26.0,2.0,0.0,0.0,11.0,10.0,6.0,6.0,0.0,10.0,0.0,1.0,5.0,16.0,9.0,21.0,2.0,66.0,0.0,2.0,27.0,0.0,27.0,13.0,1.0,92.0,9.0,72.0,0.0,10.0,33.0,3.0,5.0,1.0,1.0,8.0,113.0,15.0,71.0,36.0,1.0,20.0,5.0,36.0,8.0,4.0,53.0,10.0,0.0,0.0,6.0,2.0,0.0,0.0,9.0,0.0,4.0,0.0,0.0,1.0,1.0,0.0,0.0,0.0,0.0,22.0,0.0,0.0,14.0,7.0,1.0,6.0,2.0,5.0,30.0,0.0,23.0,46.0,1.0,0.0,0.0,0.0,0.0,0.0,478.0,0.0,36.0,12.0,1.0,0.0,16.0,0.0,0.0,0.0,0.0,0.0,0.0,0.0,1.0,0.0,0.0,0.0,0.0,0.0,0.0,1.0,0.0,0.0,1.0,0.0,0.0,3.0,0.0,2.0,0.0,0.0,18.0,1.0,4.0,3.0,3.0,1.0,86.0,4.0,5.0,5.0,13.0,18.0,35.0,0.0,4.0,4.0,0.0,1.0,0.0,2.0,5.0,9.0,22.0,22.0,5.0,1.0,1.0,3.0,710.0,2.0,5.0,5.0,15.0,1.0,0.0,0.0,3.0,2.0,3.0,0.0,0.0,3.0,3.0,1.0,1.0,4.0,9.0,0.0,2.0,0.0,0.0,0.0,18.0,1.0,0.0,0.0,0.0,0.0,0.0,0.0,2.0,0.0,0.0,0.0,1.0,0.0,0.0,2.0,0.0,0.0,0.0,0.0,1.0,0.0,2.0,0.0,0.0,0.0,0.0,0.0,0.0,0.0,10.0,0.0,0.0,0.0,0.0,0.0,1.0,4.0,2.0,52.0,0.0,2.0,0.0,0.0,0.0,2.0,0.0,0.0,2.0,1.0,4.0,0.0,0.0,0.0,1.0,0.0,0.0,0.0,0.0,0.0,0.0,1.0,1.0,6.0,0.0,0.0,0.0,0.0,0.0,0.0,0.0,0.0,0.0,0.0,0.0,0.0,0.0,0.0,0.0,0.0,0.0,0.0,0.0,0.0,0.0,0.0,1.0,0.0,0.0,0.0,1.0,0.0,0.0,0.0,0.0,0.0,0.0,0.0,0.0,0.0,1.0,0.0,1.0,0.0,0.0,0.0,0.0,0.0,0.0,0.0,0.0,0.0,0.0,0.0,0.0,0.0,0.0,0.0,0.0,0.0,0.0,0.0,0.0,0.0,0.0,0.0,0.0,0.0,0.0,0.0,0.0,0.0,0.0,0.0,0.0,3.0,19.0,286.0,0.0,1.0,4.0,0.0,0.0,3.0,5.0,5.0,0.0,11.0,7.0,1.0,1.0,51.0,14.0,20.0,43.0,20.0,6.0,22.0,77.0,217.0,0.0,41.0,2.0,0.0,32.0,1.0,0.0,2.0,1.0,20.0,100.0,1.0,5.0,23.0,4.0,4.0,526.0,56.0,23.0,11.0,2.0,58.0,2.0,10.0,3.0,40.0
2001-12-01,7.0,0.0,2.0,18.0,32.0,8.0,39.0,11.0,0.0,0.0,1.0,195.0,0.0,0.0,0.0,0.0,0.0,1.0,0.0,317.0,0.0,5.0,0.0,0.0,0.0,1.0,432.0,0.0,10.0,0.0,4.0,115.0,0.0,0.0,4.0,0.0,203.0,9.0,1.0,3.0,29.0,0.0,1.0,2.0,0.0,16.0,24.0,5.0,29.0,42.0,71.0,3.0,0.0,0.0,10.0,0.0,6.0,51.0,15.0,77.0,335.0,86.0,9.0,8.0,0.0,4.0,4.0,0.0,0.0,0.0,24.0,6.0,29.0,5.0,27.0,7.0,1.0,4.0,1.0,2.0,9.0,54.0,30.0,8.0,1.0,27.0,3.0,76.0,3.0,33.0,0.0,1.0,1.0,16.0,0.0,1.0,0.0,1.0,2.0,20.0,21.0,0.0,0.0,0.0,3.0,1.0,0.0,10.0,5.0,0.0,0.0,0.0,8.0,0.0,5.0,175.0,0.0,223.0,14.0,32.0,53.0,23.0,45.0,0.0,0.0,46.0,1.0,0.0,0.0,1.0,0.0,55.0,17.0,1.0,0.0,10.0,1.0,7.0,2.0,12.0,0.0,16.0,11.0,85.0,25.0,2.0,16.0,16.0,3.0,34.0,200.0,27.0,28.0,37.0,7.0,0.0,2.0,0.0,3.0,14.0,8.0,8.0,0.0,13.0,2.0,4.0,18.0,1.0,19.0,1.0,0.0,2.0,1.0,25.0,2.0,0.0,0.0,4.0,18.0,1.0,3.0,3.0,18.0,35.0,9.0,5.0,11.0,34.0,7.0,10.0,3.0,265.0,22.0,0.0,1.0,1.0,0.0,0.0,0.0,0.0,0.0,4.0,3.0,2.0,19.0,2.0,0.0,0.0,0.0,1.0,8.0,2.0,0.0,4.0,0.0,1.0,0.0,8.0,5.0,16.0,2.0,2.0,10.0,4.0,4.0,1.0,62.0,21.0,0.0,314.0,9.0,57.0,0.0,54.0,11.0,5.0,1.0,0.0,0.0,8.0,77.0,0.0,128.0,57.0,0.0,12.0,5.0,18.0,5.0,4.0,32.0,4.0,0.0,0.0,5.0,1.0,1.0,3.0,42.0,0.0,2.0,0.0,1.0,0.0,1.0,0.0,0.0,0.0,2.0,15.0,1.0,0.0,14.0,0.0,0.0,38.0,0.0,2.0,83.0,0.0,94.0,40.0,0.0,0.0,0.0,0.0,0.0,0.0,779.0,0.0,16.0,0.0,1.0,0.0,13.0,1.0,0.0,0.0,0.0,0.0,0.0,0.0,1.0,0.0,0.0,1.0,0.0,0.0,0.0,0.0,0.0,0.0,0.0,0.0,0.0,12.0,0.0,0.0,1.0,0.0,12.0,0.0,1.0,4.0,0.0,0.0,90.0,0.0,3.0,21.0,6.0,109.0,51.0,0.0,1.0,5.0,2.0,1.0,0.0,1.0,16.0,9.0,44.0,20.0,3.0,2.0,1.0,5.0,2029.0,1.0,4.0,5.0,12.0,2.0,1.0,1.0,0.0,31.0,3.0,0.0,0.0,2.0,2.0,1.0,4.0,3.0,9.0,2.0,3.0,2.0,0.0,0.0,3.0,2.0,4.0,0.0,0.0,0.0,1.0,0.0,0.0,0.0,0.0,0.0,0.0,0.0,3.0,2.0,0.0,0.0,0.0,0.0,1.0,0.0,1.0,0.0,0.0,0.0,0.0,0.0,0.0,0.0,6.0,0.0,1.0,2.0,0.0,2.0,0.0,23.0,1.0,89.0,0.0,2.0,0.0,0.0,0.0,0.0,0.0,1.0,3.0,0.0,3.0,0.0,0.0,0.0,0.0,0.0,0.0,0.0,0.0,0.0,0.0,1.0,1.0,4.0,0.0,0.0,0.0,0.0,0.0,0.0,0.0,0.0,0.0,0.0,0.0,0.0,1.0,0.0,0.0,0.0,2.0,0.0,0.0,0.0,0.0,1.0,1.0,0.0,0.0,0.0,3.0,0.0,0.0,0.0,0.0,0.0,1.0,0.0,0.0,0.0,0.0,1.0,0.0,0.0,0.0,0.0,0.0,0.0,2.0,0.0,0.0,0.0,0.0,0.0,1.0,0.0,1.0,0.0,0.0,1.0,0.0,0.0,0.0,0.0,2.0,0.0,0.0,0.0,0.0,0.0,0.0,0.0,0.0,0.0,1.0,3.0,16.0,686.0,0.0,0.0,15.0,0.0,8.0,4.0,2.0,34.0,0.0,24.0,3.0,1.0,3.0,46.0,16.0,0.0,42.0,26.0,0.0,37.0,24.0,47.0,0.0,63.0,8.0,3.0,0.0,4.0,0.0,4.0,2.0,32.0,122.0,5.0,7.0,16.0,2.0,4.0,460.0,139.0,24.0,7.0,0.0,30.0,0.0,3.0,4.0,56.0
2002-01-01,53.0,0.0,1.0,63.0,1.0,40.0,23.0,28.0,1.0,0.0,0.0,75.0,2.0,0.0,0.0,0.0,0.0,0.0,5.0,85.0,0.0,37.0,1.0,0.0,0.0,4.0,332.0,1.0,9.0,0.0,38.0,503.0,0.0,0.0,0.0,1.0,615.0,54.0,15.0,27.0,263.0,4.0,13.0,176.0,4.0,55.0,66.0,28.0,30.0,147.0,63.0,3.0,0.0,0.0,33.0,0.0,107.0,92.0,8.0,137.0,198.0,128.0,22.0,5.0,0.0,22.0,44.0,9.0,15.0,11.0,32.0,67.0,47.0,40.0,134.0,21.0,20.0,24.0,20.0,8.0,117.0,98.0,19.0,15.0,7.0,83.0,20.0,336.0,29.0,82.0,4.0,0.0,13.0,78.0,2.0,6.0,71.0,18.0,43.0,126.0,122.0,19.0,6.0,3.0,116.0,4.0,1.0,15.0,4.0,0.0,3.0,43.0,57.0,3.0,8.0,390.0,8.0,154.0,54.0,151.0,34.0,50.0,122.0,0.0,4.0,42.0,2.0,0.0,3.0,0.0,17.0,154.0,90.0,19.0,6.0,47.0,54.0,33.0,21.0,37.0,12.0,84.0,35.0,117.0,89.0,7.0,98.0,203.0,33.0,180.0,629.0,64.0,127.0,50.0,73.0,43.0,20.0,16.0,42.0,34.0,16.0,45.0,32.0,50.0,29.0,15.0,81.0,17.0,66.0,28.0,1.0,50.0,3.0,39.0,18.0,140.0,7.0,80.0,38.0,29.0,51.0,14.0,262.0,188.0,351.0,70.0,89.0,1181.0,144.0,123.0,52.0,5589.0,781.0,1.0,5.0,8.0,4.0,5.0,8.0,22.0,6.0,2.0,26.0,19.0,149.0,17.0,9.0,3.0,5.0,5.0,11.0,21.0,7.0,4.0,0.0,1.0,5.0,136.0,18.0,36.0,239.0,5.0,94.0,14.0,36.0,13.0,186.0,65.0,8.0,878.0,305.0,356.0,6.0,165.0,86.0,80.0,60.0,4.0,29.0,84.0,1109.0,28.0,114.0,293.0,0.0,54.0,90.0,312.0,26.0,59.0,233.0,117.0,31.0,8.0,30.0,74.0,6.0,14.0,251.0,7.0,20.0,0.0,9.0,13.0,5.0,21.0,6.0,6.0,10.0,139.0,2.0,19.0,33.0,50.0,5.0,109.0,17.0,34.0,47.0,3.0,545.0,662.0,22.0,0.0,8.0,30.0,4.0,0.0,698.0,9.0,804.0,54.0,98.0,110.0,72.0,2.0,1.0,1.0,1.0,0.0,6.0,3.0,4.0,4.0,0.0,17.0,2.0,3.0,3.0,7.0,15.0,8.0,13.0,18.0,54.0,274.0,40.0,146.0,3.0,3.0,137.0,3.0,19.0,39.0,7.0,4.0,574.0,31.0,77.0,873.0,14.0,416.0,215.0,43.0,121.0,63.0,22.0,23.0,6.0,72.0,259.0,448.0,499.0,173.0,181.0,151.0,60.0,186.0,45222.0,4.0,18.0,9.0,70.0,10.0,0.0,2.0,4.0,12.0,7.0,6.0,1.0,12.0,78.0,0.0,4.0,19.0,59.0,35.0,30.0,7.0,0.0,1.0,21.0,4.0,1.0,2.0,21.0,6.0,6.0,8.0,12.0,0.0,0.0,1.0,0.0,1.0,21.0,5.0,4.0,0.0,0.0,2.0,2.0,1.0,37.0,1.0,0.0,0.0,6.0,5.0,0.0,1.0,25.0,6.0,4.0,32.0,3.0,19.0,19.0,434.0,19.0,1027.0,5.0,25.0,2.0,0.0,2.0,2.0,1.0,5.0,18.0,3.0,28.0,1.0,0.0,1.0,8.0,0.0,0.0,1.0,0.0,0.0,1.0,7.0,13.0,37.0,0.0,3.0,3.0,0.0,2.0,0.0,0.0,0.0,0.0,0.0,0.0,0.0,39.0,2.0,0.0,7.0,1.0,1.0,1.0,5.0,4.0,0.0,4.0,0.0,3.0,3.0,9.0,5.0,0.0,0.0,24.0,0.0,4.0,1.0,0.0,2.0,3.0,1.0,1.0,0.0,0.0,4.0,2.0,1.0,3.0,0.0,0.0,0.0,1.0,0.0,11.0,0.0,0.0,0.0,0.0,2.0,0.0,0.0,3.0,0.0,35.0,1.0,0.0,0.0,0.0,4.0,0.0,2.0,0.0,5.0,32.0,24.0,244.0,3784.0,7.0,26.0,58.0,5.0,44.0,151.0,18.0,167.0,9.0,164.0,191.0,6.0,73.0,158.0,92.0,14.0,88.0,112.0,33.0,453.0,207.0,20.0,46.0,425.0,40.0,28.0,42.0,123.0,3.0,6.0,12.0,53.0,123.0,11.0,53.0,68.0,6.0,28.0,3221.0,10.0,149.0,59.0,9.0,132.0,13.0,4.0,16.0,642.0
2002-02-01,120.0,0.0,2.0,81.0,7.0,18.0,20.0,12.0,0.0,0.0,2.0,139.0,10.0,0.0,0.0,0.0,1.0,0.0,9.0,348.0,1.0,173.0,0.0,0.0,0.0,13.0,209.0,1.0,4.0,3.0,156.0,431.0,0.0,1.0,2.0,3.0,980.0,124.0,40.0,54.0,236.0,9.0,51.0,76.0,6.0,51.0,134.0,8.0,60.0,103.0,3.0,9.0,2.0,0.0,189.0,1.0,64.0,50.0,20.0,87.0,39.0,149.0,13.0,17.0,3.0,88.0,149.0,1.0,14.0,90.0,5.0,141.0,84.0,387.0,275.0,52.0,48.0,108.0,48.0,39.0,106.0,189.0,31.0,15.0,1.0,112.0,26.0,651.0,52.0,125.0,12.0,0.0,6.0,64.0,2.0,71.0,11.0,127.0,25.0,61.0,142.0,32.0,4.0,10.0,204.0,8.0,0.0,39.0,12.0,9.0,6.0,68.0,92.0,11.0,35.0,1127.0,16.0,313.0,115.0,224.0,26.0,82.0,328.0,1.0,3.0,196.0,17.0,5.0,38.0,3.0,98.0,382.0,65.0,120.0,5.0,43.0,44.0,51.0,166.0,40.0,27.0,88.0,62.0,43.0,231.0,11.0,142.0,261.0,34.0,370.0,1175.0,75.0,189.0,166.0,153.0,127.0,89.0,43.0,42.0,63.0,47.0,122.0,38.0,72.0,40.0,61.0,118.0,85.0,115.0,203.0,4.0,40.0,13.0,351.0,140.0,476.0,65.0,177.0,95.0,75.0,173.0,34.0,1026.0,922.0,1017.0,206.0,315.0,2449.0,1146.0,685.0,525.0,22144.0,2031.0,0.0,32.0,15.0,9.0,13.0,31.0,103.0,3.0,18.0,123.0,22.0,558.0,83.0,51.0,28.0,10.0,11.0,55.0,48.0,4.0,22.0,0.0,2.0,13.0,246.0,18.0,50.0,101.0,75.0,251.0,33.0,195.0,51.0,260.0,291.0,35.0,1151.0,242.0,1505.0,14.0,199.0,179.0,429.0,211.0,26.0,228.0,700.0,8944.0,127.0,173.0,580.0,7.0,99.0,83.0,384.0,87.0,142.0,773.0,197.0,87.0,57.0,141.0,191.0,18.0,32.0,715.0,0.0,72.0,2.0,18.0,13.0,9.0,32.0,23.0,26.0,35.0,424.0,5.0,25.0,35.0,151.0,9.0,166.0,80.0,113.0,123.0,1.0,308.0,2055.0,74.0,5.0,8.0,60.0,1.0,0.0,367.0,3.0,2142.0,227.0,224.0,139.0,191.0,12.0,11.0,4.0,3.0,6.0,6.0,18.0,9.0,2.0,6.0,15.0,3.0,7.0,7.0,23.0,21.0,33.0,38.0,18.0,218.0,292.0,103.0,418.0,3.0,5.0,361.0,28.0,54.0,65.0,12.0,11.0,2390.0,88.0,285.0,3204.0,23.0,531.0,314.0,141.0,371.0,207.0,37.0,58.0,15.0,148.0,1104.0,1705.0,1201.0,869.0,455.0,205.0,371.0,636.0,71521.0,4.0,38.0,26.0,196.0,16.0,1.0,4.0,5.0,14.0,29.0,31.0,2.0,61.0,152.0,1.0,26.0,56.0,161.0,148.0,22.0,11.0,1.0,6.0,55.0,15.0,0.0,0.0,4.0,1.0,6.0,15.0,30.0,0.0,0.0,1.0,2.0,0.0,43.0,26.0,7.0,3.0,7.0,2.0,1.0,2.0,65.0,1.0,2.0,0.0,6.0,18.0,0.0,1.0,220.0,25.0,43.0,106.0,16.0,38.0,62.0,1085.0,42.0,5489.0,23.0,69.0,4.0,4.0,6.0,18.0,3.0,30.0,118.0,5.0,63.0,0.0,2.0,2.0,19.0,3.0,0.0,1.0,1.0,0.0,5.0,19.0,10.0,92.0,1.0,5.0,1.0,0.0,0.0,2.0,0.0,0.0,0.0,1.0,0.0,0.0,68.0,3.0,0.0,3.0,2.0,1.0,1.0,7.0,5.0,2.0,12.0,2.0,6.0,1.0,12.0,19.0,1.0,2.0,16.0,0.0,3.0,7.0,1.0,2.0,1.0,3.0,4.0,0.0,2.0,4.0,1.0,2.0,3.0,1.0,1.0,1.0,4.0,0.0,17.0,0.0,6.0,0.0,3.0,7.0,0.0,0.0,3.0,1.0,109.0,1.0,6.0,3.0,0.0,1.0,0.0,7.0,0.0,8.0,44.0,25.0,236.0,3320.0,19.0,56.0,43.0,6.0,71.0,285.0,19.0,57.0,5.0,218.0,176.0,7.0,83.0,108.0,148.0,13.0,84.0,67.0,49.0,198.0,220.0,15.0,23.0,681.0,22.0,42.0,25.0,93.0,2.0,9.0,12.0,40.0,84.0,35.0,76.0,85.0,11.0,37.0,7305.0,36.0,325.0,78.0,15.0,161.0,16.0,9.0,35.0,1028.0
2002-03-01,104.0,0.0,0.0,55.0,5.0,30.0,28.0,1.0,0.0,0.0,1.0,284.0,11.0,0.0,0.0,1.0,0.0,0.0,3.0,377.0,0.0,58.0,1.0,2.0,0.0,8.0,92.0,1.0,2.0,0.0,229.0,255.0,0.0,0.0,0.0,3.0,1115.0,195.0,63.0,100.0,263.0,12.0,86.0,86.0,6.0,65.0,86.0,2.0,55.0,59.0,6.0,5.0,0.0,0.0,154.0,1.0,30.0,15.0,6.0,51.0,8.0,75.0,5.0,9.0,4.0,98.0,284.0,9.0,18.0,220.0,13.0,143.0,59.0,255.0,252.0,44.0,24.0,89.0,31.0,42.0,41.0,123.0,23.0,14.0,2.0,90.0,19.0,744.0,101.0,66.0,55.0,0.0,3.0,42.0,8.0,33.0,3.0,235.0,21.0,54.0,200.0,35.0,20.0,10.0,209.0,25.0,2.0,79.0,9.0,8.0,18.0,72.0,85.0,41.0,24.0,1123.0,22.0,334.0,117.0,218.0,27.0,53.0,268.0,1.0,0.0,320.0,25.0,40.0,84.0,13.0,22.0,321.0,29.0,51.0,9.0,32.0,110.0,73.0,186.0,29.0,38.0,347.0,45.0,71.0,331.0,17.0,281.0,266.0,104.0,741.0,2652.0,95.0,417.0,192.0,255.0,96.0,155.0,73.0,127.0,119.0,117.0,259.0,96.0,117.0,80.0,91.0,205.0,128.0,351.0,676.0,22.0,88.0,26.0,721.0,246.0,1016.0,149.0,296.0,133.0,142.0,240.0,43.0,1735.0,1282.0,1351.0,188.0,362.0,1879.0,1592.0,1318.0,815.0,20385.0,1590.0,1.0,20.0,72.0,23.0,60.0,37.0,194.0,2.0,70.0,179.0,46.0,1295.0,110.0,52.0,49.0,30.0,11.0,140.0,36.0,9.0,31.0,9.0,4.0,15.0,435.0,69.0,109.0,53.0,160.0,127.0,92.0,355.0,55.0,147.0,254.0,364.0,409.0,355.0,1945.0,27.0,421.0,388.0,715.0,503.0,33.0,648.0,1795.0,13815.0,73.0,141.0,1082.0,25.0,196.0,166.0,438.0,206.0,236.0,1794.0,329.0,39.0,66.0,146.0,159.0,51.0,21.0,529.0,1.0,40.0,1.0,34.0,28.0,6.0,56.0,65.0,14.0,31.0,556.0,6.0,41.0,45.0,137.0,10.0,181.0,120.0,227.0,152.0,1.0,350.0,2616.0,71.0,3.0,12.0,92.0,2.0,0.0,244.0,4.0,2715.0,266.0,119.0,88.0,410.0,17.0,6.0,8.0,3.0,1.0,13.0,10.0,10.0,8.0,2.0,7.0,4.0,4.0,5.0,74.0,9.0,136.0,24.0,10.0,321.0,307.0,122.0,616.0,1.0,3.0,291.0,68.0,54.0,68.0,17.0,13.0,2818.0,317.0,469.0,4642.0,51.0,400.0,293.0,259.0,336.0,435.0,22.0,57.0,18.0,178.0,1462.0,3833.0,1151.0,1422.0,415.0,114.0,417.0,931.0,76331.0,2.0,43.0,42.0,312.0,17.0,4.0,4.0,33.0,4.0,87.0,45.0,1.0,53.0,110.0,0.0,52.0,256.0,284.0,246.0,37.0,17.0,0.0,3.0,42.0,13.0,3.0,0.0,64.0,9.0,9.0,120.0,42.0,0.0,0.0,1.0,1.0,2.0,34.0,37.0,9.0,2.0,2.0,3.0,2.0,2.0,52.0,0.0,2.0,0.0,5.0,7.0,0.0,1.0,809.0,26.0,44.0,153.0,12.0,39.0,53.0,762.0,22.0,8943.0,52.0,36.0,3.0,10.0,1.0,42.0,5.0,85.0,428.0,6.0,198.0,1.0,127.0,11.0,16.0,0.0,0.0,0.0,0.0,0.0,2.0,33.0,23.0,595.0,0.0,1.0,1.0,0.0,2.0,0.0,0.0,0.0,1.0,0.0,0.0,0.0,44.0,6.0,2.0,2.0,4.0,0.0,1.0,3.0,2.0,0.0,6.0,1.0,1.0,0.0,2.0,6.0,1.0,0.0,9.0,0.0,5.0,7.0,2.0,0.0,1.0,0.0,2.0,1.0,0.0,3.0,1.0,2.0,3.0,1.0,0.0,0.0,1.0,2.0,14.0,0.0,1.0,0.0,1.0,5.0,0.0,1.0,3.0,0.0,36.0,3.0,0.0,2.0,1.0,0.0,0.0,2.0,0.0,1.0,22.0,43.0,69.0,1592.0,28.0,92.0,34.0,7.0,91.0,297.0,17.0,33.0,7.0,111.0,137.0,2.0,95.0,64.0,35.0,2.0,65.0,68.0,52.0,85.0,194.0,24.0,17.0,370.0,13.0,48.0,12.0,70.0,1.0,0.0,4.0,24.0,29.0,6.0,36.0,53.0,3.0,35.0,4958.0,50.0,201.0,107.0,5.0,92.0,2.0,19.0,12.0,891.0
2002-04-01,29.0,0.0,1.0,24.0,2.0,11.0,17.0,0.0,0.0,0.0,1.0,63.0,2.0,0.0,0.0,0.0,0.0,0.0,0.0,232.0,1.0,13.0,0.0,0.0,1.0,6.0,77.0,3.0,1.0,0.0,93.0,87.0,0.0,0.0,2.0,0.0,401.0,99.0,24.0,96.0,88.0,9.0,67.0,88.0,5.0,51.0,16.0,0.0,17.0,18.0,0.0,0.0,0.0,0.0,74.0,0.0,23.0,1.0,3.0,18.0,4.0,73.0,12.0,1.0,3.0,86.0,46.0,10.0,7.0,82.0,29.0,26.0,35.0,42.0,163.0,37.0,45.0,115.0,31.0,7.0,32.0,60.0,18.0,3.0,2.0,45.0,20.0,895.0,50.0,17.0,66.0,0.0,4.0,27.0,2.0,18.0,11.0,186.0,16.0,77.0,59.0,23.0,11.0,9.0,158.0,84.0,1.0,26.0,4.0,7.0,15.0,46.0,35.0,9.0,23.0,649.0,17.0,174.0,57.0,48.0,46.0,36.0,136.0,3.0,1.0,189.0,12.0,20.0,115.0,3.0,23.0,264.0,21.0,18.0,6.0,41.0,78.0,25.0,88.0,22.0,109.0,103.0,30.0,54.0,200.0,51.0,195.0,221.0,112.0,517.0,1807.0,107.0,164.0,201.0,187.0,81.0,224.0,218.0,119.0,98.0,72.0,194.0,120.0,114.0,57.0,55.0,97.0,217.0,526.0,306.0,39.0,44.0,60.0,366.0,321.0,422.0,103.0,286.0,90.0,112.0,142.0,37.0,2137.0,1003.0,890.0,75.0,264.0,617.0,740.0,970.0,314.0,4770.0,590.0,1.0,22.0,71.0,7.0,29.0,28.0,90.0,0.0,72.0,87.0,9.0,977.0,71.0,34.0,58.0,42.0,3.0,191.0,13.0,20.0,20.0,1.0,1.0,25.0,394.0,30.0,117.0,4.0,55.0,30.0,52.0,123.0,18.0,42.0,143.0,230.0,237.0,159.0,701.0,7.0,601.0,316.0,268.0,175.0,14.0,502.0,1299.0,6619.0,23.0,88.0,412.0,20.0,129.0,109.0,350.0,264.0,131.0,1687.0,213.0,6.0,13.0,63.0,54.0,26.0,8.0,169.0,0.0,5.0,0.0,7.0,24.0,3.0,2.0,79.0,5.0,41.0,355.0,7.0,15.0,40.0,57.0,7.0,42.0,45.0,410.0,171.0,0.0,233.0,2347.0,47.0,0.0,6.0,53.0,0.0,0.0,94.0,0.0,746.0,159.0,5.0,17.0,565.0,38.0,14.0,1.0,2.0,1.0,39.0,6.0,10.0,1.0,1.0,1.0,1.0,1.0,4.0,159.0,2.0,319.0,2.0,9.0,157.0,191.0,61.0,209.0,1.0,0.0,151.0,15.0,31.0,23.0,21.0,1.0,1342.0,374.0,139.0,1488.0,15.0,134.0,91.0,194.0,100.0,173.0,8.0,52.0,17.0,110.0,894.0,3475.0,773.0,1245.0,148.0,40.0,109.0,438.0,15360.0,0.0,13.0,22.0,392.0,43.0,1.0,4.0,42.0,2.0,106.0,45.0,1.0,39.0,72.0,0.0,93.0,330.0,238.0,92.0,26.0,6.0,4.0,4.0,58.0,13.0,1.0,2.0,11.0,2.0,10.0,272.0,41.0,0.0,0.0,1.0,3.0,0.0,17.0,31.0,6.0,0.0,1.0,7.0,0.0,0.0,59.0,1.0,5.0,1.0,4.0,1.0,2.0,2.0,729.0,11.0,42.0,328.0,14.0,36.0,12.0,744.0,10.0,6629.0,75.0,26.0,6.0,20.0,2.0,95.0,9.0,130.0,695.0,6.0,332.0,0.0,121.0,14.0,12.0,6.0,1.0,0.0,1.0,0.0,2.0,45.0,18.0,1022.0,1.0,0.0,0.0,0.0,0.0,0.0,0.0,0.0,0.0,0.0,0.0,0.0,30.0,0.0,0.0,0.0,3.0,2.0,0.0,2.0,1.0,0.0,3.0,0.0,2.0,0.0,1.0,7.0,0.0,0.0,7.0,0.0,3.0,1.0,1.0,0.0,0.0,0.0,2.0,0.0,0.0,0.0,0.0,0.0,1.0,0.0,0.0,0.0,0.0,0.0,1.0,0.0,0.0,0.0,1.0,1.0,0.0,0.0,2.0,0.0,10.0,2.0,0.0,0.0,1.0,0.0,0.0,0.0,0.0,0.0,7.0,33.0,9.0,486.0,22.0,34.0,19.0,11.0,27.0,160.0,25.0,22.0,8.0,26.0,50.0,3.0,52.0,32.0,12.0,6.0,16.0,19.0,42.0,26.0,62.0,4.0,3.0,141.0,1.0,41.0,2.0,21.0,0.0,2.0,3.0,22.0,19.0,1.0,16.0,18.0,3.0,12.0,1452.0,27.0,89.0,45.0,2.0,23.0,4.0,9.0,11.0,313.0
2002-05-01,15.0,0.0,0.0,35.0,3.0,2.0,10.0,1.0,0.0,0.0,0.0,35.0,0.0,0.0,0.0,0.0,0.0,0.0,0.0,110.0,1.0,10.0,0.0,1.0,0.0,0.0,67.0,0.0,1.0,0.0,20.0,49.0,0.0,0.0,1.0,0.0,162.0,40.0,6.0,31.0,46.0,1.0,47.0,37.0,1.0,32.0,20.0,2.0,11.0,15.0,0.0,0.0,0.0,0.0,33.0,0.0,35.0,3.0,0.0,1.0,0.0,30.0,2.0,0.0,1.0,133.0,19.0,0.0,16.0,34.0,10.0,6.0,17.0,27.0,86.0,20.0,16.0,105.0,10.0,13.0,35.0,35.0,4.0,4.0,3.0,43.0,48.0,600.0,48.0,18.0,60.0,0.0,0.0,26.0,3.0,34.0,1.0,127.0,6.0,90.0,44.0,21.0,6.0,4.0,211.0,83.0,24.0,7.0,2.0,6.0,1.0,18.0,11.0,9.0,27.0,456.0,1.0,50.0,34.0,9.0,12.0,34.0,83.0,0.0,1.0,139.0,36.0,0.0,102.0,3.0,11.0,165.0,7.0,74.0,5.0,19.0,79.0,8.0,32.0,9.0,83.0,130.0,7.0,28.0,66.0,72.0,121.0,129.0,70.0,214.0,736.0,62.0,83.0,106.0,284.0,80.0,338.0,112.0,55.0,25.0,71.0,175.0,50.0,84.0,44.0,47.0,71.0,151.0,315.0,68.0,17.0,20.0,42.0,230.0,83.0,126.0,103.0,158.0,57.0,73.0,26.0,15.0,1146.0,327.0,268.0,49.0,169.0,126.0,196.0,258.0,78.0,1076.0,184.0,2.0,6.0,15.0,1.0,9.0,4.0,29.0,0.0,34.0,40.0,9.0,680.0,54.0,15.0,9.0,11.0,1.0,125.0,14.0,8.0,6.0,1.0,9.0,19.0,311.0,8.0,83.0,1.0,19.0,15.0,41.0,73.0,5.0,20.0,57.0,62.0,33.0,52.0,230.0,12.0,37.0,367.0,114.0,64.0,19.0,161.0,479.0,1306.0,8.0,20.0,112.0,31.0,97.0,9.0,114.0,193.0,54.0,1137.0,114.0,0.0,6.0,15.0,12.0,1.0,1.0,36.0,0.0,2.0,0.0,4.0,3.0,0.0,3.0,23.0,0.0,15.0,135.0,3.0,5.0,15.0,26.0,5.0,15.0,15.0,535.0,55.0,0.0,47.0,1385.0,27.0,0.0,3.0,7.0,1.0,0.0,25.0,0.0,231.0,112.0,9.0,13.0,401.0,27.0,12.0,0.0,0.0,1.0,37.0,1.0,4.0,1.0,2.0,1.0,0.0,1.0,0.0,72.0,0.0,199.0,2.0,7.0,60.0,43.0,13.0,40.0,0.0,2.0,113.0,8.0,61.0,22.0,5.0,3.0,974.0,277.0,28.0,172.0,5.0,39.0,15.0,88.0,22.0,12.0,1.0,27.0,1.0,35.0,471.0,844.0,169.0,449.0,40.0,7.0,6.0,113.0,2464.0,2.0,2.0,1.0,135.0,51.0,0.0,1.0,8.0,4.0,22.0,29.0,0.0,55.0,66.0,1.0,28.0,110.0,89.0,12.0,23.0,6.0,1.0,2.0,45.0,5.0,0.0,1.0,1.0,3.0,4.0,250.0,16.0,0.0,0.0,2.0,4.0,0.0,7.0,10.0,3.0,0.0,1.0,3.0,0.0,0.0,41.0,0.0,0.0,0.0,0.0,0.0,0.0,0.0,326.0,14.0,38.0,390.0,2.0,4.0,3.0,313.0,4.0,4660.0,27.0,19.0,5.0,20.0,2.0,81.0,2.0,25.0,400.0,3.0,157.0,0.0,26.0,18.0,8.0,10.0,0.0,0.0,0.0,0.0,0.0,44.0,11.0,513.0,1.0,1.0,0.0,0.0,0.0,0.0,0.0,0.0,0.0,2.0,0.0,0.0,10.0,2.0,0.0,0.0,1.0,1.0,1.0,0.0,0.0,0.0,0.0,0.0,0.0,0.0,1.0,2.0,0.0,0.0,4.0,0.0,0.0,0.0,0.0,1.0,0.0,0.0,0.0,0.0,0.0,0.0,0.0,1.0,0.0,0.0,0.0,0.0,0.0,0.0,3.0,0.0,0.0,0.0,0.0,1.0,0.0,0.0,0.0,0.0,6.0,2.0,0.0,0.0,0.0,0.0,0.0,0.0,0.0,1.0,3.0,12.0,2.0,90.0,10.0,8.0,9.0,5.0,22.0,76.0,18.0,10.0,2.0,5.0,30.0,0.0,59.0,29.0,0.0,5.0,4.0,9.0,10.0,8.0,36.0,4.0,1.0,68.0,2.0,17.0,2.0,6.0,0.0,0.0,1.0,13.0,12.0,0.0,4.0,4.0,2.0,3.0,514.0,5.0,41.0,23.0,1.0,9.0,1.0,2.0,4.0,110.0
2002-06-01,5.0,1.0,8.0,4.0,2.0,0.0,4.0,0.0,0.0,0.0,0.0,23.0,1.0,0.0,0.0,0.0,0.0,0.0,2.0,88.0,3.0,2.0,0.0,0.0,0.0,0.0,45.0,2.0,2.0,0.0,12.0,8.0,0.0,0.0,0.0,1.0,67.0,17.0,1.0,30.0,19.0,2.0,12.0,24.0,1.0,12.0,7.0,0.0,24.0,10.0,0.0,0.0,0.0,0.0,36.0,0.0,5.0,2.0,1.0,0.0,0.0,24.0,2.0,0.0,1.0,91.0,20.0,1.0,5.0,11.0,6.0,4.0,5.0,13.0,42.0,3.0,7.0,54.0,2.0,12.0,40.0,23.0,0.0,0.0,0.0,13.0,23.0,400.0,24.0,16.0,48.0,0.0,0.0,3.0,1.0,9.0,0.0,86.0,1.0,19.0,43.0,21.0,0.0,8.0,275.0,54.0,13.0,1.0,5.0,8.0,2.0,10.0,8.0,7.0,23.0,454.0,4.0,55.0,15.0,5.0,2.0,45.0,60.0,3.0,2.0,113.0,17.0,0.0,30.0,0.0,1.0,49.0,1.0,49.0,12.0,33.0,32.0,8.0,18.0,8.0,67.0,74.0,2.0,10.0,12.0,13.0,59.0,25.0,56.0,135.0,545.0,11.0,26.0,56.0,135.0,71.0,258.0,26.0,18.0,8.0,29.0,37.0,19.0,52.0,9.0,19.0,31.0,46.0,145.0,14.0,5.0,8.0,13.0,115.0,17.0,39.0,34.0,48.0,24.0,24.0,5.0,2.0,473.0,118.0,68.0,11.0,40.0,53.0,26.0,101.0,36.0,285.0,64.0,0.0,4.0,3.0,1.0,7.0,1.0,12.0,1.0,12.0,16.0,0.0,404.0,41.0,5.0,1.0,24.0,1.0,100.0,4.0,5.0,4.0,0.0,7.0,17.0,316.0,5.0,92.0,0.0,9.0,3.0,21.0,29.0,0.0,8.0,13.0,10.0,9.0,11.0,108.0,6.0,20.0,195.0,20.0,14.0,14.0,27.0,79.0,457.0,5.0,9.0,27.0,14.0,12.0,1.0,28.0,56.0,35.0,336.0,105.0,1.0,0.0,6.0,1.0,0.0,0.0,4.0,0.0,0.0,0.0,0.0,3.0,0.0,0.0,7.0,1.0,1.0,23.0,2.0,0.0,2.0,6.0,3.0,0.0,3.0,128.0,19.0,0.0,2.0,248.0,3.0,0.0,0.0,1.0,1.0,0.0,0.0,0.0,35.0,32.0,1.0,9.0,52.0,15.0,0.0,0.0,1.0,0.0,12.0,0.0,1.0,1.0,0.0,0.0,0.0,0.0,0.0,12.0,0.0,4.0,0.0,0.0,5.0,4.0,1.0,0.0,0.0,1.0,28.0,0.0,20.0,5.0,0.0,4.0,556.0,203.0,5.0,18.0,0.0,6.0,7.0,23.0,5.0,2.0,0.0,6.0,0.0,10.0,200.0,120.0,53.0,150.0,7.0,1.0,5.0,9.0,641.0,0.0,1.0,1.0,38.0,18.0,0.0,0.0,1.0,0.0,11.0,9.0,0.0,5.0,7.0,0.0,12.0,60.0,34.0,1.0,5.0,1.0,2.0,2.0,4.0,3.0,0.0,1.0,1.0,0.0,1.0,18.0,5.0,0.0,0.0,0.0,4.0,0.0,1.0,16.0,0.0,0.0,0.0,0.0,0.0,0.0,19.0,0.0,1.0,0.0,0.0,0.0,0.0,0.0,81.0,2.0,13.0,130.0,0.0,8.0,3.0,86.0,3.0,1448.0,2.0,2.0,0.0,0.0,1.0,14.0,4.0,1.0,44.0,2.0,46.0,0.0,0.0,6.0,1.0,0.0,0.0,0.0,0.0,0.0,0.0,2.0,4.0,89.0,0.0,0.0,0.0,0.0,1.0,0.0,0.0,0.0,0.0,0.0,0.0,0.0,2.0,1.0,0.0,0.0,0.0,0.0,0.0,0.0,0.0,0.0,1.0,1.0,0.0,0.0,0.0,0.0,0.0,0.0,1.0,0.0,0.0,1.0,0.0,0.0,0.0,0.0,0.0,0.0,0.0,0.0,0.0,0.0,0.0,0.0,0.0,0.0,0.0,0.0,0.0,0.0,1.0,0.0,0.0,0.0,0.0,0.0,0.0,0.0,3.0,1.0,0.0,0.0,0.0,0.0,0.0,0.0,0.0,1.0,0.0,4.0,1.0,28.0,8.0,1.0,2.0,2.0,12.0,19.0,0.0,12.0,1.0,1.0,13.0,0.0,9.0,25.0,0.0,8.0,1.0,6.0,1.0,6.0,13.0,2.0,2.0,64.0,1.0,3.0,0.0,1.0,0.0,0.0,1.0,1.0,0.0,0.0,1.0,10.0,0.0,0.0,140.0,1.0,12.0,4.0,0.0,4.0,1.0,0.0,2.0,27.0
2002-07-01,13.0,0.0,1.0,6.0,0.0,0.0,3.0,0.0,0.0,0.0,0.0,19.0,0.0,0.0,0.0,0.0,0.0,0.0,1.0,90.0,1.0,0.0,0.0,0.0,1.0,2.0,60.0,0.0,1.0,1.0,2.0,3.0,0.0,1.0,0.0,0.0,49.0,15.0,1.0,22.0,29.0,1.0,9.0,13.0,0.0,14.0,7.0,0.0,11.0,7.0,1.0,0.0,0.0,0.0,53.0,0.0,2.0,1.0,1.0,1.0,0.0,10.0,0.0,0.0,1.0,74.0,12.0,0.0,8.0,3.0,3.0,2.0,4.0,26.0,30.0,4.0,16.0,44.0,8.0,6.0,16.0,32.0,1.0,0.0,0.0,21.0,29.0,338.0,9.0,9.0,26.0,0.0,0.0,0.0,0.0,2.0,0.0,19.0,0.0,8.0,71.0,22.0,2.0,7.0,285.0,90.0,1.0,5.0,17.0,9.0,1.0,4.0,10.0,1.0,15.0,455.0,2.0,45.0,10.0,8.0,0.0,17.0,46.0,0.0,0.0,37.0,14.0,0.0,4.0,0.0,0.0,16.0,3.0,37.0,17.0,28.0,27.0,9.0,36.0,5.0,20.0,55.0,4.0,6.0,19.0,12.0,64.0,27.0,41.0,120.0,591.0,13.0,51.0,47.0,39.0,79.0,214.0,22.0,22.0,15.0,46.0,33.0,37.0,34.0,6.0,15.0,40.0,31.0,83.0,34.0,1.0,8.0,17.0,60.0,15.0,8.0,3.0,14.0,19.0,6.0,0.0,4.0,237.0,80.0,60.0,7.0,71.0,24.0,32.0,64.0,16.0,234.0,39.0,0.0,2.0,1.0,0.0,9.0,1.0,15.0,1.0,10.0,34.0,0.0,270.0,19.0,9.0,0.0,12.0,1.0,67.0,3.0,8.0,1.0,0.0,14.0,22.0,231.0,6.0,81.0,2.0,0.0,2.0,28.0,24.0,1.0,3.0,16.0,3.0,3.0,4.0,58.0,3.0,3.0,102.0,11.0,15.0,13.0,7.0,40.0,263.0,12.0,2.0,13.0,8.0,9.0,1.0,38.0,14.0,21.0,222.0,55.0,0.0,0.0,2.0,2.0,0.0,0.0,1.0,0.0,0.0,0.0,0.0,6.0,0.0,0.0,0.0,0.0,2.0,5.0,1.0,0.0,1.0,1.0,0.0,0.0,1.0,26.0,4.0,0.0,0.0,59.0,4.0,0.0,0.0,0.0,0.0,0.0,0.0,0.0,7.0,5.0,1.0,0.0,11.0,4.0,0.0,0.0,0.0,1.0,2.0,0.0,0.0,1.0,0.0,0.0,0.0,0.0,0.0,0.0,0.0,1.0,0.0,0.0,1.0,0.0,0.0,0.0,0.0,1.0,14.0,1.0,5.0,9.0,1.0,0.0,270.0,94.0,4.0,26.0,0.0,7.0,0.0,10.0,1.0,0.0,0.0,3.0,0.0,4.0,58.0,12.0,14.0,29.0,4.0,2.0,3.0,1.0,317.0,1.0,0.0,1.0,4.0,1.0,0.0,1.0,1.0,0.0,5.0,6.0,0.0,1.0,4.0,0.0,2.0,18.0,5.0,0.0,2.0,1.0,0.0,1.0,2.0,0.0,0.0,0.0,0.0,0.0,0.0,0.0,0.0,0.0,0.0,0.0,0.0,0.0,0.0,1.0,0.0,0.0,0.0,0.0,0.0,1.0,4.0,1.0,0.0,0.0,0.0,0.0,0.0,0.0,22.0,4.0,3.0,12.0,2.0,1.0,1.0,25.0,1.0,198.0,2.0,1.0,0.0,0.0,1.0,5.0,2.0,0.0,6.0,0.0,15.0,0.0,0.0,1.0,0.0,0.0,0.0,0.0,1.0,0.0,0.0,0.0,1.0,13.0,0.0,0.0,0.0,0.0,0.0,0.0,0.0,0.0,0.0,0.0,0.0,0.0,4.0,1.0,0.0,0.0,0.0,0.0,0.0,0.0,1.0,0.0,0.0,0.0,0.0,0.0,0.0,0.0,0.0,0.0,1.0,0.0,1.0,0.0,0.0,0.0,0.0,0.0,0.0,0.0,0.0,0.0,0.0,0.0,0.0,0.0,0.0,0.0,0.0,0.0,1.0,0.0,0.0,0.0,0.0,0.0,0.0,0.0,0.0,0.0,5.0,0.0,0.0,0.0,0.0,0.0,0.0,0.0,0.0,0.0,0.0,1.0,1.0,10.0,3.0,0.0,0.0,0.0,3.0,8.0,0.0,11.0,0.0,0.0,5.0,0.0,6.0,8.0,1.0,2.0,5.0,4.0,3.0,2.0,8.0,1.0,0.0,18.0,0.0,3.0,0.0,1.0,0.0,0.0,0.0,4.0,1.0,0.0,0.0,4.0,0.0,0.0,130.0,0.0,4.0,1.0,0.0,4.0,0.0,1.0,0.0,30.0
2002-08-01,3.0,0.0,0.0,3.0,0.0,0.0,3.0,0.0,0.0,0.0,0.0,12.0,0.0,0.0,0.0,0.0,0.0,0.0,2.0,124.0,1.0,4.0,0.0,0.0,0.0,0.0,38.0,1.0,1.0,1.0,5.0,1.0,0.0,2.0,0.0,0.0,51.0,6.0,0.0,14.0,69.0,5.0,4.0,12.0,3.0,9.0,9.0,2.0,8.0,0.0,0.0,0.0,0.0,0.0,112.0,0.0,0.0,0.0,0.0,1.0,2.0,7.0,0.0,1.0,2.0,59.0,29.0,7.0,8.0,11.0,12.0,3.0,19.0,12.0,56.0,2.0,46.0,40.0,1.0,1.0,20.0,15.0,1.0,1.0,0.0,69.0,38.0,170.0,48.0,8.0,8.0,0.0,1.0,1.0,0.0,1.0,0.0,6.0,0.0,17.0,69.0,6.0,8.0,3.0,156.0,32.0,0.0,2.0,8.0,19.0,4.0,3.0,3.0,1.0,12.0,533.0,0.0,73.0,6.0,18.0,0.0,13.0,37.0,0.0,0.0,17.0,3.0,3.0,9.0,0.0,1.0,6.0,0.0,37.0,10.0,13.0,24.0,4.0,5.0,3.0,6.0,57.0,1.0,1.0,30.0,21.0,25.0,8.0,16.0,90.0,552.0,11.0,17.0,114.0,9.0,37.0,70.0,53.0,10.0,9.0,33.0,62.0,7.0,17.0,6.0,11.0,22.0,11.0,68.0,10.0,0.0,21.0,6.0,27.0,12.0,5.0,2.0,15.0,13.0,22.0,1.0,7.0,91.0,61.0,38.0,2.0,30.0,25.0,14.0,21.0,17.0,147.0,23.0,1.0,1.0,5.0,1.0,6.0,1.0,4.0,0.0,4.0,24.0,2.0,145.0,12.0,9.0,7.0,12.0,2.0,37.0,2.0,2.0,1.0,4.0,6.0,10.0,156.0,7.0,42.0,5.0,0.0,0.0,20.0,16.0,0.0,3.0,7.0,0.0,1.0,7.0,47.0,1.0,5.0,85.0,7.0,14.0,3.0,5.0,11.0,276.0,14.0,1.0,9.0,0.0,8.0,1.0,42.0,38.0,7.0,171.0,34.0,0.0,4.0,2.0,0.0,0.0,1.0,1.0,0.0,1.0,0.0,0.0,1.0,1.0,0.0,0.0,0.0,0.0,0.0,0.0,1.0,1.0,1.0,1.0,0.0,0.0,10.0,6.0,0.0,1.0,33.0,0.0,0.0,0.0,2.0,0.0,0.0,2.0,0.0,8.0,0.0,2.0,0.0,9.0,0.0,0.0,1.0,0.0,0.0,0.0,1.0,0.0,0.0,0.0,0.0,0.0,0.0,0.0,0.0,0.0,1.0,0.0,0.0,0.0,1.0,0.0,0.0,0.0,0.0,7.0,0.0,2.0,2.0,1.0,2.0,203.0,49.0,1.0,28.0,0.0,6.0,0.0,5.0,3.0,0.0,0.0,1.0,0.0,3.0,28.0,16.0,4.0,5.0,1.0,0.0,0.0,2.0,220.0,0.0,0.0,1.0,3.0,7.0,0.0,0.0,0.0,0.0,0.0,1.0,2.0,1.0,0.0,0.0,14.0,13.0,5.0,1.0,0.0,3.0,0.0,0.0,0.0,1.0,0.0,0.0,1.0,0.0,0.0,2.0,2.0,0.0,0.0,0.0,0.0,0.0,0.0,10.0,0.0,0.0,0.0,0.0,0.0,0.0,1.0,0.0,0.0,0.0,0.0,0.0,0.0,0.0,5.0,1.0,1.0,2.0,0.0,2.0,1.0,10.0,2.0,52.0,1.0,0.0,0.0,1.0,1.0,3.0,1.0,0.0,12.0,3.0,8.0,0.0,0.0,2.0,0.0,0.0,0.0,0.0,0.0,0.0,0.0,0.0,0.0,38.0,0.0,0.0,0.0,0.0,0.0,0.0,0.0,0.0,0.0,0.0,0.0,0.0,0.0,7.0,0.0,0.0,0.0,0.0,0.0,0.0,0.0,0.0,0.0,0.0,0.0,0.0,0.0,0.0,0.0,0.0,1.0,0.0,0.0,0.0,0.0,0.0,0.0,0.0,0.0,0.0,0.0,0.0,0.0,1.0,0.0,0.0,0.0,0.0,0.0,0.0,0.0,0.0,0.0,0.0,2.0,0.0,0.0,0.0,1.0,0.0,4.0,0.0,0.0,0.0,0.0,0.0,0.0,1.0,0.0,0.0,0.0,1.0,1.0,24.0,0.0,0.0,2.0,0.0,0.0,14.0,0.0,8.0,1.0,1.0,2.0,0.0,1.0,3.0,0.0,2.0,3.0,1.0,0.0,3.0,4.0,4.0,0.0,15.0,2.0,1.0,0.0,0.0,0.0,0.0,2.0,7.0,0.0,0.0,0.0,5.0,1.0,2.0,237.0,0.0,7.0,0.0,0.0,2.0,0.0,0.0,3.0,29.0
2002-09-01,7.0,0.0,0.0,12.0,1.0,0.0,5.0,4.0,0.0,0.0,0.0,14.0,0.0,0.0,0.0,0.0,0.0,0.0,0.0,66.0,1.0,3.0,0.0,0.0,0.0,3.0,38.0,0.0,1.0,0.0,3.0,2.0,0.0,6.0,0.0,0.0,144.0,6.0,5.0,5.0,49.0,11.0,12.0,5.0,0.0,6.0,25.0,1.0,12.0,0.0,0.0,0.0,0.0,0.0,90.0,0.0,0.0,4.0,0.0,0.0,0.0,10.0,0.0,0.0,10.0,11.0,9.0,28.0,6.0,1.0,36.0,2.0,6.0,20.0,54.0,22.0,1.0,13.0,2.0,0.0,6.0,4.0,0.0,0.0,0.0,21.0,21.0,118.0,38.0,17.0,35.0,0.0,0.0,0.0,0.0,4.0,1.0,0.0,0.0,18.0,16.0,3.0,0.0,0.0,47.0,32.0,4.0,4.0,8.0,8.0,4.0,2.0,5.0,0.0,3.0,271.0,4.0,87.0,1.0,2.0,0.0,19.0,45.0,0.0,0.0,6.0,8.0,1.0,11.0,0.0,0.0,6.0,0.0,4.0,12.0,27.0,7.0,4.0,34.0,2.0,11.0,20.0,2.0,4.0,30.0,10.0,26.0,13.0,2.0,66.0,420.0,3.0,24.0,32.0,2.0,18.0,34.0,26.0,3.0,4.0,3.0,55.0,6.0,6.0,3.0,1.0,5.0,5.0,28.0,10.0,1.0,0.0,1.0,24.0,2.0,10.0,1.0,7.0,10.0,9.0,1.0,5.0,51.0,23.0,30.0,2.0,17.0,13.0,13.0,29.0,6.0,136.0,25.0,0.0,2.0,22.0,0.0,2.0,1.0,2.0,0.0,2.0,4.0,2.0,92.0,10.0,7.0,3.0,15.0,0.0,25.0,4.0,3.0,3.0,0.0,3.0,27.0,88.0,13.0,19.0,7.0,0.0,0.0,21.0,38.0,0.0,2.0,13.0,0.0,1.0,3.0,53.0,4.0,3.0,95.0,7.0,10.0,1.0,10.0,26.0,285.0,56.0,1.0,14.0,0.0,12.0,1.0,17.0,21.0,14.0,164.0,52.0,0.0,0.0,0.0,1.0,0.0,0.0,0.0,0.0,1.0,0.0,0.0,4.0,0.0,1.0,0.0,0.0,0.0,3.0,0.0,0.0,0.0,1.0,2.0,0.0,3.0,2.0,3.0,0.0,2.0,15.0,0.0,0.0,1.0,0.0,0.0,0.0,11.0,0.0,4.0,3.0,3.0,1.0,4.0,1.0,0.0,0.0,0.0,0.0,0.0,0.0,0.0,0.0,0.0,0.0,0.0,0.0,0.0,0.0,0.0,3.0,0.0,1.0,0.0,0.0,0.0,0.0,0.0,0.0,3.0,1.0,0.0,1.0,1.0,0.0,140.0,67.0,0.0,11.0,0.0,2.0,0.0,2.0,0.0,1.0,0.0,0.0,0.0,1.0,9.0,3.0,0.0,5.0,2.0,0.0,0.0,0.0,152.0,0.0,1.0,0.0,4.0,1.0,0.0,0.0,0.0,0.0,2.0,0.0,0.0,0.0,0.0,0.0,1.0,9.0,0.0,0.0,0.0,0.0,0.0,0.0,0.0,0.0,0.0,0.0,0.0,0.0,0.0,0.0,0.0,0.0,0.0,0.0,0.0,0.0,0.0,4.0,1.0,0.0,0.0,0.0,0.0,0.0,0.0,0.0,0.0,0.0,0.0,0.0,0.0,0.0,4.0,0.0,0.0,2.0,0.0,1.0,0.0,10.0,0.0,28.0,0.0,0.0,0.0,0.0,0.0,4.0,0.0,0.0,1.0,0.0,6.0,0.0,0.0,0.0,0.0,1.0,1.0,0.0,0.0,0.0,0.0,3.0,2.0,17.0,0.0,0.0,0.0,0.0,0.0,0.0,0.0,0.0,0.0,0.0,0.0,0.0,1.0,0.0,0.0,0.0,0.0,0.0,0.0,0.0,0.0,0.0,0.0,0.0,0.0,0.0,0.0,0.0,0.0,0.0,3.0,0.0,1.0,0.0,0.0,0.0,0.0,0.0,0.0,0.0,0.0,0.0,0.0,2.0,0.0,0.0,0.0,0.0,0.0,0.0,0.0,0.0,0.0,0.0,0.0,0.0,0.0,0.0,0.0,0.0,3.0,1.0,0.0,0.0,0.0,0.0,0.0,0.0,0.0,0.0,0.0,1.0,1.0,3.0,0.0,0.0,1.0,0.0,7.0,8.0,0.0,11.0,2.0,0.0,0.0,0.0,0.0,1.0,0.0,0.0,4.0,4.0,4.0,1.0,33.0,4.0,0.0,2.0,0.0,2.0,0.0,0.0,1.0,0.0,1.0,12.0,0.0,0.0,1.0,0.0,0.0,0.0,247.0,1.0,3.0,1.0,1.0,3.0,0.0,1.0,0.0,6.0
2002-10-01,36.0,0.0,0.0,15.0,2.0,2.0,8.0,1.0,0.0,0.0,0.0,17.0,1.0,0.0,0.0,0.0,0.0,0.0,1.0,56.0,0.0,2.0,0.0,0.0,1.0,2.0,103.0,2.0,2.0,0.0,0.0,6.0,0.0,3.0,1.0,0.0,137.0,12.0,2.0,6.0,73.0,13.0,8.0,32.0,1.0,14.0,24.0,0.0,9.0,3.0,0.0,0.0,0.0,0.0,28.0,3.0,6.0,24.0,0.0,1.0,2.0,31.0,0.0,0.0,0.0,9.0,18.0,5.0,1.0,8.0,20.0,5.0,10.0,79.0,98.0,68.0,26.0,24.0,10.0,0.0,39.0,11.0,0.0,0.0,0.0,32.0,33.0,106.0,5.0,18.0,8.0,4.0,0.0,1.0,0.0,11.0,0.0,3.0,0.0,36.0,43.0,1.0,1.0,0.0,38.0,63.0,5.0,1.0,1.0,12.0,2.0,3.0,7.0,0.0,3.0,200.0,3.0,187.0,2.0,2.0,2.0,18.0,35.0,0.0,0.0,0.0,24.0,0.0,66.0,0.0,0.0,23.0,1.0,8.0,2.0,30.0,4.0,8.0,24.0,8.0,11.0,168.0,7.0,0.0,32.0,11.0,13.0,3.0,3.0,72.0,304.0,1.0,48.0,15.0,1.0,32.0,9.0,21.0,14.0,4.0,11.0,64.0,0.0,10.0,0.0,4.0,4.0,5.0,29.0,4.0,1.0,2.0,1.0,9.0,2.0,16.0,2.0,4.0,4.0,7.0,0.0,1.0,65.0,19.0,27.0,0.0,7.0,25.0,18.0,87.0,21.0,128.0,39.0,0.0,0.0,21.0,1.0,4.0,1.0,5.0,0.0,0.0,3.0,0.0,61.0,6.0,1.0,3.0,11.0,0.0,20.0,3.0,3.0,1.0,0.0,4.0,13.0,97.0,3.0,15.0,0.0,0.0,0.0,22.0,45.0,0.0,3.0,9.0,7.0,6.0,4.0,65.0,17.0,11.0,88.0,3.0,3.0,0.0,11.0,27.0,208.0,18.0,7.0,15.0,0.0,8.0,2.0,17.0,16.0,1.0,148.0,79.0,0.0,0.0,0.0,0.0,0.0,0.0,1.0,0.0,0.0,0.0,0.0,17.0,0.0,0.0,0.0,0.0,0.0,1.0,0.0,0.0,2.0,8.0,0.0,4.0,0.0,4.0,4.0,0.0,3.0,10.0,0.0,0.0,1.0,0.0,0.0,0.0,4.0,0.0,13.0,1.0,1.0,0.0,2.0,0.0,0.0,0.0,0.0,0.0,0.0,0.0,0.0,0.0,0.0,0.0,0.0,0.0,0.0,0.0,0.0,2.0,0.0,0.0,2.0,0.0,0.0,0.0,0.0,1.0,1.0,0.0,9.0,1.0,0.0,3.0,178.0,31.0,2.0,15.0,0.0,5.0,2.0,4.0,0.0,1.0,0.0,0.0,0.0,1.0,7.0,11.0,1.0,2.0,2.0,0.0,1.0,0.0,281.0,0.0,0.0,1.0,3.0,0.0,0.0,1.0,0.0,0.0,0.0,0.0,0.0,0.0,1.0,0.0,1.0,30.0,0.0,0.0,0.0,0.0,0.0,0.0,0.0,0.0,0.0,0.0,3.0,0.0,0.0,1.0,0.0,0.0,0.0,0.0,0.0,0.0,0.0,10.0,2.0,0.0,0.0,0.0,0.0,0.0,0.0,0.0,0.0,0.0,0.0,0.0,0.0,0.0,2.0,0.0,0.0,5.0,0.0,1.0,0.0,4.0,0.0,18.0,0.0,0.0,0.0,2.0,18.0,0.0,0.0,0.0,0.0,1.0,11.0,0.0,0.0,0.0,0.0,0.0,0.0,0.0,0.0,0.0,1.0,1.0,0.0,16.0,0.0,0.0,0.0,0.0,0.0,0.0,0.0,0.0,0.0,0.0,0.0,0.0,0.0,1.0,0.0,0.0,0.0,0.0,0.0,0.0,1.0,0.0,0.0,0.0,0.0,0.0,0.0,0.0,0.0,0.0,0.0,0.0,2.0,0.0,0.0,0.0,0.0,0.0,0.0,0.0,0.0,0.0,0.0,0.0,0.0,0.0,0.0,0.0,0.0,0.0,0.0,0.0,0.0,0.0,0.0,0.0,0.0,0.0,0.0,0.0,1.0,0.0,0.0,0.0,0.0,0.0,0.0,0.0,0.0,0.0,0.0,0.0,1.0,4.0,0.0,1.0,0.0,1.0,3.0,3.0,0.0,10.0,2.0,8.0,2.0,1.0,3.0,6.0,0.0,3.0,3.0,1.0,2.0,2.0,156.0,1.0,0.0,23.0,1.0,2.0,0.0,0.0,0.0,1.0,0.0,4.0,2.0,0.0,0.0,0.0,1.0,0.0,121.0,0.0,5.0,2.0,0.0,0.0,1.0,1.0,1.0,19.0
2002-11-01,134.0,0.0,10.0,73.0,21.0,8.0,54.0,7.0,0.0,0.0,1.0,88.0,1.0,0.0,0.0,0.0,0.0,0.0,0.0,158.0,0.0,7.0,1.0,0.0,0.0,1.0,84.0,0.0,1.0,0.0,7.0,9.0,0.0,5.0,0.0,0.0,134.0,20.0,16.0,8.0,84.0,42.0,11.0,35.0,0.0,11.0,50.0,3.0,27.0,34.0,8.0,3.0,0.0,0.0,29.0,0.0,33.0,30.0,2.0,1.0,1.0,77.0,1.0,0.0,4.0,10.0,52.0,0.0,1.0,30.0,19.0,16.0,26.0,63.0,44.0,80.0,13.0,11.0,14.0,3.0,39.0,50.0,4.0,1.0,1.0,90.0,28.0,73.0,46.0,9.0,8.0,2.0,0.0,1.0,3.0,27.0,0.0,2.0,1.0,63.0,29.0,16.0,1.0,4.0,28.0,26.0,4.0,3.0,1.0,7.0,3.0,18.0,10.0,0.0,4.0,253.0,1.0,349.0,11.0,8.0,2.0,11.0,31.0,0.0,1.0,0.0,29.0,13.0,4.0,0.0,0.0,18.0,4.0,3.0,5.0,26.0,2.0,28.0,28.0,52.0,4.0,9.0,3.0,2.0,31.0,9.0,28.0,4.0,7.0,43.0,358.0,2.0,69.0,11.0,4.0,92.0,17.0,42.0,21.0,6.0,12.0,209.0,7.0,9.0,2.0,1.0,7.0,8.0,35.0,3.0,0.0,0.0,7.0,13.0,6.0,11.0,0.0,4.0,14.0,7.0,0.0,0.0,83.0,20.0,19.0,3.0,8.0,61.0,15.0,48.0,19.0,125.0,58.0,0.0,1.0,12.0,1.0,4.0,2.0,3.0,0.0,5.0,7.0,2.0,77.0,10.0,7.0,10.0,35.0,2.0,35.0,16.0,1.0,3.0,0.0,0.0,17.0,76.0,3.0,18.0,7.0,3.0,5.0,46.0,16.0,10.0,3.0,6.0,4.0,8.0,3.0,120.0,10.0,20.0,83.0,9.0,8.0,0.0,11.0,26.0,70.0,4.0,4.0,23.0,1.0,14.0,7.0,41.0,15.0,3.0,155.0,103.0,0.0,0.0,1.0,3.0,0.0,0.0,9.0,0.0,0.0,0.0,0.0,94.0,3.0,4.0,1.0,0.0,0.0,11.0,0.0,0.0,1.0,17.0,0.0,32.0,1.0,17.0,2.0,0.0,3.0,36.0,1.0,1.0,0.0,0.0,0.0,0.0,9.0,0.0,44.0,3.0,2.0,0.0,6.0,0.0,0.0,0.0,0.0,1.0,0.0,0.0,0.0,0.0,0.0,0.0,1.0,0.0,0.0,0.0,1.0,4.0,2.0,2.0,14.0,4.0,1.0,2.0,0.0,0.0,8.0,0.0,2.0,9.0,1.0,2.0,322.0,51.0,2.0,25.0,0.0,5.0,0.0,6.0,1.0,0.0,0.0,0.0,0.0,6.0,20.0,18.0,4.0,29.0,7.0,5.0,6.0,5.0,1029.0,4.0,0.0,1.0,5.0,0.0,0.0,3.0,0.0,0.0,2.0,0.0,0.0,0.0,9.0,0.0,1.0,100.0,1.0,0.0,0.0,0.0,0.0,0.0,0.0,0.0,0.0,0.0,9.0,0.0,0.0,1.0,0.0,0.0,0.0,0.0,0.0,0.0,0.0,21.0,0.0,0.0,0.0,0.0,0.0,0.0,1.0,0.0,0.0,0.0,0.0,0.0,0.0,0.0,6.0,1.0,0.0,30.0,0.0,1.0,2.0,15.0,2.0,18.0,0.0,1.0,0.0,1.0,36.0,2.0,0.0,0.0,1.0,0.0,27.0,0.0,1.0,0.0,0.0,0.0,0.0,0.0,1.0,0.0,0.0,8.0,0.0,13.0,0.0,0.0,0.0,0.0,1.0,0.0,0.0,0.0,0.0,0.0,0.0,0.0,0.0,1.0,0.0,0.0,0.0,0.0,0.0,0.0,1.0,0.0,0.0,0.0,0.0,0.0,0.0,0.0,0.0,0.0,1.0,0.0,0.0,0.0,0.0,0.0,0.0,0.0,0.0,0.0,0.0,0.0,0.0,0.0,1.0,0.0,0.0,0.0,0.0,0.0,0.0,0.0,1.0,0.0,0.0,0.0,0.0,0.0,0.0,0.0,2.0,0.0,0.0,1.0,0.0,0.0,0.0,0.0,0.0,0.0,7.0,8.0,1.0,19.0,0.0,0.0,0.0,1.0,2.0,7.0,0.0,13.0,9.0,16.0,6.0,1.0,1.0,8.0,6.0,3.0,9.0,6.0,14.0,15.0,221.0,11.0,9.0,122.0,3.0,16.0,4.0,6.0,0.0,0.0,0.0,1.0,13.0,1.0,0.0,1.0,3.0,1.0,324.0,0.0,12.0,2.0,0.0,4.0,0.0,3.0,1.0,38.0
2002-12-01,63.0,0.0,2.0,68.0,8.0,11.0,69.0,9.0,0.0,0.0,0.0,98.0,0.0,0.0,0.0,0.0,0.0,1.0,0.0,82.0,0.0,5.0,0.0,0.0,0.0,1.0,79.0,0.0,1.0,0.0,3.0,16.0,0.0,4.0,0.0,0.0,326.0,7.0,9.0,2.0,116.0,44.0,9.0,20.0,0.0,14.0,17.0,9.0,25.0,42.0,15.0,3.0,0.0,0.0,19.0,0.0,47.0,40.0,2.0,27.0,58.0,70.0,8.0,0.0,4.0,8.0,15.0,0.0,1.0,25.0,6.0,29.0,30.0,45.0,46.0,53.0,7.0,12.0,18.0,0.0,29.0,69.0,2.0,6.0,5.0,23.0,5.0,81.0,9.0,8.0,3.0,0.0,0.0,3.0,1.0,2.0,1.0,3.0,0.0,52.0,64.0,9.0,0.0,1.0,23.0,10.0,0.0,2.0,0.0,1.0,3.0,17.0,13.0,0.0,4.0,310.0,0.0,150.0,5.0,20.0,2.0,10.0,11.0,0.0,2.0,5.0,1.0,8.0,0.0,0.0,1.0,6.0,0.0,8.0,2.0,2.0,1.0,11.0,20.0,16.0,1.0,33.0,7.0,3.0,32.0,4.0,9.0,21.0,12.0,53.0,320.0,2.0,19.0,10.0,21.0,27.0,12.0,26.0,14.0,8.0,24.0,235.0,2.0,3.0,0.0,0.0,13.0,8.0,21.0,2.0,0.0,0.0,1.0,33.0,3.0,26.0,0.0,11.0,16.0,2.0,3.0,1.0,75.0,36.0,8.0,1.0,11.0,66.0,12.0,41.0,8.0,146.0,61.0,0.0,1.0,3.0,1.0,3.0,2.0,4.0,0.0,6.0,10.0,1.0,80.0,26.0,7.0,3.0,26.0,3.0,12.0,9.0,0.0,2.0,1.0,2.0,22.0,24.0,10.0,17.0,0.0,1.0,14.0,10.0,1.0,36.0,19.0,7.0,15.0,57.0,3.0,109.0,4.0,10.0,60.0,11.0,10.0,0.0,12.0,14.0,87.0,1.0,19.0,44.0,4.0,30.0,28.0,80.0,4.0,7.0,163.0,152.0,0.0,0.0,1.0,1.0,0.0,4.0,40.0,0.0,2.0,0.0,7.0,138.0,7.0,5.0,1.0,0.0,1.0,36.0,1.0,3.0,2.0,11.0,1.0,60.0,0.0,16.0,11.0,0.0,68.0,62.0,4.0,0.0,0.0,3.0,0.0,0.0,108.0,2.0,48.0,8.0,4.0,2.0,8.0,1.0,0.0,0.0,0.0,0.0,0.0,0.0,1.0,0.0,0.0,1.0,0.0,0.0,0.0,0.0,0.0,5.0,1.0,1.0,14.0,13.0,2.0,5.0,0.0,0.0,8.0,2.0,1.0,6.0,2.0,3.0,485.0,68.0,1.0,25.0,3.0,30.0,18.0,6.0,11.0,3.0,2.0,2.0,0.0,21.0,37.0,60.0,29.0,23.0,2.0,9.0,2.0,1.0,2028.0,0.0,1.0,2.0,8.0,2.0,1.0,0.0,0.0,1.0,6.0,2.0,0.0,1.0,19.0,0.0,1.0,135.0,8.0,3.0,6.0,0.0,0.0,0.0,3.0,0.0,0.0,0.0,11.0,1.0,0.0,1.0,0.0,0.0,0.0,0.0,1.0,1.0,1.0,16.0,0.0,1.0,0.0,1.0,0.0,0.0,4.0,0.0,0.0,1.0,0.0,2.0,0.0,0.0,3.0,1.0,1.0,74.0,1.0,1.0,2.0,27.0,2.0,59.0,1.0,4.0,0.0,0.0,3.0,1.0,0.0,0.0,4.0,0.0,46.0,0.0,0.0,0.0,0.0,0.0,0.0,0.0,0.0,0.0,0.0,21.0,0.0,10.0,0.0,0.0,0.0,0.0,0.0,0.0,0.0,0.0,0.0,0.0,0.0,0.0,1.0,1.0,0.0,1.0,0.0,0.0,0.0,0.0,1.0,0.0,1.0,0.0,0.0,0.0,2.0,0.0,0.0,0.0,2.0,0.0,0.0,0.0,0.0,1.0,0.0,0.0,0.0,0.0,0.0,0.0,0.0,1.0,0.0,0.0,0.0,0.0,0.0,0.0,2.0,0.0,0.0,0.0,0.0,0.0,0.0,0.0,0.0,0.0,4.0,0.0,0.0,0.0,0.0,0.0,0.0,0.0,0.0,0.0,0.0,18.0,13.0,99.0,3.0,0.0,1.0,1.0,6.0,8.0,0.0,56.0,8.0,22.0,26.0,1.0,5.0,73.0,13.0,2.0,17.0,20.0,7.0,16.0,75.0,4.0,9.0,571.0,8.0,20.0,21.0,10.0,0.0,0.0,0.0,10.0,28.0,2.0,5.0,7.0,1.0,10.0,368.0,2.0,14.0,4.0,1.0,16.0,0.0,1.0,1.0,82.0
2003-01-01,272.0,0.0,28.0,89.0,5.0,18.0,283.0,24.0,0.0,0.0,1.0,223.0,6.0,0.0,0.0,1.0,0.0,0.0,0.0,337.0,0.0,6.0,0.0,1.0,0.0,2.0,123.0,2.0,3.0,1.0,12.0,15.0,0.0,9.0,0.0,1.0,813.0,36.0,9.0,6.0,182.0,30.0,14.0,12.0,16.0,126.0,74.0,11.0,72.0,445.0,7.0,6.0,0.0,0.0,58.0,0.0,66.0,85.0,6.0,0.0,4.0,107.0,0.0,0.0,1.0,2.0,19.0,2.0,90.0,69.0,11.0,86.0,163.0,67.0,230.0,57.0,3.0,9.0,40.0,14.0,112.0,210.0,74.0,27.0,2.0,20.0,13.0,165.0,80.0,53.0,5.0,0.0,9.0,6.0,5.0,2.0,0.0,10.0,10.0,100.0,39.0,14.0,6.0,2.0,32.0,8.0,54.0,59.0,1.0,17.0,9.0,28.0,195.0,3.0,8.0,552.0,19.0,290.0,23.0,671.0,4.0,3.0,48.0,2.0,0.0,13.0,1.0,23.0,2.0,1.0,1.0,94.0,2.0,4.0,20.0,9.0,0.0,2.0,59.0,24.0,1.0,40.0,35.0,10.0,15.0,6.0,42.0,41.0,38.0,124.0,539.0,4.0,39.0,76.0,118.0,27.0,5.0,9.0,35.0,7.0,9.0,623.0,3.0,5.0,4.0,11.0,14.0,0.0,39.0,0.0,3.0,0.0,3.0,25.0,0.0,71.0,6.0,32.0,84.0,21.0,1.0,7.0,233.0,54.0,18.0,14.0,11.0,7.0,7.0,26.0,8.0,61.0,28.0,0.0,0.0,10.0,2.0,1.0,7.0,8.0,0.0,9.0,3.0,1.0,73.0,42.0,1.0,16.0,79.0,1.0,46.0,68.0,10.0,9.0,0.0,4.0,6.0,73.0,62.0,34.0,10.0,2.0,1.0,205.0,5.0,13.0,21.0,73.0,9.0,31.0,24.0,290.0,23.0,30.0,181.0,56.0,16.0,0.0,11.0,20.0,114.0,26.0,53.0,308.0,51.0,311.0,223.0,213.0,5.0,23.0,549.0,391.0,1.0,2.0,13.0,8.0,0.0,0.0,4.0,0.0,0.0,0.0,116.0,203.0,7.0,1.0,9.0,2.0,3.0,46.0,1.0,4.0,9.0,28.0,0.0,61.0,2.0,14.0,13.0,0.0,0.0,313.0,7.0,3.0,0.0,1.0,0.0,0.0,49.0,1.0,101.0,9.0,8.0,0.0,96.0,0.0,0.0,1.0,0.0,1.0,0.0,0.0,2.0,2.0,0.0,1.0,0.0,0.0,1.0,0.0,1.0,3.0,5.0,1.0,26.0,4.0,1.0,3.0,6.0,1.0,69.0,7.0,5.0,22.0,5.0,5.0,2570.0,156.0,3.0,12.0,2.0,14.0,3.0,17.0,47.0,6.0,2.0,2.0,0.0,9.0,25.0,139.0,71.0,46.0,3.0,6.0,6.0,0.0,620.0,10.0,3.0,5.0,41.0,5.0,5.0,2.0,0.0,1.0,16.0,3.0,0.0,14.0,79.0,0.0,14.0,501.0,5.0,0.0,5.0,5.0,1.0,1.0,4.0,14.0,0.0,0.0,1.0,0.0,1.0,2.0,1.0,0.0,0.0,10.0,0.0,0.0,1.0,96.0,1.0,1.0,4.0,3.0,0.0,3.0,17.0,1.0,0.0,0.0,0.0,0.0,2.0,0.0,5.0,1.0,0.0,1198.0,11.0,11.0,26.0,267.0,5.0,50.0,5.0,3.0,1.0,1.0,0.0,2.0,1.0,2.0,24.0,0.0,462.0,0.0,2.0,0.0,6.0,0.0,3.0,0.0,1.0,0.0,0.0,170.0,9.0,30.0,1.0,0.0,0.0,0.0,0.0,0.0,0.0,0.0,0.0,0.0,0.0,0.0,10.0,0.0,1.0,0.0,2.0,0.0,1.0,0.0,0.0,0.0,2.0,0.0,0.0,0.0,2.0,2.0,0.0,0.0,4.0,0.0,0.0,0.0,3.0,0.0,0.0,0.0,0.0,0.0,0.0,1.0,2.0,0.0,0.0,0.0,0.0,0.0,0.0,0.0,1.0,0.0,0.0,0.0,0.0,1.0,0.0,0.0,1.0,0.0,3.0,0.0,0.0,1.0,0.0,0.0,0.0,0.0,0.0,0.0,1.0,62.0,9.0,89.0,2.0,4.0,5.0,5.0,4.0,6.0,3.0,22.0,8.0,62.0,52.0,10.0,12.0,10.0,20.0,14.0,18.0,13.0,19.0,44.0,401.0,8.0,23.0,1456.0,118.0,59.0,31.0,107.0,1.0,2.0,2.0,3.0,6.0,0.0,4.0,13.0,0.0,4.0,1092.0,1.0,26.0,9.0,5.0,6.0,0.0,2.0,0.0,189.0
2003-02-01,156.0,4.0,22.0,46.0,6.0,40.0,319.0,44.0,0.0,1.0,2.0,231.0,4.0,0.0,0.0,0.0,0.0,0.0,1.0,487.0,5.0,1.0,2.0,0.0,0.0,0.0,106.0,1.0,1.0,1.0,10.0,60.0,0.0,15.0,0.0,3.0,802.0,46.0,23.0,16.0,114.0,26.0,14.0,16.0,44.0,218.0,183.0,17.0,154.0,261.0,50.0,15.0,0.0,1.0,85.0,1.0,53.0,38.0,2.0,5.0,7.0,125.0,1.0,2.0,2.0,33.0,13.0,21.0,5.0,166.0,59.0,70.0,142.0,69.0,226.0,38.0,13.0,23.0,65.0,7.0,95.0,215.0,60.0,60.0,11.0,43.0,31.0,224.0,70.0,50.0,7.0,6.0,4.0,16.0,12.0,9.0,4.0,23.0,138.0,185.0,127.0,6.0,8.0,1.0,48.0,12.0,69.0,184.0,7.0,24.0,38.0,60.0,275.0,19.0,8.0,1338.0,29.0,356.0,72.0,1495.0,8.0,40.0,171.0,2.0,0.0,52.0,2.0,4.0,41.0,8.0,0.0,258.0,3.0,5.0,7.0,16.0,9.0,25.0,248.0,45.0,5.0,82.0,17.0,29.0,74.0,6.0,175.0,90.0,55.0,143.0,903.0,15.0,110.0,410.0,150.0,46.0,14.0,13.0,100.0,8.0,26.0,301.0,3.0,22.0,13.0,41.0,5.0,3.0,114.0,3.0,0.0,16.0,11.0,28.0,1.0,164.0,43.0,101.0,368.0,37.0,18.0,76.0,377.0,139.0,24.0,61.0,40.0,21.0,6.0,4.0,4.0,85.0,55.0,0.0,6.0,68.0,10.0,3.0,15.0,15.0,0.0,10.0,6.0,1.0,89.0,48.0,0.0,16.0,155.0,8.0,111.0,80.0,14.0,3.0,4.0,0.0,8.0,97.0,83.0,25.0,19.0,0.0,14.0,463.0,3.0,2.0,32.0,93.0,21.0,253.0,121.0,433.0,59.0,224.0,303.0,224.0,10.0,1.0,21.0,19.0,125.0,75.0,228.0,814.0,142.0,612.0,191.0,335.0,36.0,41.0,1207.0,587.0,0.0,1.0,13.0,37.0,2.0,0.0,18.0,0.0,0.0,0.0,323.0,208.0,12.0,11.0,36.0,38.0,11.0,104.0,1.0,21.0,21.0,52.0,1.0,90.0,1.0,74.0,12.0,2.0,1.0,741.0,1.0,3.0,0.0,3.0,1.0,0.0,37.0,14.0,194.0,15.0,23.0,1.0,418.0,16.0,2.0,3.0,2.0,1.0,2.0,0.0,1.0,2.0,1.0,1.0,0.0,0.0,0.0,0.0,1.0,1.0,4.0,3.0,16.0,4.0,3.0,13.0,5.0,11.0,504.0,4.0,16.0,37.0,32.0,22.0,8695.0,821.0,18.0,19.0,14.0,21.0,4.0,20.0,67.0,3.0,3.0,6.0,4.0,20.0,27.0,282.0,172.0,18.0,2.0,7.0,4.0,11.0,638.0,16.0,13.0,10.0,135.0,3.0,6.0,3.0,2.0,3.0,11.0,7.0,1.0,32.0,96.0,3.0,73.0,1069.0,28.0,2.0,33.0,5.0,4.0,1.0,11.0,10.0,0.0,0.0,0.0,0.0,2.0,10.0,25.0,0.0,0.0,1.0,1.0,0.0,4.0,107.0,2.0,0.0,2.0,17.0,0.0,1.0,30.0,0.0,0.0,0.0,1.0,0.0,0.0,0.0,11.0,5.0,1.0,827.0,8.0,22.0,56.0,431.0,4.0,95.0,32.0,3.0,2.0,6.0,2.0,3.0,1.0,4.0,105.0,0.0,1680.0,0.0,2.0,4.0,11.0,2.0,0.0,0.0,0.0,0.0,1.0,135.0,21.0,130.0,2.0,0.0,1.0,0.0,0.0,0.0,0.0,0.0,0.0,0.0,0.0,0.0,6.0,4.0,0.0,1.0,3.0,0.0,0.0,0.0,0.0,1.0,1.0,1.0,0.0,0.0,0.0,1.0,0.0,0.0,3.0,1.0,1.0,0.0,2.0,0.0,0.0,0.0,0.0,0.0,0.0,0.0,0.0,0.0,0.0,0.0,0.0,0.0,0.0,0.0,2.0,0.0,1.0,0.0,2.0,0.0,2.0,1.0,0.0,0.0,5.0,0.0,0.0,0.0,0.0,0.0,0.0,0.0,0.0,0.0,1.0,47.0,36.0,244.0,2.0,36.0,2.0,4.0,7.0,23.0,2.0,40.0,15.0,73.0,28.0,23.0,11.0,12.0,47.0,52.0,9.0,21.0,22.0,33.0,248.0,2.0,66.0,2040.0,256.0,81.0,12.0,202.0,3.0,2.0,0.0,7.0,7.0,4.0,12.0,23.0,2.0,3.0,1741.0,0.0,38.0,20.0,7.0,6.0,5.0,0.0,1.0,189.0
2003-03-01,90.0,0.0,18.0,42.0,5.0,15.0,281.0,20.0,0.0,0.0,0.0,148.0,4.0,0.0,0.0,0.0,0.0,0.0,2.0,780.0,31.0,1.0,3.0,0.0,0.0,0.0,36.0,1.0,1.0,0.0,14.0,76.0,0.0,2.0,0.0,0.0,395.0,54.0,14.0,23.0,68.0,21.0,42.0,26.0,10.0,128.0,98.0,61.0,150.0,202.0,22.0,30.0,0.0,0.0,112.0,0.0,23.0,30.0,15.0,17.0,11.0,90.0,16.0,1.0,2.0,50.0,22.0,37.0,9.0,103.0,39.0,31.0,66.0,212.0,173.0,8.0,9.0,36.0,64.0,10.0,211.0,59.0,9.0,26.0,15.0,115.0,60.0,594.0,171.0,23.0,10.0,13.0,3.0,67.0,13.0,13.0,44.0,216.0,300.0,205.0,247.0,42.0,12.0,1.0,101.0,16.0,62.0,129.0,7.0,38.0,36.0,79.0,136.0,24.0,37.0,2005.0,35.0,445.0,287.0,367.0,29.0,94.0,335.0,3.0,0.0,481.0,2.0,12.0,90.0,10.0,15.0,452.0,6.0,9.0,10.0,23.0,16.0,24.0,613.0,52.0,9.0,198.0,35.0,64.0,212.0,43.0,220.0,250.0,41.0,387.0,1094.0,95.0,246.0,616.0,183.0,157.0,29.0,54.0,329.0,18.0,28.0,287.0,3.0,30.0,31.0,102.0,15.0,5.0,172.0,5.0,5.0,1.0,21.0,35.0,7.0,253.0,92.0,279.0,535.0,102.0,78.0,274.0,966.0,236.0,46.0,96.0,192.0,47.0,8.0,10.0,12.0,270.0,133.0,0.0,8.0,35.0,9.0,15.0,16.0,41.0,0.0,21.0,10.0,3.0,157.0,28.0,0.0,23.0,143.0,9.0,168.0,45.0,42.0,2.0,23.0,0.0,21.0,179.0,94.0,78.0,16.0,0.0,224.0,1058.0,95.0,2.0,66.0,338.0,30.0,727.0,153.0,600.0,25.0,426.0,592.0,489.0,12.0,3.0,16.0,63.0,518.0,118.0,329.0,1405.0,110.0,735.0,118.0,696.0,117.0,212.0,2422.0,766.0,33.0,2.0,8.0,122.0,5.0,20.0,12.0,0.0,0.0,0.0,160.0,146.0,32.0,6.0,103.0,104.0,89.0,111.0,0.0,40.0,116.0,61.0,3.0,97.0,2.0,287.0,27.0,0.0,4.0,1083.0,5.0,1.0,0.0,2.0,0.0,0.0,106.0,42.0,315.0,13.0,355.0,1.0,1098.0,73.0,12.0,9.0,2.0,3.0,2.0,1.0,1.0,1.0,0.0,1.0,1.0,0.0,0.0,2.0,2.0,3.0,7.0,5.0,3.0,11.0,4.0,95.0,8.0,21.0,406.0,84.0,39.0,153.0,64.0,21.0,8251.0,911.0,16.0,17.0,14.0,59.0,3.0,22.0,150.0,8.0,3.0,1.0,0.0,10.0,30.0,350.0,155.0,8.0,2.0,6.0,2.0,9.0,394.0,54.0,7.0,17.0,277.0,24.0,16.0,1.0,3.0,3.0,27.0,10.0,1.0,34.0,450.0,4.0,237.0,1721.0,302.0,8.0,64.0,9.0,1.0,8.0,22.0,5.0,0.0,1.0,0.0,3.0,6.0,46.0,37.0,0.0,0.0,0.0,1.0,0.0,3.0,72.0,52.0,0.0,1.0,50.0,0.0,0.0,39.0,0.0,2.0,0.0,0.0,1.0,0.0,0.0,4.0,6.0,1.0,1197.0,6.0,27.0,36.0,720.0,6.0,267.0,64.0,13.0,0.0,2.0,2.0,14.0,83.0,7.0,271.0,5.0,4471.0,1.0,0.0,14.0,73.0,0.0,0.0,0.0,2.0,0.0,0.0,105.0,21.0,321.0,0.0,0.0,1.0,0.0,0.0,0.0,1.0,0.0,0.0,0.0,0.0,0.0,6.0,0.0,0.0,0.0,3.0,0.0,0.0,1.0,0.0,0.0,2.0,0.0,1.0,1.0,0.0,0.0,0.0,0.0,3.0,0.0,0.0,1.0,0.0,1.0,1.0,0.0,0.0,0.0,0.0,0.0,0.0,0.0,0.0,0.0,0.0,0.0,1.0,0.0,1.0,0.0,0.0,0.0,0.0,0.0,0.0,0.0,0.0,0.0,6.0,0.0,0.0,0.0,0.0,0.0,0.0,0.0,0.0,0.0,2.0,61.0,33.0,345.0,13.0,44.0,1.0,28.0,22.0,77.0,10.0,25.0,6.0,43.0,22.0,5.0,23.0,7.0,24.0,104.0,19.0,26.0,26.0,29.0,113.0,3.0,33.0,536.0,75.0,81.0,4.0,93.0,1.0,2.0,0.0,10.0,4.0,22.0,14.0,6.0,2.0,1.0,1537.0,1.0,23.0,14.0,2.0,7.0,20.0,0.0,0.0,152.0
2003-04-01,31.0,0.0,8.0,22.0,2.0,5.0,152.0,7.0,0.0,0.0,0.0,88.0,5.0,0.0,0.0,0.0,0.0,0.0,2.0,666.0,15.0,2.0,4.0,0.0,0.0,1.0,8.0,1.0,0.0,0.0,3.0,58.0,0.0,0.0,0.0,2.0,173.0,25.0,5.0,10.0,23.0,16.0,11.0,10.0,5.0,67.0,75.0,36.0,104.0,52.0,11.0,7.0,0.0,2.0,95.0,0.0,14.0,40.0,20.0,8.0,6.0,197.0,9.0,5.0,2.0,57.0,22.0,7.0,2.0,8.0,21.0,13.0,29.0,186.0,57.0,17.0,4.0,15.0,45.0,29.0,62.0,22.0,0.0,8.0,6.0,73.0,37.0,1081.0,171.0,13.0,37.0,7.0,9.0,69.0,15.0,29.0,14.0,351.0,105.0,78.0,50.0,28.0,5.0,3.0,102.0,46.0,73.0,41.0,12.0,21.0,15.0,120.0,47.0,13.0,42.0,3068.0,34.0,528.0,269.0,29.0,76.0,71.0,328.0,5.0,14.0,346.0,7.0,15.0,239.0,7.0,13.0,369.0,9.0,22.0,11.0,11.0,12.0,45.0,356.0,25.0,19.0,147.0,32.0,34.0,174.0,112.0,112.0,291.0,79.0,386.0,2366.0,74.0,429.0,479.0,171.0,229.0,103.0,50.0,363.0,36.0,49.0,160.0,7.0,31.0,34.0,52.0,33.0,5.0,343.0,25.0,3.0,23.0,4.0,39.0,5.0,326.0,76.0,297.0,358.0,183.0,125.0,351.0,1224.0,122.0,20.0,90.0,143.0,48.0,27.0,37.0,4.0,123.0,88.0,1.0,22.0,39.0,6.0,12.0,27.0,74.0,14.0,14.0,40.0,2.0,271.0,75.0,8.0,28.0,70.0,9.0,146.0,15.0,68.0,4.0,16.0,2.0,22.0,266.0,68.0,136.0,79.0,6.0,53.0,393.0,215.0,2.0,18.0,289.0,46.0,805.0,238.0,383.0,29.0,290.0,493.0,573.0,7.0,6.0,14.0,55.0,140.0,49.0,101.0,708.0,9.0,247.0,53.0,261.0,142.0,124.0,3859.0,388.0,15.0,1.0,3.0,46.0,0.0,44.0,3.0,0.0,0.0,0.0,21.0,28.0,26.0,15.0,86.0,24.0,96.0,36.0,2.0,16.0,33.0,17.0,4.0,20.0,0.0,140.0,15.0,0.0,1.0,1069.0,3.0,1.0,2.0,1.0,1.0,0.0,74.0,5.0,221.0,31.0,136.0,0.0,427.0,103.0,37.0,15.0,0.0,3.0,0.0,0.0,0.0,0.0,0.0,0.0,0.0,1.0,0.0,2.0,0.0,3.0,3.0,3.0,1.0,16.0,0.0,68.0,0.0,16.0,356.0,164.0,54.0,141.0,60.0,2.0,1895.0,521.0,1.0,7.0,3.0,15.0,0.0,37.0,66.0,1.0,0.0,2.0,0.0,7.0,19.0,161.0,65.0,9.0,1.0,0.0,0.0,1.0,198.0,74.0,3.0,13.0,151.0,39.0,55.0,5.0,0.0,6.0,40.0,4.0,1.0,16.0,406.0,0.0,89.0,532.0,220.0,34.0,32.0,5.0,0.0,1.0,5.0,2.0,1.0,0.0,1.0,3.0,0.0,11.0,17.0,0.0,0.0,0.0,1.0,0.0,2.0,21.0,5.0,1.0,0.0,14.0,0.0,1.0,21.0,0.0,0.0,0.0,0.0,0.0,0.0,0.0,8.0,1.0,2.0,445.0,3.0,30.0,10.0,280.0,6.0,411.0,30.0,4.0,1.0,0.0,5.0,33.0,44.0,21.0,226.0,4.0,1547.0,0.0,3.0,8.0,14.0,0.0,0.0,0.0,0.0,0.0,0.0,40.0,8.0,196.0,0.0,0.0,1.0,0.0,0.0,0.0,0.0,0.0,0.0,0.0,0.0,0.0,4.0,1.0,1.0,0.0,0.0,0.0,0.0,1.0,0.0,0.0,0.0,0.0,0.0,0.0,0.0,0.0,0.0,0.0,0.0,0.0,0.0,1.0,0.0,0.0,0.0,1.0,0.0,0.0,0.0,0.0,0.0,1.0,1.0,0.0,1.0,0.0,0.0,0.0,0.0,0.0,0.0,0.0,0.0,0.0,0.0,0.0,0.0,0.0,3.0,0.0,0.0,0.0,0.0,0.0,0.0,0.0,0.0,0.0,0.0,16.0,16.0,329.0,23.0,30.0,0.0,16.0,38.0,70.0,6.0,8.0,5.0,6.0,8.0,4.0,14.0,9.0,12.0,54.0,22.0,14.0,37.0,7.0,28.0,0.0,9.0,74.0,10.0,33.0,7.0,42.0,3.0,0.0,1.0,3.0,5.0,16.0,9.0,9.0,1.0,5.0,1248.0,8.0,27.0,18.0,2.0,10.0,6.0,2.0,0.0,119.0
2003-05-01,26.0,0.0,5.0,12.0,0.0,1.0,81.0,13.0,0.0,1.0,1.0,44.0,1.0,5.0,0.0,0.0,1.0,1.0,3.0,721.0,7.0,19.0,1.0,0.0,0.0,17.0,48.0,1.0,3.0,0.0,2.0,36.0,0.0,8.0,3.0,10.0,65.0,24.0,1.0,8.0,15.0,1.0,4.0,7.0,0.0,27.0,40.0,9.0,80.0,28.0,4.0,2.0,1.0,0.0,193.0,0.0,28.0,46.0,37.0,5.0,6.0,148.0,14.0,1.0,6.0,120.0,9.0,2.0,2.0,3.0,18.0,13.0,28.0,69.0,65.0,6.0,5.0,14.0,16.0,43.0,48.0,26.0,0.0,9.0,2.0,72.0,69.0,1072.0,117.0,66.0,78.0,1.0,20.0,20.0,23.0,105.0,19.0,303.0,38.0,126.0,60.0,24.0,10.0,3.0,115.0,29.0,41.0,33.0,14.0,8.0,11.0,169.0,44.0,10.0,61.0,3514.0,25.0,518.0,331.0,34.0,33.0,80.0,231.0,11.0,3.0,464.0,8.0,17.0,179.0,22.0,7.0,453.0,8.0,69.0,42.0,12.0,14.0,41.0,154.0,8.0,13.0,101.0,30.0,47.0,215.0,52.0,148.0,115.0,33.0,297.0,3710.0,30.0,297.0,228.0,230.0,231.0,78.0,65.0,231.0,65.0,79.0,252.0,29.0,25.0,19.0,48.0,45.0,16.0,438.0,10.0,7.0,36.0,18.0,76.0,1.0,114.0,63.0,192.0,137.0,255.0,71.0,97.0,1181.0,79.0,25.0,267.0,129.0,18.0,1.0,79.0,3.0,85.0,16.0,0.0,16.0,98.0,13.0,23.0,197.0,169.0,1.0,39.0,57.0,6.0,634.0,73.0,9.0,58.0,20.0,18.0,75.0,4.0,36.0,14.0,17.0,9.0,17.0,357.0,21.0,105.0,98.0,3.0,72.0,266.0,181.0,3.0,82.0,157.0,59.0,323.0,171.0,270.0,21.0,247.0,161.0,253.0,11.0,7.0,8.0,22.0,135.0,58.0,51.0,294.0,0.0,175.0,25.0,96.0,99.0,43.0,1833.0,246.0,3.0,0.0,1.0,15.0,1.0,21.0,2.0,0.0,0.0,0.0,9.0,7.0,9.0,19.0,35.0,14.0,115.0,24.0,0.0,3.0,46.0,32.0,7.0,3.0,1.0,75.0,42.0,0.0,1.0,632.0,3.0,0.0,0.0,1.0,0.0,0.0,45.0,3.0,161.0,23.0,28.0,1.0,71.0,21.0,26.0,0.0,0.0,0.0,0.0,0.0,0.0,0.0,0.0,0.0,1.0,0.0,0.0,1.0,1.0,0.0,0.0,2.0,0.0,8.0,1.0,13.0,0.0,5.0,178.0,131.0,42.0,92.0,14.0,3.0,829.0,219.0,0.0,4.0,1.0,17.0,0.0,7.0,53.0,0.0,3.0,0.0,0.0,2.0,12.0,79.0,17.0,5.0,0.0,0.0,1.0,1.0,128.0,51.0,1.0,2.0,59.0,9.0,30.0,5.0,0.0,3.0,8.0,2.0,0.0,4.0,140.0,0.0,23.0,210.0,101.0,6.0,17.0,2.0,0.0,0.0,11.0,1.0,0.0,0.0,0.0,0.0,2.0,3.0,4.0,0.0,0.0,0.0,1.0,0.0,0.0,2.0,3.0,1.0,0.0,2.0,1.0,0.0,15.0,0.0,0.0,0.0,2.0,0.0,0.0,0.0,6.0,1.0,4.0,132.0,0.0,11.0,4.0,133.0,5.0,505.0,7.0,1.0,0.0,0.0,2.0,14.0,5.0,3.0,38.0,0.0,244.0,0.0,0.0,2.0,0.0,0.0,0.0,0.0,0.0,0.0,0.0,11.0,9.0,60.0,1.0,0.0,0.0,0.0,0.0,0.0,0.0,0.0,0.0,0.0,0.0,0.0,6.0,0.0,0.0,0.0,1.0,0.0,0.0,0.0,0.0,0.0,0.0,0.0,0.0,0.0,1.0,1.0,0.0,0.0,0.0,0.0,0.0,0.0,0.0,0.0,0.0,0.0,0.0,0.0,0.0,0.0,0.0,0.0,1.0,0.0,0.0,0.0,0.0,0.0,0.0,0.0,0.0,0.0,0.0,0.0,0.0,0.0,0.0,0.0,4.0,0.0,0.0,0.0,0.0,0.0,0.0,0.0,0.0,0.0,0.0,5.0,12.0,105.0,15.0,2.0,1.0,7.0,15.0,11.0,3.0,8.0,2.0,2.0,14.0,0.0,6.0,5.0,4.0,44.0,24.0,6.0,25.0,5.0,11.0,0.0,0.0,7.0,7.0,10.0,0.0,20.0,0.0,1.0,1.0,2.0,1.0,5.0,3.0,4.0,1.0,3.0,761.0,10.0,6.0,19.0,3.0,1.0,1.0,1.0,1.0,79.0
2003-06-01,11.0,0.0,2.0,3.0,0.0,2.0,101.0,1.0,1.0,0.0,0.0,35.0,3.0,4.0,0.0,0.0,0.0,1.0,2.0,361.0,4.0,4.0,0.0,0.0,0.0,23.0,117.0,4.0,3.0,1.0,2.0,24.0,0.0,5.0,1.0,54.0,69.0,9.0,3.0,15.0,7.0,1.0,8.0,11.0,1.0,9.0,16.0,2.0,54.0,27.0,0.0,1.0,0.0,0.0,279.0,0.0,14.0,25.0,8.0,3.0,2.0,29.0,6.0,2.0,1.0,113.0,6.0,0.0,2.0,1.0,1.0,0.0,11.0,21.0,28.0,4.0,4.0,7.0,6.0,9.0,20.0,15.0,0.0,9.0,3.0,47.0,52.0,633.0,67.0,60.0,11.0,1.0,14.0,5.0,7.0,89.0,1.0,106.0,22.0,59.0,24.0,20.0,5.0,0.0,67.0,26.0,41.0,2.0,4.0,2.0,6.0,103.0,30.0,20.0,18.0,2286.0,14.0,231.0,174.0,19.0,19.0,41.0,136.0,7.0,7.0,316.0,13.0,3.0,142.0,10.0,31.0,242.0,15.0,28.0,14.0,6.0,9.0,6.0,70.0,3.0,7.0,42.0,12.0,54.0,73.0,10.0,73.0,63.0,41.0,205.0,2290.0,12.0,154.0,55.0,93.0,77.0,108.0,9.0,88.0,35.0,39.0,74.0,12.0,13.0,13.0,28.0,19.0,1.0,106.0,7.0,1.0,5.0,12.0,33.0,1.0,127.0,81.0,51.0,31.0,78.0,22.0,28.0,500.0,55.0,15.0,162.0,52.0,5.0,5.0,24.0,2.0,48.0,7.0,0.0,14.0,27.0,27.0,19.0,75.0,98.0,0.0,16.0,62.0,12.0,828.0,129.0,27.0,25.0,9.0,6.0,64.0,2.0,8.0,26.0,4.0,11.0,9.0,294.0,15.0,86.0,41.0,5.0,9.0,117.0,89.0,0.0,28.0,62.0,51.0,33.0,31.0,139.0,4.0,151.0,63.0,125.0,15.0,0.0,12.0,8.0,81.0,29.0,23.0,72.0,2.0,38.0,0.0,17.0,41.0,20.0,322.0,154.0,2.0,0.0,0.0,8.0,0.0,3.0,0.0,0.0,0.0,0.0,2.0,1.0,1.0,10.0,9.0,6.0,60.0,9.0,0.0,1.0,20.0,9.0,0.0,3.0,0.0,34.0,5.0,0.0,0.0,131.0,1.0,0.0,0.0,0.0,0.0,0.0,23.0,4.0,61.0,4.0,11.0,1.0,11.0,3.0,1.0,1.0,0.0,0.0,0.0,1.0,0.0,0.0,0.0,0.0,1.0,0.0,0.0,0.0,0.0,0.0,0.0,0.0,0.0,1.0,0.0,2.0,0.0,1.0,54.0,74.0,13.0,61.0,3.0,0.0,433.0,104.0,0.0,2.0,0.0,9.0,0.0,2.0,39.0,2.0,0.0,0.0,0.0,7.0,2.0,22.0,6.0,2.0,0.0,2.0,0.0,1.0,48.0,6.0,0.0,0.0,10.0,1.0,0.0,2.0,0.0,0.0,2.0,1.0,1.0,0.0,37.0,0.0,4.0,35.0,28.0,1.0,0.0,0.0,0.0,0.0,2.0,0.0,0.0,0.0,0.0,0.0,0.0,1.0,2.0,0.0,0.0,0.0,0.0,0.0,0.0,0.0,0.0,0.0,0.0,0.0,0.0,0.0,2.0,0.0,0.0,0.0,0.0,0.0,0.0,0.0,11.0,0.0,0.0,10.0,0.0,6.0,2.0,43.0,0.0,179.0,1.0,0.0,1.0,1.0,0.0,3.0,0.0,0.0,12.0,0.0,11.0,0.0,0.0,0.0,0.0,0.0,0.0,0.0,0.0,0.0,0.0,4.0,2.0,1.0,0.0,0.0,0.0,0.0,0.0,0.0,0.0,0.0,0.0,0.0,0.0,0.0,0.0,0.0,0.0,0.0,0.0,0.0,0.0,0.0,0.0,0.0,1.0,0.0,0.0,0.0,0.0,1.0,0.0,0.0,2.0,0.0,0.0,0.0,0.0,0.0,0.0,1.0,0.0,0.0,0.0,0.0,0.0,0.0,0.0,0.0,0.0,0.0,0.0,0.0,0.0,0.0,0.0,0.0,0.0,0.0,0.0,0.0,0.0,0.0,1.0,1.0,0.0,0.0,0.0,0.0,0.0,0.0,0.0,0.0,0.0,1.0,4.0,43.0,5.0,0.0,0.0,3.0,8.0,0.0,1.0,2.0,2.0,2.0,2.0,2.0,3.0,5.0,0.0,19.0,13.0,8.0,11.0,8.0,2.0,0.0,0.0,4.0,0.0,6.0,3.0,4.0,0.0,0.0,0.0,1.0,2.0,0.0,1.0,3.0,1.0,1.0,327.0,0.0,5.0,5.0,0.0,1.0,0.0,1.0,0.0,36.0
2003-07-01,17.0,0.0,0.0,5.0,0.0,0.0,67.0,1.0,0.0,0.0,0.0,17.0,0.0,34.0,0.0,0.0,0.0,0.0,2.0,154.0,4.0,2.0,0.0,0.0,0.0,20.0,686.0,9.0,49.0,4.0,3.0,30.0,0.0,0.0,2.0,49.0,73.0,13.0,8.0,18.0,2.0,1.0,1.0,6.0,1.0,10.0,13.0,2.0,17.0,12.0,0.0,0.0,2.0,0.0,644.0,0.0,6.0,15.0,1.0,1.0,0.0,8.0,0.0,2.0,0.0,89.0,2.0,1.0,3.0,1.0,3.0,2.0,11.0,7.0,8.0,1.0,40.0,7.0,5.0,2.0,13.0,4.0,0.0,6.0,3.0,28.0,29.0,333.0,45.0,10.0,20.0,0.0,10.0,1.0,5.0,12.0,1.0,9.0,0.0,20.0,14.0,19.0,2.0,4.0,47.0,11.0,11.0,2.0,2.0,0.0,6.0,26.0,13.0,19.0,17.0,818.0,3.0,67.0,45.0,7.0,15.0,44.0,150.0,1.0,6.0,99.0,4.0,2.0,76.0,5.0,13.0,87.0,12.0,16.0,8.0,5.0,2.0,8.0,60.0,1.0,15.0,32.0,1.0,19.0,33.0,5.0,45.0,32.0,16.0,117.0,479.0,40.0,67.0,76.0,35.0,20.0,46.0,9.0,46.0,23.0,22.0,45.0,13.0,15.0,4.0,12.0,29.0,8.0,104.0,3.0,1.0,1.0,9.0,36.0,0.0,21.0,41.0,15.0,10.0,34.0,6.0,16.0,216.0,30.0,25.0,43.0,27.0,3.0,0.0,16.0,0.0,40.0,25.0,1.0,5.0,7.0,15.0,3.0,20.0,54.0,0.0,10.0,87.0,10.0,560.0,81.0,31.0,4.0,5.0,1.0,36.0,0.0,6.0,15.0,1.0,3.0,13.0,153.0,9.0,45.0,7.0,0.0,2.0,42.0,11.0,2.0,3.0,34.0,17.0,21.0,36.0,123.0,3.0,61.0,63.0,42.0,12.0,0.0,4.0,14.0,75.0,4.0,3.0,33.0,1.0,8.0,0.0,7.0,48.0,6.0,139.0,69.0,0.0,0.0,0.0,0.0,0.0,0.0,0.0,0.0,0.0,1.0,0.0,0.0,0.0,1.0,3.0,1.0,10.0,1.0,0.0,0.0,5.0,6.0,0.0,0.0,0.0,1.0,5.0,0.0,0.0,23.0,0.0,0.0,0.0,0.0,0.0,0.0,6.0,0.0,14.0,0.0,5.0,0.0,3.0,0.0,0.0,0.0,0.0,0.0,0.0,0.0,0.0,0.0,0.0,0.0,0.0,0.0,0.0,0.0,0.0,0.0,0.0,0.0,0.0,0.0,0.0,0.0,0.0,0.0,16.0,10.0,5.0,6.0,1.0,0.0,173.0,21.0,0.0,0.0,0.0,2.0,0.0,2.0,9.0,0.0,0.0,0.0,0.0,2.0,2.0,2.0,1.0,1.0,0.0,0.0,0.0,1.0,45.0,0.0,0.0,0.0,2.0,1.0,0.0,0.0,0.0,0.0,1.0,1.0,0.0,1.0,11.0,0.0,1.0,10.0,1.0,0.0,0.0,0.0,0.0,0.0,3.0,2.0,0.0,0.0,0.0,0.0,0.0,0.0,0.0,0.0,0.0,0.0,0.0,0.0,0.0,1.0,0.0,0.0,0.0,0.0,0.0,0.0,3.0,0.0,0.0,0.0,0.0,0.0,0.0,0.0,11.0,1.0,0.0,4.0,1.0,1.0,0.0,32.0,1.0,42.0,0.0,0.0,1.0,0.0,0.0,0.0,0.0,0.0,2.0,0.0,3.0,0.0,0.0,0.0,0.0,0.0,0.0,0.0,0.0,0.0,0.0,0.0,1.0,0.0,0.0,0.0,0.0,0.0,0.0,0.0,0.0,0.0,0.0,0.0,0.0,0.0,2.0,0.0,0.0,0.0,0.0,0.0,0.0,0.0,0.0,0.0,0.0,0.0,0.0,0.0,1.0,0.0,0.0,0.0,0.0,0.0,0.0,0.0,0.0,0.0,0.0,0.0,0.0,0.0,0.0,0.0,0.0,0.0,0.0,0.0,0.0,0.0,0.0,0.0,0.0,0.0,0.0,0.0,0.0,1.0,0.0,0.0,0.0,0.0,1.0,0.0,0.0,0.0,0.0,0.0,0.0,0.0,0.0,0.0,0.0,2.0,1.0,11.0,1.0,0.0,2.0,1.0,1.0,2.0,0.0,0.0,5.0,0.0,2.0,2.0,0.0,2.0,0.0,18.0,11.0,2.0,7.0,0.0,3.0,1.0,1.0,6.0,0.0,3.0,0.0,4.0,0.0,0.0,0.0,0.0,1.0,1.0,0.0,3.0,2.0,0.0,191.0,0.0,3.0,2.0,1.0,0.0,1.0,0.0,0.0,39.0
2003-08-01,32.0,0.0,0.0,3.0,0.0,0.0,13.0,0.0,0.0,0.0,0.0,7.0,0.0,1.0,0.0,0.0,0.0,0.0,0.0,76.0,0.0,1.0,0.0,0.0,0.0,1.0,1458.0,18.0,110.0,7.0,1.0,50.0,0.0,0.0,3.0,14.0,138.0,1.0,10.0,30.0,12.0,3.0,7.0,1.0,1.0,1.0,13.0,5.0,3.0,4.0,0.0,0.0,2.0,0.0,1119.0,2.0,8.0,7.0,2.0,0.0,0.0,0.0,4.0,0.0,0.0,50.0,4.0,2.0,0.0,1.0,0.0,2.0,4.0,4.0,4.0,1.0,30.0,4.0,2.0,7.0,3.0,13.0,0.0,4.0,2.0,3.0,5.0,133.0,73.0,8.0,9.0,0.0,0.0,2.0,0.0,1.0,0.0,7.0,0.0,8.0,12.0,8.0,1.0,1.0,24.0,2.0,0.0,4.0,1.0,0.0,3.0,2.0,3.0,5.0,4.0,425.0,4.0,35.0,20.0,26.0,1.0,11.0,86.0,0.0,3.0,20.0,1.0,2.0,3.0,0.0,0.0,35.0,2.0,3.0,2.0,0.0,4.0,4.0,24.0,1.0,4.0,4.0,0.0,6.0,81.0,0.0,10.0,13.0,4.0,54.0,124.0,7.0,14.0,6.0,34.0,8.0,16.0,4.0,10.0,19.0,8.0,11.0,15.0,6.0,10.0,16.0,20.0,7.0,138.0,5.0,0.0,0.0,8.0,27.0,2.0,8.0,20.0,8.0,2.0,13.0,2.0,1.0,148.0,30.0,31.0,29.0,10.0,4.0,2.0,7.0,0.0,12.0,14.0,1.0,1.0,1.0,1.0,9.0,11.0,27.0,0.0,0.0,10.0,7.0,225.0,29.0,11.0,1.0,0.0,0.0,19.0,1.0,2.0,20.0,1.0,2.0,3.0,109.0,1.0,19.0,6.0,0.0,7.0,29.0,4.0,0.0,5.0,7.0,4.0,16.0,11.0,53.0,4.0,13.0,33.0,23.0,10.0,0.0,3.0,11.0,34.0,1.0,2.0,16.0,0.0,13.0,0.0,15.0,16.0,20.0,44.0,39.0,0.0,0.0,0.0,2.0,0.0,0.0,2.0,0.0,0.0,0.0,0.0,0.0,1.0,4.0,0.0,2.0,7.0,3.0,1.0,0.0,1.0,2.0,0.0,0.0,0.0,2.0,0.0,0.0,0.0,7.0,1.0,0.0,1.0,0.0,0.0,0.0,3.0,0.0,6.0,3.0,17.0,0.0,5.0,0.0,0.0,1.0,0.0,0.0,0.0,0.0,0.0,0.0,0.0,0.0,0.0,0.0,0.0,0.0,0.0,1.0,0.0,0.0,0.0,0.0,1.0,1.0,1.0,0.0,5.0,4.0,0.0,2.0,1.0,1.0,54.0,8.0,0.0,0.0,0.0,3.0,0.0,2.0,17.0,1.0,0.0,0.0,0.0,3.0,1.0,2.0,1.0,1.0,0.0,0.0,0.0,0.0,28.0,0.0,0.0,0.0,0.0,1.0,0.0,0.0,0.0,0.0,1.0,0.0,0.0,0.0,2.0,0.0,0.0,5.0,0.0,0.0,0.0,0.0,0.0,0.0,1.0,0.0,0.0,0.0,0.0,0.0,0.0,0.0,0.0,0.0,0.0,0.0,0.0,0.0,0.0,0.0,0.0,0.0,0.0,0.0,0.0,0.0,1.0,0.0,0.0,0.0,0.0,0.0,0.0,0.0,5.0,0.0,0.0,0.0,0.0,0.0,0.0,5.0,1.0,12.0,0.0,0.0,0.0,0.0,0.0,0.0,0.0,0.0,1.0,0.0,1.0,0.0,0.0,0.0,0.0,0.0,0.0,0.0,0.0,0.0,0.0,0.0,0.0,1.0,0.0,0.0,0.0,0.0,0.0,0.0,0.0,0.0,0.0,0.0,0.0,0.0,1.0,0.0,0.0,0.0,0.0,0.0,0.0,0.0,0.0,0.0,0.0,0.0,0.0,0.0,0.0,0.0,0.0,0.0,0.0,0.0,0.0,0.0,0.0,0.0,0.0,0.0,0.0,0.0,0.0,0.0,0.0,0.0,0.0,0.0,0.0,0.0,0.0,0.0,1.0,0.0,0.0,0.0,0.0,0.0,0.0,0.0,0.0,0.0,3.0,0.0,0.0,0.0,0.0,0.0,0.0,0.0,0.0,0.0,0.0,0.0,2.0,0.0,3.0,0.0,0.0,0.0,0.0,1.0,0.0,0.0,2.0,0.0,0.0,0.0,0.0,13.0,0.0,18.0,1.0,1.0,3.0,2.0,0.0,0.0,0.0,2.0,0.0,1.0,0.0,0.0,0.0,1.0,0.0,0.0,1.0,0.0,0.0,0.0,1.0,1.0,143.0,0.0,4.0,1.0,1.0,1.0,0.0,0.0,0.0,20.0
2003-09-01,20.0,0.0,0.0,3.0,0.0,0.0,14.0,1.0,0.0,0.0,0.0,8.0,0.0,0.0,0.0,0.0,0.0,0.0,0.0,39.0,0.0,2.0,0.0,0.0,0.0,1.0,1275.0,18.0,51.0,3.0,0.0,20.0,0.0,0.0,1.0,14.0,157.0,13.0,5.0,30.0,8.0,3.0,6.0,15.0,0.0,0.0,9.0,11.0,3.0,8.0,1.0,0.0,0.0,0.0,898.0,1.0,6.0,9.0,3.0,1.0,2.0,0.0,0.0,8.0,4.0,25.0,10.0,0.0,1.0,2.0,0.0,3.0,5.0,3.0,0.0,2.0,11.0,6.0,0.0,2.0,5.0,6.0,0.0,2.0,0.0,2.0,2.0,32.0,34.0,7.0,6.0,0.0,0.0,0.0,0.0,0.0,0.0,3.0,0.0,0.0,14.0,2.0,6.0,1.0,12.0,1.0,0.0,1.0,0.0,1.0,4.0,3.0,3.0,0.0,1.0,206.0,2.0,32.0,6.0,16.0,1.0,5.0,37.0,0.0,0.0,55.0,0.0,17.0,0.0,0.0,1.0,15.0,0.0,1.0,0.0,0.0,2.0,5.0,12.0,1.0,0.0,6.0,0.0,22.0,26.0,1.0,15.0,2.0,1.0,15.0,77.0,6.0,15.0,2.0,4.0,3.0,2.0,5.0,7.0,4.0,18.0,16.0,4.0,7.0,5.0,0.0,9.0,5.0,68.0,3.0,1.0,0.0,6.0,22.0,0.0,2.0,4.0,3.0,1.0,2.0,1.0,4.0,64.0,10.0,20.0,4.0,11.0,5.0,1.0,2.0,0.0,22.0,7.0,0.0,2.0,2.0,0.0,26.0,13.0,6.0,1.0,1.0,20.0,4.0,155.0,9.0,11.0,0.0,5.0,2.0,3.0,3.0,2.0,24.0,0.0,5.0,1.0,45.0,2.0,9.0,26.0,0.0,14.0,9.0,1.0,0.0,0.0,2.0,6.0,20.0,17.0,49.0,5.0,13.0,21.0,14.0,11.0,0.0,9.0,1.0,23.0,0.0,2.0,10.0,0.0,8.0,0.0,8.0,6.0,28.0,30.0,20.0,0.0,0.0,0.0,0.0,0.0,0.0,0.0,0.0,0.0,0.0,0.0,0.0,0.0,4.0,0.0,0.0,0.0,1.0,0.0,0.0,0.0,1.0,0.0,1.0,0.0,3.0,1.0,0.0,1.0,3.0,1.0,0.0,0.0,0.0,0.0,0.0,4.0,0.0,8.0,0.0,15.0,0.0,1.0,0.0,0.0,0.0,0.0,0.0,0.0,0.0,0.0,0.0,0.0,0.0,0.0,0.0,0.0,0.0,0.0,1.0,0.0,0.0,1.0,0.0,0.0,1.0,0.0,0.0,4.0,1.0,0.0,0.0,3.0,0.0,64.0,2.0,0.0,0.0,0.0,1.0,2.0,3.0,5.0,0.0,0.0,0.0,0.0,4.0,1.0,1.0,0.0,0.0,0.0,0.0,1.0,0.0,47.0,0.0,0.0,0.0,1.0,0.0,0.0,0.0,0.0,0.0,3.0,0.0,0.0,0.0,2.0,0.0,0.0,0.0,0.0,0.0,0.0,0.0,0.0,0.0,0.0,0.0,0.0,0.0,0.0,0.0,0.0,0.0,0.0,0.0,0.0,0.0,0.0,0.0,0.0,1.0,0.0,0.0,0.0,0.0,0.0,0.0,1.0,0.0,0.0,0.0,1.0,0.0,0.0,0.0,4.0,0.0,1.0,0.0,0.0,0.0,0.0,4.0,0.0,2.0,0.0,0.0,0.0,0.0,0.0,0.0,0.0,1.0,0.0,0.0,1.0,0.0,0.0,0.0,1.0,0.0,0.0,0.0,0.0,0.0,0.0,0.0,0.0,0.0,0.0,0.0,0.0,0.0,0.0,0.0,0.0,0.0,0.0,0.0,0.0,0.0,0.0,0.0,0.0,0.0,0.0,0.0,0.0,0.0,0.0,0.0,0.0,0.0,0.0,0.0,0.0,0.0,0.0,0.0,0.0,0.0,0.0,0.0,0.0,0.0,0.0,0.0,0.0,0.0,0.0,0.0,0.0,0.0,0.0,0.0,0.0,0.0,0.0,0.0,0.0,0.0,0.0,0.0,0.0,0.0,0.0,0.0,0.0,0.0,0.0,0.0,0.0,0.0,0.0,0.0,0.0,0.0,0.0,0.0,0.0,0.0,0.0,0.0,2.0,1.0,0.0,0.0,0.0,0.0,0.0,0.0,13.0,0.0,0.0,0.0,0.0,7.0,0.0,31.0,0.0,2.0,0.0,0.0,1.0,4.0,0.0,1.0,1.0,0.0,0.0,0.0,0.0,1.0,0.0,1.0,15.0,0.0,1.0,0.0,0.0,0.0,108.0,1.0,3.0,0.0,2.0,0.0,0.0,0.0,0.0,6.0
2003-10-01,41.0,0.0,0.0,6.0,0.0,1.0,12.0,7.0,0.0,0.0,0.0,27.0,0.0,1.0,0.0,0.0,0.0,0.0,0.0,40.0,0.0,1.0,0.0,1.0,0.0,0.0,475.0,9.0,33.0,3.0,0.0,10.0,0.0,0.0,1.0,1.0,228.0,15.0,4.0,26.0,17.0,13.0,5.0,118.0,1.0,3.0,23.0,62.0,5.0,27.0,0.0,0.0,0.0,0.0,249.0,0.0,13.0,16.0,11.0,2.0,4.0,2.0,1.0,39.0,7.0,16.0,1.0,2.0,1.0,0.0,0.0,2.0,4.0,0.0,3.0,0.0,7.0,1.0,0.0,1.0,0.0,5.0,0.0,0.0,0.0,1.0,0.0,16.0,28.0,4.0,4.0,0.0,0.0,0.0,0.0,0.0,0.0,1.0,0.0,0.0,14.0,1.0,5.0,0.0,2.0,0.0,0.0,1.0,2.0,0.0,0.0,4.0,1.0,2.0,1.0,205.0,2.0,43.0,2.0,33.0,4.0,5.0,52.0,0.0,0.0,66.0,0.0,6.0,0.0,0.0,0.0,15.0,0.0,0.0,0.0,1.0,0.0,3.0,7.0,0.0,0.0,0.0,0.0,4.0,21.0,0.0,12.0,4.0,6.0,19.0,57.0,2.0,16.0,0.0,16.0,6.0,9.0,15.0,2.0,1.0,10.0,21.0,4.0,4.0,6.0,0.0,9.0,3.0,54.0,0.0,0.0,1.0,8.0,20.0,1.0,3.0,0.0,0.0,0.0,1.0,1.0,1.0,73.0,3.0,14.0,10.0,10.0,3.0,0.0,0.0,0.0,10.0,4.0,0.0,2.0,0.0,2.0,7.0,20.0,8.0,0.0,4.0,17.0,1.0,173.0,5.0,15.0,0.0,0.0,0.0,8.0,0.0,0.0,32.0,0.0,6.0,1.0,35.0,1.0,7.0,72.0,0.0,57.0,5.0,2.0,2.0,0.0,3.0,0.0,13.0,10.0,49.0,1.0,8.0,9.0,11.0,6.0,0.0,0.0,9.0,18.0,0.0,2.0,17.0,0.0,16.0,0.0,9.0,6.0,23.0,22.0,9.0,1.0,0.0,0.0,0.0,0.0,0.0,1.0,0.0,0.0,0.0,0.0,0.0,0.0,0.0,0.0,0.0,0.0,2.0,0.0,0.0,2.0,3.0,0.0,0.0,0.0,2.0,1.0,0.0,0.0,9.0,0.0,0.0,0.0,1.0,0.0,0.0,7.0,0.0,6.0,0.0,12.0,0.0,5.0,0.0,1.0,0.0,0.0,0.0,0.0,0.0,0.0,0.0,0.0,0.0,0.0,0.0,0.0,0.0,0.0,1.0,0.0,0.0,0.0,0.0,0.0,0.0,0.0,0.0,3.0,11.0,1.0,2.0,0.0,0.0,70.0,4.0,0.0,0.0,0.0,1.0,0.0,1.0,6.0,0.0,1.0,0.0,0.0,4.0,6.0,0.0,2.0,1.0,0.0,0.0,0.0,0.0,102.0,0.0,0.0,0.0,2.0,0.0,1.0,0.0,0.0,0.0,2.0,1.0,0.0,0.0,0.0,0.0,0.0,0.0,0.0,0.0,0.0,0.0,0.0,0.0,0.0,0.0,0.0,0.0,0.0,0.0,0.0,0.0,0.0,0.0,0.0,0.0,0.0,0.0,0.0,1.0,0.0,0.0,0.0,0.0,0.0,0.0,0.0,0.0,0.0,0.0,0.0,0.0,0.0,0.0,2.0,0.0,0.0,1.0,0.0,0.0,0.0,7.0,0.0,2.0,0.0,0.0,0.0,0.0,0.0,0.0,0.0,0.0,0.0,0.0,1.0,0.0,0.0,0.0,0.0,0.0,0.0,0.0,0.0,0.0,0.0,1.0,2.0,0.0,0.0,0.0,0.0,0.0,0.0,0.0,0.0,0.0,0.0,0.0,0.0,0.0,0.0,0.0,0.0,0.0,0.0,0.0,0.0,0.0,0.0,0.0,0.0,0.0,0.0,0.0,0.0,0.0,0.0,0.0,0.0,0.0,0.0,0.0,0.0,0.0,0.0,0.0,0.0,0.0,0.0,0.0,0.0,0.0,0.0,0.0,0.0,0.0,0.0,0.0,0.0,0.0,0.0,0.0,0.0,0.0,0.0,0.0,1.0,0.0,0.0,0.0,0.0,0.0,0.0,0.0,0.0,0.0,0.0,0.0,0.0,0.0,3.0,0.0,1.0,1.0,0.0,0.0,0.0,5.0,0.0,1.0,11.0,1.0,0.0,0.0,1.0,8.0,0.0,102.0,10.0,2.0,0.0,1.0,0.0,0.0,0.0,3.0,0.0,0.0,0.0,4.0,0.0,8.0,0.0,0.0,17.0,0.0,0.0,1.0,0.0,2.0,167.0,0.0,3.0,5.0,2.0,0.0,1.0,0.0,0.0,13.0
2003-11-01,185.0,1.0,0.0,8.0,0.0,0.0,12.0,14.0,0.0,0.0,0.0,18.0,30.0,2.0,0.0,0.0,0.0,0.0,0.0,31.0,0.0,13.0,0.0,0.0,0.0,3.0,189.0,5.0,16.0,2.0,0.0,11.0,0.0,0.0,2.0,2.0,396.0,17.0,6.0,19.0,46.0,7.0,12.0,40.0,2.0,7.0,45.0,26.0,3.0,31.0,2.0,1.0,0.0,0.0,152.0,0.0,44.0,71.0,47.0,11.0,4.0,5.0,0.0,15.0,0.0,11.0,2.0,0.0,0.0,0.0,0.0,1.0,15.0,2.0,16.0,2.0,0.0,3.0,0.0,0.0,3.0,11.0,0.0,0.0,7.0,1.0,2.0,14.0,16.0,0.0,1.0,0.0,0.0,0.0,0.0,1.0,1.0,0.0,3.0,0.0,0.0,1.0,6.0,1.0,6.0,0.0,0.0,0.0,1.0,0.0,1.0,4.0,1.0,1.0,0.0,164.0,0.0,14.0,7.0,40.0,5.0,1.0,24.0,0.0,2.0,210.0,0.0,0.0,8.0,0.0,0.0,5.0,0.0,1.0,0.0,0.0,2.0,8.0,4.0,3.0,0.0,4.0,0.0,5.0,7.0,2.0,2.0,0.0,2.0,15.0,78.0,9.0,4.0,0.0,8.0,4.0,5.0,19.0,5.0,1.0,1.0,22.0,5.0,2.0,1.0,2.0,6.0,3.0,43.0,0.0,0.0,0.0,5.0,21.0,0.0,9.0,1.0,1.0,1.0,0.0,3.0,0.0,80.0,3.0,15.0,6.0,15.0,6.0,0.0,3.0,1.0,20.0,8.0,0.0,19.0,1.0,7.0,6.0,21.0,18.0,0.0,1.0,7.0,0.0,116.0,9.0,12.0,0.0,1.0,1.0,5.0,0.0,2.0,17.0,0.0,3.0,0.0,44.0,0.0,9.0,4.0,0.0,1.0,9.0,5.0,2.0,4.0,5.0,0.0,14.0,12.0,52.0,0.0,14.0,4.0,27.0,7.0,1.0,7.0,1.0,15.0,0.0,2.0,25.0,0.0,10.0,0.0,29.0,6.0,41.0,21.0,8.0,0.0,1.0,10.0,0.0,0.0,7.0,2.0,0.0,0.0,0.0,0.0,0.0,0.0,7.0,0.0,2.0,0.0,6.0,0.0,0.0,0.0,6.0,0.0,1.0,0.0,1.0,0.0,0.0,0.0,13.0,0.0,0.0,0.0,0.0,0.0,0.0,65.0,3.0,15.0,0.0,29.0,0.0,6.0,0.0,0.0,0.0,0.0,0.0,0.0,0.0,0.0,0.0,0.0,0.0,0.0,0.0,0.0,0.0,0.0,1.0,1.0,1.0,0.0,0.0,1.0,0.0,0.0,0.0,7.0,9.0,0.0,1.0,0.0,0.0,100.0,2.0,0.0,0.0,0.0,1.0,0.0,3.0,10.0,3.0,1.0,1.0,0.0,5.0,0.0,2.0,3.0,6.0,0.0,1.0,1.0,2.0,350.0,0.0,0.0,0.0,3.0,0.0,0.0,1.0,0.0,0.0,0.0,0.0,3.0,1.0,0.0,0.0,2.0,0.0,0.0,0.0,0.0,0.0,0.0,0.0,0.0,0.0,0.0,0.0,0.0,1.0,0.0,0.0,1.0,0.0,0.0,0.0,0.0,0.0,0.0,0.0,0.0,0.0,0.0,1.0,0.0,0.0,2.0,0.0,0.0,0.0,0.0,0.0,0.0,0.0,2.0,0.0,0.0,3.0,0.0,1.0,0.0,8.0,1.0,0.0,0.0,0.0,0.0,0.0,0.0,0.0,0.0,0.0,0.0,0.0,4.0,0.0,0.0,1.0,0.0,0.0,0.0,0.0,0.0,0.0,0.0,0.0,5.0,0.0,0.0,0.0,0.0,0.0,0.0,0.0,0.0,0.0,0.0,0.0,0.0,0.0,0.0,0.0,0.0,0.0,0.0,1.0,0.0,0.0,0.0,0.0,0.0,0.0,0.0,0.0,0.0,0.0,0.0,0.0,0.0,0.0,0.0,1.0,0.0,0.0,0.0,0.0,0.0,0.0,0.0,0.0,0.0,0.0,1.0,0.0,0.0,0.0,0.0,0.0,0.0,0.0,0.0,0.0,0.0,0.0,0.0,0.0,0.0,0.0,1.0,0.0,0.0,0.0,0.0,0.0,0.0,0.0,0.0,0.0,0.0,2.0,10.0,0.0,3.0,1.0,0.0,2.0,0.0,3.0,0.0,2.0,14.0,2.0,0.0,0.0,2.0,31.0,0.0,513.0,2.0,4.0,0.0,2.0,12.0,0.0,4.0,66.0,3.0,3.0,1.0,18.0,1.0,0.0,0.0,7.0,8.0,0.0,2.0,4.0,1.0,2.0,211.0,1.0,9.0,6.0,1.0,1.0,3.0,1.0,1.0,9.0
2003-12-01,208.0,1.0,1.0,19.0,1.0,1.0,20.0,5.0,0.0,0.0,0.0,24.0,29.0,2.0,0.0,0.0,0.0,0.0,6.0,86.0,0.0,5.0,0.0,0.0,0.0,4.0,110.0,2.0,3.0,1.0,0.0,4.0,0.0,1.0,0.0,2.0,525.0,26.0,2.0,8.0,74.0,10.0,4.0,10.0,4.0,30.0,74.0,27.0,6.0,29.0,9.0,9.0,0.0,0.0,67.0,0.0,14.0,74.0,35.0,9.0,2.0,13.0,2.0,4.0,0.0,1.0,4.0,1.0,0.0,6.0,7.0,0.0,12.0,7.0,26.0,1.0,0.0,1.0,1.0,1.0,35.0,42.0,1.0,0.0,0.0,6.0,0.0,30.0,17.0,2.0,2.0,4.0,0.0,0.0,0.0,2.0,0.0,1.0,0.0,11.0,3.0,2.0,7.0,0.0,6.0,1.0,7.0,0.0,1.0,0.0,0.0,8.0,7.0,0.0,0.0,145.0,0.0,18.0,1.0,24.0,6.0,4.0,20.0,0.0,0.0,82.0,2.0,0.0,3.0,0.0,0.0,3.0,0.0,0.0,0.0,0.0,0.0,2.0,141.0,1.0,0.0,1.0,0.0,4.0,5.0,0.0,0.0,1.0,6.0,10.0,105.0,2.0,9.0,0.0,14.0,5.0,11.0,13.0,1.0,2.0,5.0,62.0,3.0,2.0,3.0,2.0,5.0,2.0,17.0,1.0,0.0,0.0,4.0,11.0,0.0,3.0,1.0,1.0,7.0,5.0,0.0,0.0,117.0,11.0,21.0,5.0,12.0,9.0,8.0,2.0,2.0,28.0,3.0,0.0,6.0,0.0,0.0,10.0,7.0,10.0,1.0,2.0,13.0,1.0,59.0,7.0,11.0,4.0,14.0,1.0,9.0,5.0,1.0,6.0,2.0,1.0,3.0,33.0,6.0,14.0,14.0,0.0,3.0,32.0,1.0,0.0,2.0,8.0,3.0,14.0,25.0,41.0,1.0,8.0,13.0,24.0,13.0,1.0,6.0,3.0,30.0,22.0,2.0,17.0,0.0,17.0,8.0,59.0,3.0,4.0,27.0,12.0,1.0,0.0,2.0,1.0,0.0,9.0,5.0,0.0,0.0,0.0,4.0,8.0,1.0,23.0,1.0,12.0,0.0,10.0,0.0,1.0,3.0,5.0,0.0,6.0,0.0,2.0,1.0,0.0,0.0,26.0,0.0,0.0,0.0,1.0,0.0,0.0,94.0,3.0,18.0,1.0,64.0,0.0,8.0,0.0,1.0,0.0,0.0,0.0,0.0,0.0,0.0,0.0,0.0,0.0,0.0,0.0,0.0,1.0,0.0,0.0,0.0,0.0,0.0,0.0,4.0,3.0,0.0,0.0,10.0,19.0,1.0,3.0,0.0,0.0,206.0,9.0,1.0,0.0,0.0,3.0,0.0,4.0,5.0,5.0,1.0,0.0,0.0,2.0,1.0,9.0,5.0,26.0,1.0,2.0,1.0,3.0,391.0,0.0,0.0,0.0,5.0,2.0,0.0,0.0,0.0,0.0,2.0,3.0,1.0,4.0,5.0,0.0,0.0,33.0,0.0,0.0,0.0,0.0,0.0,0.0,0.0,1.0,0.0,0.0,0.0,0.0,1.0,0.0,1.0,0.0,0.0,0.0,0.0,0.0,0.0,11.0,0.0,0.0,0.0,1.0,0.0,0.0,6.0,0.0,0.0,0.0,0.0,0.0,0.0,0.0,3.0,0.0,0.0,157.0,0.0,1.0,2.0,24.0,0.0,3.0,1.0,1.0,0.0,0.0,3.0,4.0,0.0,0.0,2.0,2.0,10.0,0.0,0.0,1.0,0.0,0.0,0.0,0.0,0.0,0.0,0.0,11.0,4.0,2.0,0.0,0.0,0.0,0.0,0.0,0.0,0.0,0.0,0.0,0.0,0.0,0.0,5.0,1.0,0.0,0.0,0.0,0.0,0.0,0.0,0.0,0.0,0.0,0.0,0.0,1.0,0.0,2.0,0.0,0.0,0.0,0.0,0.0,0.0,0.0,0.0,0.0,0.0,0.0,0.0,0.0,0.0,0.0,0.0,0.0,0.0,0.0,0.0,0.0,0.0,2.0,0.0,0.0,0.0,0.0,0.0,0.0,0.0,0.0,0.0,1.0,0.0,0.0,0.0,0.0,0.0,0.0,0.0,0.0,0.0,0.0,0.0,25.0,6.0,1.0,1.0,0.0,0.0,1.0,2.0,1.0,2.0,6.0,5.0,0.0,0.0,0.0,14.0,2.0,595.0,5.0,3.0,7.0,4.0,24.0,0.0,2.0,116.0,4.0,5.0,0.0,11.0,0.0,0.0,1.0,17.0,6.0,0.0,2.0,11.0,1.0,0.0,280.0,0.0,4.0,10.0,1.0,2.0,0.0,0.0,0.0,44.0
2004-01-01,234.0,10.0,6.0,49.0,7.0,7.0,22.0,39.0,0.0,0.0,20.0,56.0,9.0,13.0,0.0,0.0,0.0,0.0,2.0,98.0,0.0,13.0,0.0,0.0,0.0,1.0,36.0,1.0,21.0,1.0,0.0,65.0,0.0,1.0,1.0,2.0,1009.0,15.0,26.0,28.0,111.0,32.0,19.0,7.0,11.0,62.0,116.0,23.0,16.0,48.0,38.0,37.0,0.0,0.0,207.0,1.0,53.0,79.0,25.0,21.0,18.0,8.0,12.0,13.0,0.0,5.0,2.0,2.0,3.0,5.0,36.0,1.0,15.0,4.0,56.0,3.0,0.0,7.0,0.0,0.0,8.0,6.0,0.0,14.0,0.0,3.0,4.0,37.0,20.0,1.0,5.0,4.0,0.0,3.0,0.0,0.0,2.0,1.0,0.0,1.0,2.0,0.0,10.0,0.0,2.0,0.0,0.0,0.0,0.0,0.0,11.0,0.0,3.0,8.0,0.0,125.0,1.0,1.0,0.0,11.0,2.0,3.0,19.0,1.0,0.0,116.0,3.0,0.0,0.0,0.0,0.0,43.0,1.0,0.0,0.0,0.0,3.0,34.0,87.0,2.0,1.0,2.0,2.0,5.0,8.0,0.0,1.0,1.0,6.0,27.0,100.0,7.0,4.0,0.0,3.0,1.0,40.0,7.0,3.0,1.0,0.0,17.0,3.0,1.0,2.0,0.0,0.0,1.0,22.0,1.0,0.0,3.0,6.0,14.0,0.0,3.0,0.0,20.0,4.0,0.0,3.0,0.0,117.0,3.0,38.0,14.0,21.0,8.0,10.0,5.0,2.0,13.0,9.0,0.0,34.0,0.0,12.0,6.0,8.0,12.0,0.0,6.0,16.0,0.0,79.0,5.0,10.0,5.0,0.0,0.0,3.0,0.0,0.0,16.0,0.0,1.0,0.0,23.0,10.0,3.0,38.0,4.0,16.0,22.0,0.0,1.0,2.0,9.0,11.0,37.0,9.0,24.0,0.0,3.0,10.0,29.0,14.0,0.0,25.0,2.0,34.0,0.0,0.0,49.0,0.0,0.0,1.0,34.0,0.0,3.0,35.0,13.0,0.0,0.0,4.0,0.0,0.0,76.0,5.0,0.0,0.0,0.0,0.0,1.0,2.0,26.0,2.0,28.0,10.0,28.0,0.0,1.0,5.0,9.0,0.0,0.0,0.0,1.0,6.0,1.0,0.0,42.0,1.0,0.0,1.0,0.0,2.0,0.0,319.0,2.0,107.0,9.0,257.0,0.0,15.0,0.0,0.0,0.0,0.0,0.0,0.0,0.0,2.0,0.0,1.0,0.0,0.0,0.0,0.0,0.0,0.0,1.0,0.0,0.0,2.0,3.0,0.0,0.0,0.0,0.0,59.0,25.0,4.0,23.0,0.0,1.0,192.0,7.0,0.0,0.0,6.0,2.0,0.0,5.0,5.0,0.0,3.0,0.0,0.0,0.0,6.0,4.0,0.0,18.0,0.0,1.0,1.0,2.0,162.0,1.0,0.0,0.0,8.0,0.0,0.0,0.0,0.0,1.0,1.0,0.0,1.0,0.0,2.0,0.0,4.0,1.0,10.0,0.0,1.0,0.0,0.0,0.0,4.0,5.0,0.0,0.0,0.0,0.0,1.0,2.0,1.0,0.0,0.0,0.0,0.0,0.0,0.0,1.0,1.0,0.0,0.0,1.0,0.0,1.0,2.0,0.0,0.0,0.0,0.0,6.0,0.0,0.0,32.0,0.0,0.0,0.0,0.0,5.0,1.0,34.0,5.0,28.0,1.0,0.0,0.0,0.0,0.0,0.0,1.0,0.0,2.0,0.0,5.0,0.0,0.0,0.0,4.0,0.0,0.0,0.0,0.0,0.0,0.0,1.0,4.0,0.0,0.0,0.0,0.0,0.0,0.0,0.0,0.0,0.0,0.0,0.0,0.0,0.0,8.0,0.0,0.0,0.0,1.0,0.0,0.0,0.0,0.0,0.0,1.0,0.0,0.0,0.0,2.0,0.0,0.0,0.0,0.0,0.0,0.0,0.0,0.0,0.0,0.0,0.0,0.0,0.0,0.0,1.0,1.0,0.0,1.0,0.0,0.0,0.0,0.0,0.0,0.0,0.0,0.0,0.0,0.0,0.0,0.0,0.0,0.0,0.0,1.0,0.0,0.0,0.0,0.0,0.0,0.0,0.0,0.0,0.0,0.0,0.0,90.0,7.0,0.0,1.0,0.0,0.0,0.0,1.0,0.0,3.0,4.0,10.0,5.0,1.0,1.0,35.0,3.0,82.0,5.0,124.0,13.0,8.0,17.0,0.0,0.0,60.0,7.0,9.0,16.0,75.0,0.0,0.0,0.0,87.0,8.0,1.0,4.0,9.0,4.0,6.0,665.0,1.0,15.0,50.0,3.0,7.0,1.0,0.0,7.0,63.0
2004-02-01,116.0,9.0,5.0,95.0,2.0,8.0,46.0,19.0,0.0,0.0,89.0,38.0,7.0,6.0,0.0,0.0,0.0,0.0,1.0,104.0,2.0,44.0,0.0,0.0,0.0,2.0,35.0,0.0,7.0,0.0,1.0,78.0,0.0,5.0,0.0,1.0,578.0,19.0,30.0,66.0,77.0,17.0,16.0,6.0,10.0,57.0,85.0,17.0,9.0,47.0,44.0,14.0,0.0,0.0,238.0,0.0,87.0,56.0,26.0,18.0,22.0,14.0,7.0,8.0,3.0,10.0,4.0,3.0,5.0,8.0,17.0,12.0,26.0,19.0,77.0,9.0,1.0,4.0,0.0,8.0,12.0,31.0,1.0,11.0,4.0,3.0,1.0,42.0,39.0,4.0,5.0,3.0,1.0,2.0,3.0,5.0,11.0,0.0,2.0,4.0,4.0,1.0,33.0,0.0,6.0,0.0,0.0,0.0,1.0,1.0,6.0,6.0,5.0,6.0,4.0,255.0,1.0,4.0,6.0,40.0,3.0,3.0,77.0,0.0,3.0,123.0,29.0,0.0,4.0,0.0,1.0,23.0,0.0,4.0,0.0,4.0,5.0,14.0,12.0,0.0,0.0,22.0,4.0,2.0,8.0,2.0,5.0,6.0,0.0,34.0,133.0,28.0,5.0,5.0,8.0,11.0,47.0,5.0,11.0,9.0,0.0,46.0,4.0,6.0,3.0,4.0,2.0,6.0,50.0,1.0,0.0,0.0,13.0,19.0,0.0,11.0,1.0,5.0,7.0,1.0,1.0,3.0,205.0,17.0,66.0,16.0,19.0,10.0,76.0,1.0,9.0,21.0,61.0,0.0,36.0,0.0,25.0,23.0,24.0,20.0,0.0,4.0,24.0,0.0,136.0,19.0,3.0,23.0,1.0,0.0,2.0,1.0,0.0,4.0,0.0,0.0,2.0,19.0,9.0,5.0,52.0,22.0,38.0,25.0,3.0,3.0,4.0,6.0,9.0,62.0,54.0,31.0,1.0,6.0,13.0,36.0,15.0,0.0,89.0,3.0,53.0,0.0,0.0,89.0,0.0,2.0,3.0,35.0,11.0,10.0,35.0,8.0,0.0,2.0,1.0,0.0,0.0,129.0,1.0,0.0,0.0,1.0,0.0,9.0,4.0,82.0,15.0,31.0,39.0,40.0,1.0,1.0,4.0,11.0,0.0,1.0,1.0,1.0,16.0,3.0,0.0,75.0,5.0,0.0,1.0,2.0,1.0,3.0,939.0,50.0,375.0,50.0,428.0,0.0,10.0,2.0,0.0,0.0,0.0,0.0,0.0,1.0,0.0,0.0,0.0,0.0,0.0,0.0,0.0,0.0,0.0,1.0,2.0,3.0,0.0,1.0,2.0,1.0,5.0,4.0,178.0,51.0,4.0,73.0,0.0,0.0,177.0,6.0,0.0,2.0,5.0,3.0,0.0,3.0,5.0,0.0,0.0,0.0,0.0,1.0,3.0,12.0,2.0,4.0,1.0,0.0,0.0,0.0,100.0,2.0,0.0,1.0,16.0,0.0,0.0,0.0,2.0,3.0,3.0,4.0,0.0,0.0,6.0,0.0,1.0,0.0,14.0,2.0,2.0,1.0,0.0,0.0,2.0,0.0,0.0,0.0,0.0,0.0,0.0,0.0,1.0,0.0,0.0,0.0,0.0,0.0,0.0,5.0,0.0,0.0,0.0,0.0,0.0,0.0,5.0,0.0,0.0,0.0,0.0,30.0,0.0,0.0,117.0,0.0,0.0,1.0,1.0,0.0,1.0,23.0,2.0,91.0,0.0,0.0,1.0,2.0,0.0,1.0,1.0,0.0,0.0,0.0,2.0,0.0,0.0,0.0,1.0,0.0,0.0,0.0,0.0,0.0,0.0,1.0,5.0,3.0,0.0,0.0,0.0,0.0,0.0,0.0,0.0,0.0,0.0,0.0,0.0,0.0,3.0,0.0,0.0,1.0,0.0,0.0,0.0,0.0,0.0,0.0,0.0,0.0,0.0,0.0,0.0,0.0,0.0,0.0,1.0,0.0,0.0,1.0,0.0,0.0,0.0,0.0,0.0,0.0,0.0,0.0,0.0,0.0,0.0,0.0,0.0,0.0,1.0,0.0,0.0,0.0,0.0,0.0,0.0,0.0,0.0,0.0,0.0,0.0,3.0,0.0,0.0,0.0,0.0,0.0,0.0,0.0,0.0,0.0,0.0,3.0,45.0,4.0,0.0,2.0,3.0,0.0,0.0,0.0,0.0,0.0,2.0,7.0,2.0,0.0,3.0,10.0,1.0,26.0,7.0,206.0,6.0,2.0,26.0,1.0,0.0,47.0,3.0,8.0,17.0,17.0,0.0,0.0,1.0,27.0,30.0,1.0,6.0,8.0,2.0,0.0,1008.0,1.0,8.0,82.0,5.0,2.0,0.0,1.0,11.0,73.0
2004-03-01,48.0,20.0,2.0,104.0,3.0,18.0,41.0,7.0,0.0,0.0,10.0,28.0,9.0,6.0,0.0,0.0,1.0,0.0,1.0,108.0,3.0,15.0,0.0,0.0,0.0,0.0,27.0,0.0,2.0,0.0,0.0,43.0,0.0,0.0,1.0,3.0,364.0,34.0,16.0,45.0,34.0,4.0,19.0,8.0,7.0,26.0,56.0,15.0,66.0,50.0,28.0,11.0,0.0,0.0,443.0,1.0,45.0,83.0,6.0,8.0,27.0,7.0,1.0,3.0,0.0,13.0,2.0,0.0,0.0,10.0,6.0,14.0,18.0,0.0,89.0,17.0,3.0,5.0,1.0,10.0,18.0,19.0,2.0,15.0,2.0,31.0,10.0,40.0,41.0,4.0,17.0,0.0,0.0,0.0,0.0,0.0,8.0,1.0,3.0,13.0,6.0,0.0,19.0,0.0,23.0,3.0,0.0,1.0,1.0,0.0,9.0,7.0,16.0,10.0,1.0,54.0,2.0,6.0,3.0,16.0,4.0,1.0,51.0,0.0,3.0,57.0,110.0,1.0,8.0,1.0,0.0,46.0,1.0,2.0,3.0,1.0,6.0,33.0,16.0,1.0,1.0,41.0,55.0,2.0,4.0,4.0,4.0,2.0,3.0,29.0,165.0,30.0,6.0,1.0,8.0,8.0,27.0,6.0,23.0,6.0,1.0,42.0,3.0,7.0,15.0,2.0,1.0,6.0,27.0,1.0,0.0,1.0,4.0,19.0,1.0,8.0,1.0,7.0,4.0,3.0,1.0,5.0,134.0,23.0,101.0,17.0,43.0,7.0,73.0,3.0,0.0,29.0,4.0,0.0,29.0,0.0,21.0,105.0,37.0,37.0,0.0,10.0,55.0,1.0,270.0,36.0,5.0,8.0,1.0,0.0,9.0,2.0,0.0,0.0,0.0,0.0,2.0,19.0,6.0,20.0,62.0,77.0,12.0,85.0,11.0,4.0,1.0,26.0,10.0,117.0,83.0,46.0,0.0,13.0,26.0,107.0,20.0,0.0,42.0,1.0,66.0,0.0,0.0,171.0,0.0,2.0,1.0,51.0,14.0,6.0,123.0,31.0,0.0,0.0,13.0,1.0,0.0,12.0,3.0,0.0,0.0,1.0,2.0,9.0,2.0,235.0,67.0,24.0,251.0,100.0,0.0,3.0,35.0,15.0,0.0,0.0,3.0,1.0,29.0,9.0,0.0,200.0,12.0,0.0,0.0,3.0,2.0,0.0,1623.0,428.0,1716.0,370.0,273.0,1.0,17.0,1.0,2.0,1.0,0.0,0.0,0.0,0.0,0.0,0.0,0.0,0.0,0.0,0.0,0.0,0.0,0.0,2.0,3.0,0.0,3.0,9.0,7.0,2.0,9.0,2.0,381.0,19.0,35.0,130.0,0.0,2.0,303.0,27.0,1.0,3.0,40.0,1.0,0.0,2.0,8.0,0.0,0.0,1.0,0.0,0.0,10.0,5.0,1.0,4.0,0.0,1.0,0.0,0.0,104.0,0.0,0.0,1.0,8.0,0.0,0.0,3.0,0.0,13.0,0.0,4.0,0.0,1.0,10.0,0.0,0.0,0.0,76.0,0.0,3.0,0.0,0.0,0.0,2.0,1.0,0.0,0.0,1.0,0.0,2.0,2.0,0.0,0.0,0.0,0.0,0.0,0.0,0.0,1.0,1.0,0.0,0.0,0.0,0.0,0.0,0.0,0.0,0.0,0.0,0.0,14.0,0.0,0.0,104.0,0.0,0.0,0.0,0.0,1.0,1.0,19.0,2.0,202.0,1.0,0.0,0.0,0.0,0.0,0.0,1.0,1.0,1.0,0.0,7.0,0.0,0.0,3.0,0.0,0.0,0.0,0.0,0.0,0.0,1.0,2.0,1.0,4.0,0.0,0.0,0.0,0.0,0.0,0.0,0.0,0.0,0.0,0.0,0.0,0.0,1.0,0.0,0.0,0.0,0.0,0.0,1.0,0.0,0.0,0.0,1.0,0.0,0.0,0.0,0.0,0.0,0.0,0.0,0.0,0.0,0.0,1.0,0.0,0.0,0.0,0.0,0.0,1.0,0.0,1.0,1.0,0.0,0.0,0.0,0.0,0.0,0.0,0.0,0.0,0.0,0.0,0.0,0.0,0.0,0.0,0.0,0.0,0.0,1.0,1.0,0.0,1.0,0.0,0.0,0.0,0.0,0.0,0.0,0.0,0.0,25.0,2.0,0.0,2.0,5.0,0.0,0.0,1.0,0.0,0.0,13.0,7.0,8.0,0.0,3.0,5.0,5.0,17.0,10.0,147.0,1.0,5.0,23.0,0.0,0.0,46.0,3.0,13.0,9.0,28.0,0.0,1.0,1.0,19.0,72.0,1.0,16.0,11.0,0.0,2.0,961.0,1.0,7.0,80.0,2.0,11.0,0.0,4.0,39.0,50.0
2004-04-01,40.0,4.0,3.0,18.0,0.0,3.0,20.0,10.0,0.0,0.0,10.0,6.0,10.0,0.0,0.0,0.0,1.0,0.0,0.0,101.0,3.0,2.0,0.0,0.0,2.0,1.0,14.0,0.0,1.0,0.0,0.0,43.0,0.0,0.0,0.0,2.0,159.0,19.0,11.0,24.0,15.0,2.0,10.0,0.0,1.0,10.0,37.0,8.0,9.0,18.0,9.0,3.0,0.0,0.0,289.0,0.0,44.0,69.0,7.0,10.0,24.0,8.0,4.0,5.0,0.0,8.0,4.0,0.0,0.0,9.0,3.0,20.0,18.0,2.0,29.0,34.0,3.0,7.0,1.0,1.0,2.0,14.0,0.0,3.0,0.0,2.0,0.0,17.0,13.0,4.0,1.0,0.0,0.0,1.0,0.0,0.0,3.0,3.0,2.0,13.0,11.0,2.0,5.0,1.0,15.0,0.0,0.0,0.0,0.0,0.0,4.0,0.0,11.0,0.0,1.0,37.0,1.0,1.0,0.0,16.0,0.0,1.0,41.0,0.0,2.0,33.0,28.0,1.0,8.0,0.0,0.0,35.0,0.0,0.0,1.0,0.0,3.0,52.0,48.0,0.0,0.0,0.0,7.0,18.0,10.0,1.0,2.0,1.0,2.0,54.0,108.0,3.0,4.0,4.0,2.0,1.0,11.0,5.0,5.0,2.0,1.0,22.0,2.0,4.0,0.0,3.0,2.0,3.0,26.0,1.0,0.0,0.0,2.0,38.0,1.0,0.0,0.0,1.0,4.0,1.0,2.0,3.0,83.0,12.0,54.0,1.0,33.0,2.0,45.0,4.0,0.0,40.0,3.0,0.0,38.0,0.0,110.0,44.0,84.0,23.0,1.0,14.0,42.0,2.0,416.0,19.0,15.0,1.0,1.0,0.0,3.0,0.0,0.0,4.0,0.0,0.0,0.0,8.0,9.0,16.0,37.0,47.0,11.0,73.0,5.0,1.0,2.0,12.0,70.0,31.0,38.0,35.0,0.0,5.0,11.0,36.0,6.0,0.0,0.0,5.0,60.0,2.0,4.0,109.0,0.0,11.0,0.0,12.0,4.0,2.0,20.0,9.0,0.0,0.0,12.0,0.0,0.0,3.0,13.0,0.0,0.0,0.0,2.0,2.0,10.0,50.0,112.0,14.0,221.0,96.0,0.0,1.0,45.0,13.0,0.0,0.0,0.0,16.0,15.0,3.0,0.0,217.0,11.0,0.0,1.0,3.0,3.0,0.0,419.0,188.0,522.0,410.0,80.0,0.0,22.0,0.0,0.0,0.0,1.0,1.0,0.0,0.0,0.0,0.0,0.0,0.0,0.0,0.0,0.0,0.0,0.0,0.0,6.0,0.0,14.0,37.0,22.0,0.0,23.0,0.0,132.0,2.0,55.0,47.0,0.0,1.0,300.0,60.0,1.0,1.0,13.0,2.0,0.0,0.0,2.0,0.0,0.0,1.0,0.0,0.0,2.0,2.0,0.0,3.0,0.0,0.0,0.0,0.0,39.0,2.0,0.0,0.0,15.0,0.0,0.0,1.0,0.0,11.0,1.0,6.0,0.0,12.0,26.0,0.0,1.0,0.0,115.0,1.0,15.0,0.0,0.0,0.0,2.0,0.0,0.0,0.0,0.0,0.0,0.0,3.0,0.0,0.0,0.0,0.0,0.0,0.0,0.0,0.0,0.0,0.0,0.0,0.0,0.0,0.0,2.0,0.0,0.0,0.0,0.0,1.0,0.0,0.0,177.0,0.0,1.0,2.0,0.0,1.0,0.0,20.0,0.0,466.0,0.0,0.0,0.0,0.0,0.0,1.0,0.0,37.0,0.0,0.0,2.0,0.0,0.0,0.0,0.0,1.0,0.0,0.0,0.0,0.0,0.0,0.0,1.0,1.0,0.0,0.0,0.0,0.0,0.0,0.0,0.0,0.0,0.0,0.0,0.0,0.0,1.0,0.0,0.0,0.0,0.0,0.0,0.0,0.0,0.0,0.0,0.0,0.0,0.0,0.0,0.0,0.0,0.0,0.0,0.0,0.0,1.0,0.0,0.0,0.0,0.0,0.0,0.0,0.0,1.0,0.0,0.0,0.0,0.0,0.0,0.0,0.0,0.0,0.0,0.0,0.0,0.0,0.0,0.0,1.0,0.0,0.0,0.0,0.0,0.0,0.0,0.0,1.0,0.0,0.0,0.0,0.0,0.0,0.0,0.0,0.0,8.0,6.0,0.0,3.0,2.0,1.0,1.0,0.0,23.0,2.0,12.0,3.0,7.0,0.0,2.0,5.0,0.0,12.0,7.0,136.0,5.0,0.0,11.0,0.0,0.0,2.0,1.0,14.0,4.0,14.0,0.0,1.0,1.0,11.0,31.0,0.0,3.0,6.0,0.0,0.0,721.0,0.0,4.0,70.0,7.0,9.0,0.0,5.0,34.0,22.0
2004-05-01,20.0,1.0,2.0,9.0,0.0,1.0,22.0,1.0,0.0,0.0,12.0,10.0,40.0,0.0,0.0,0.0,0.0,0.0,0.0,114.0,2.0,1.0,0.0,0.0,1.0,0.0,25.0,0.0,1.0,0.0,1.0,25.0,0.0,0.0,0.0,3.0,109.0,4.0,11.0,17.0,16.0,4.0,12.0,2.0,0.0,12.0,47.0,3.0,7.0,15.0,4.0,1.0,0.0,0.0,219.0,0.0,42.0,52.0,10.0,2.0,13.0,14.0,3.0,0.0,1.0,15.0,0.0,0.0,0.0,5.0,9.0,10.0,5.0,6.0,21.0,41.0,0.0,13.0,4.0,11.0,2.0,24.0,0.0,5.0,0.0,10.0,3.0,8.0,6.0,2.0,1.0,0.0,0.0,2.0,0.0,1.0,1.0,0.0,8.0,10.0,10.0,1.0,6.0,1.0,59.0,1.0,0.0,0.0,0.0,0.0,6.0,0.0,6.0,0.0,2.0,31.0,1.0,1.0,1.0,35.0,1.0,0.0,37.0,1.0,0.0,19.0,13.0,0.0,21.0,1.0,0.0,58.0,3.0,1.0,0.0,1.0,4.0,16.0,15.0,1.0,0.0,1.0,14.0,64.0,9.0,3.0,5.0,3.0,0.0,43.0,112.0,3.0,2.0,3.0,2.0,0.0,4.0,0.0,5.0,3.0,2.0,17.0,0.0,6.0,0.0,1.0,8.0,4.0,18.0,2.0,0.0,3.0,7.0,70.0,2.0,1.0,0.0,1.0,1.0,4.0,1.0,1.0,60.0,8.0,24.0,7.0,13.0,5.0,26.0,3.0,1.0,34.0,2.0,0.0,53.0,2.0,60.0,39.0,50.0,20.0,0.0,12.0,78.0,0.0,497.0,39.0,25.0,2.0,0.0,0.0,0.0,0.0,1.0,10.0,0.0,1.0,0.0,18.0,2.0,12.0,10.0,26.0,0.0,91.0,4.0,0.0,3.0,6.0,116.0,16.0,76.0,36.0,2.0,2.0,5.0,15.0,6.0,0.0,5.0,6.0,53.0,1.0,0.0,54.0,0.0,4.0,0.0,11.0,0.0,2.0,10.0,8.0,0.0,0.0,0.0,1.0,0.0,13.0,19.0,0.0,0.0,0.0,0.0,9.0,16.0,10.0,84.0,21.0,99.0,68.0,0.0,0.0,13.0,12.0,0.0,2.0,0.0,13.0,35.0,0.0,0.0,227.0,10.0,0.0,1.0,0.0,2.0,0.0,58.0,38.0,492.0,311.0,26.0,2.0,4.0,0.0,0.0,0.0,0.0,0.0,0.0,0.0,0.0,0.0,0.0,0.0,0.0,0.0,0.0,0.0,0.0,1.0,5.0,0.0,1.0,49.0,17.0,0.0,13.0,2.0,47.0,7.0,34.0,21.0,3.0,0.0,374.0,45.0,0.0,0.0,9.0,0.0,0.0,0.0,1.0,1.0,0.0,0.0,0.0,0.0,0.0,0.0,0.0,0.0,0.0,0.0,0.0,0.0,34.0,0.0,0.0,0.0,16.0,0.0,0.0,5.0,0.0,1.0,0.0,3.0,0.0,21.0,13.0,0.0,0.0,2.0,72.0,2.0,6.0,1.0,0.0,1.0,1.0,0.0,0.0,0.0,0.0,0.0,0.0,1.0,1.0,0.0,0.0,0.0,0.0,0.0,0.0,1.0,0.0,0.0,0.0,0.0,0.0,0.0,1.0,0.0,0.0,0.0,0.0,1.0,0.0,1.0,182.0,0.0,1.0,1.0,0.0,0.0,0.0,17.0,0.0,523.0,0.0,0.0,2.0,0.0,0.0,0.0,0.0,1.0,1.0,0.0,1.0,0.0,1.0,0.0,0.0,0.0,0.0,0.0,1.0,0.0,0.0,0.0,1.0,0.0,0.0,0.0,0.0,0.0,0.0,0.0,0.0,0.0,0.0,0.0,0.0,0.0,0.0,0.0,0.0,0.0,1.0,0.0,0.0,0.0,0.0,0.0,0.0,1.0,0.0,0.0,0.0,0.0,0.0,0.0,0.0,0.0,0.0,0.0,0.0,0.0,0.0,0.0,0.0,0.0,0.0,0.0,0.0,0.0,0.0,0.0,0.0,0.0,0.0,0.0,0.0,0.0,0.0,0.0,0.0,0.0,0.0,0.0,0.0,0.0,0.0,0.0,0.0,0.0,0.0,0.0,0.0,0.0,0.0,0.0,0.0,0.0,13.0,7.0,0.0,17.0,6.0,0.0,1.0,0.0,2.0,0.0,0.0,0.0,3.0,0.0,3.0,0.0,0.0,10.0,6.0,86.0,4.0,0.0,5.0,0.0,0.0,2.0,0.0,8.0,1.0,3.0,0.0,0.0,1.0,5.0,18.0,0.0,19.0,3.0,1.0,1.0,494.0,0.0,4.0,49.0,7.0,3.0,0.0,1.0,27.0,14.0
2004-06-01,18.0,0.0,3.0,1.0,0.0,3.0,13.0,3.0,0.0,0.0,7.0,16.0,27.0,2.0,0.0,0.0,0.0,0.0,0.0,48.0,1.0,3.0,0.0,0.0,0.0,1.0,15.0,0.0,0.0,0.0,0.0,23.0,0.0,0.0,0.0,1.0,59.0,2.0,4.0,18.0,8.0,2.0,8.0,0.0,0.0,5.0,24.0,1.0,5.0,8.0,4.0,0.0,0.0,0.0,236.0,1.0,39.0,17.0,4.0,1.0,1.0,7.0,2.0,0.0,0.0,22.0,2.0,0.0,2.0,1.0,5.0,4.0,3.0,15.0,14.0,6.0,0.0,25.0,2.0,1.0,2.0,31.0,0.0,1.0,0.0,15.0,18.0,10.0,6.0,0.0,0.0,0.0,0.0,1.0,0.0,0.0,0.0,1.0,5.0,1.0,21.0,1.0,2.0,2.0,157.0,1.0,0.0,0.0,0.0,0.0,1.0,0.0,2.0,0.0,0.0,14.0,0.0,0.0,0.0,34.0,0.0,0.0,143.0,0.0,1.0,12.0,11.0,0.0,10.0,2.0,0.0,34.0,4.0,1.0,2.0,0.0,5.0,8.0,12.0,0.0,0.0,1.0,3.0,27.0,10.0,5.0,4.0,7.0,1.0,25.0,97.0,0.0,5.0,0.0,0.0,3.0,8.0,0.0,9.0,2.0,1.0,11.0,1.0,2.0,0.0,0.0,1.0,8.0,12.0,3.0,0.0,1.0,3.0,70.0,1.0,4.0,0.0,3.0,0.0,3.0,1.0,1.0,44.0,9.0,32.0,5.0,5.0,3.0,7.0,3.0,0.0,31.0,3.0,6.0,4.0,1.0,6.0,2.0,5.0,8.0,0.0,10.0,30.0,2.0,338.0,18.0,12.0,4.0,0.0,0.0,2.0,0.0,0.0,9.0,0.0,0.0,0.0,20.0,1.0,7.0,1.0,29.0,0.0,40.0,7.0,0.0,0.0,3.0,101.0,15.0,22.0,24.0,0.0,4.0,1.0,8.0,11.0,0.0,3.0,4.0,33.0,0.0,0.0,27.0,0.0,2.0,1.0,7.0,5.0,0.0,5.0,3.0,0.0,0.0,1.0,0.0,0.0,1.0,1.0,0.0,0.0,0.0,0.0,4.0,3.0,3.0,24.0,4.0,29.0,15.0,0.0,0.0,1.0,2.0,0.0,0.0,1.0,1.0,20.0,1.0,0.0,54.0,5.0,0.0,1.0,0.0,0.0,0.0,13.0,1.0,112.0,77.0,6.0,2.0,0.0,1.0,0.0,0.0,0.0,0.0,0.0,0.0,1.0,0.0,0.0,0.0,0.0,0.0,0.0,0.0,0.0,0.0,0.0,0.0,1.0,2.0,0.0,0.0,6.0,0.0,13.0,3.0,2.0,9.0,0.0,0.0,156.0,14.0,0.0,0.0,4.0,2.0,0.0,0.0,0.0,0.0,0.0,0.0,0.0,0.0,0.0,0.0,0.0,1.0,1.0,0.0,0.0,0.0,12.0,0.0,0.0,0.0,2.0,0.0,0.0,1.0,0.0,0.0,1.0,1.0,0.0,5.0,1.0,0.0,0.0,0.0,5.0,0.0,0.0,0.0,0.0,0.0,0.0,0.0,0.0,0.0,0.0,0.0,2.0,0.0,0.0,0.0,0.0,0.0,0.0,0.0,0.0,0.0,1.0,0.0,0.0,0.0,0.0,0.0,0.0,1.0,0.0,0.0,0.0,0.0,0.0,0.0,39.0,0.0,0.0,0.0,0.0,1.0,1.0,7.0,1.0,130.0,0.0,0.0,0.0,0.0,0.0,1.0,0.0,0.0,0.0,0.0,0.0,0.0,0.0,0.0,0.0,0.0,0.0,0.0,0.0,0.0,0.0,0.0,1.0,0.0,0.0,0.0,0.0,0.0,0.0,0.0,0.0,0.0,0.0,0.0,0.0,0.0,0.0,0.0,0.0,0.0,0.0,0.0,0.0,0.0,0.0,0.0,0.0,0.0,0.0,0.0,0.0,0.0,0.0,0.0,0.0,0.0,0.0,0.0,0.0,0.0,0.0,0.0,0.0,0.0,0.0,0.0,0.0,0.0,0.0,0.0,0.0,0.0,0.0,0.0,0.0,0.0,0.0,0.0,0.0,0.0,0.0,0.0,3.0,0.0,0.0,0.0,0.0,0.0,0.0,0.0,0.0,0.0,0.0,0.0,0.0,0.0,3.0,0.0,0.0,6.0,0.0,0.0,0.0,0.0,1.0,0.0,2.0,0.0,2.0,0.0,3.0,0.0,0.0,1.0,4.0,45.0,3.0,2.0,3.0,0.0,0.0,1.0,1.0,3.0,0.0,0.0,0.0,0.0,0.0,3.0,14.0,0.0,11.0,0.0,0.0,1.0,177.0,0.0,0.0,17.0,0.0,0.0,0.0,0.0,3.0,7.0
2004-07-01,2.0,0.0,5.0,1.0,0.0,7.0,13.0,1.0,0.0,0.0,3.0,18.0,23.0,0.0,0.0,0.0,0.0,0.0,0.0,66.0,0.0,0.0,0.0,0.0,0.0,0.0,23.0,0.0,1.0,0.0,0.0,24.0,0.0,0.0,0.0,2.0,56.0,1.0,1.0,9.0,12.0,1.0,14.0,1.0,0.0,2.0,21.0,1.0,1.0,12.0,2.0,0.0,0.0,0.0,234.0,0.0,11.0,11.0,0.0,0.0,0.0,4.0,1.0,1.0,0.0,18.0,4.0,9.0,2.0,2.0,0.0,0.0,0.0,17.0,3.0,1.0,2.0,13.0,1.0,2.0,3.0,4.0,0.0,0.0,0.0,7.0,19.0,13.0,10.0,0.0,0.0,0.0,0.0,2.0,0.0,0.0,0.0,0.0,3.0,0.0,23.0,1.0,0.0,2.0,127.0,3.0,0.0,1.0,1.0,0.0,1.0,0.0,2.0,0.0,0.0,16.0,0.0,4.0,1.0,16.0,2.0,2.0,125.0,2.0,0.0,3.0,1.0,1.0,7.0,0.0,0.0,30.0,5.0,1.0,1.0,1.0,6.0,3.0,32.0,0.0,0.0,2.0,1.0,17.0,5.0,8.0,4.0,5.0,1.0,23.0,112.0,2.0,4.0,1.0,2.0,2.0,7.0,0.0,3.0,2.0,0.0,3.0,1.0,7.0,0.0,1.0,2.0,4.0,15.0,2.0,0.0,0.0,6.0,42.0,1.0,1.0,0.0,2.0,0.0,6.0,0.0,0.0,33.0,3.0,26.0,4.0,7.0,9.0,2.0,1.0,3.0,28.0,0.0,1.0,1.0,0.0,1.0,2.0,5.0,9.0,0.0,3.0,11.0,0.0,313.0,20.0,5.0,4.0,0.0,0.0,2.0,0.0,1.0,3.0,0.0,0.0,0.0,15.0,1.0,3.0,0.0,30.0,0.0,16.0,1.0,1.0,0.0,5.0,43.0,10.0,9.0,13.0,0.0,5.0,4.0,5.0,7.0,0.0,2.0,3.0,25.0,0.0,1.0,11.0,0.0,0.0,1.0,6.0,2.0,2.0,19.0,2.0,0.0,0.0,0.0,0.0,0.0,0.0,0.0,0.0,0.0,0.0,0.0,1.0,1.0,0.0,4.0,1.0,6.0,4.0,0.0,0.0,2.0,0.0,0.0,0.0,0.0,1.0,4.0,0.0,0.0,5.0,0.0,0.0,0.0,0.0,0.0,0.0,4.0,1.0,26.0,8.0,3.0,0.0,0.0,0.0,0.0,0.0,0.0,0.0,0.0,0.0,0.0,0.0,0.0,0.0,0.0,0.0,0.0,0.0,0.0,0.0,1.0,0.0,0.0,2.0,0.0,0.0,3.0,0.0,2.0,0.0,2.0,2.0,2.0,0.0,101.0,10.0,0.0,0.0,0.0,0.0,0.0,1.0,0.0,0.0,0.0,0.0,0.0,0.0,1.0,0.0,0.0,0.0,0.0,0.0,0.0,0.0,22.0,0.0,0.0,0.0,1.0,0.0,0.0,0.0,0.0,0.0,0.0,2.0,0.0,0.0,2.0,0.0,0.0,0.0,0.0,0.0,0.0,0.0,0.0,0.0,0.0,0.0,0.0,0.0,0.0,0.0,0.0,0.0,0.0,0.0,0.0,0.0,0.0,0.0,0.0,0.0,0.0,0.0,0.0,0.0,0.0,0.0,0.0,0.0,0.0,0.0,0.0,0.0,0.0,0.0,14.0,0.0,0.0,0.0,0.0,0.0,0.0,2.0,0.0,39.0,0.0,0.0,0.0,0.0,0.0,0.0,0.0,0.0,0.0,0.0,0.0,0.0,0.0,1.0,0.0,0.0,0.0,0.0,0.0,0.0,0.0,1.0,0.0,0.0,0.0,0.0,0.0,0.0,0.0,0.0,0.0,0.0,0.0,0.0,0.0,0.0,0.0,0.0,0.0,0.0,0.0,0.0,0.0,0.0,0.0,0.0,0.0,0.0,0.0,0.0,0.0,0.0,0.0,0.0,0.0,0.0,0.0,0.0,0.0,0.0,0.0,0.0,0.0,0.0,0.0,0.0,0.0,0.0,0.0,0.0,0.0,0.0,0.0,0.0,0.0,0.0,0.0,0.0,0.0,0.0,0.0,0.0,0.0,0.0,0.0,0.0,0.0,0.0,0.0,0.0,0.0,0.0,0.0,0.0,0.0,0.0,0.0,0.0,0.0,0.0,0.0,0.0,0.0,0.0,6.0,0.0,0.0,2.0,0.0,0.0,0.0,1.0,2.0,2.0,2.0,15.0,0.0,0.0,3.0,0.0,0.0,0.0,1.0,0.0,1.0,0.0,0.0,0.0,1.0,0.0,13.0,0.0,7.0,1.0,0.0,0.0,63.0,0.0,0.0,14.0,0.0,0.0,0.0,0.0,5.0,11.0
2004-08-01,2.0,0.0,5.0,3.0,0.0,1.0,11.0,10.0,0.0,0.0,2.0,13.0,25.0,0.0,0.0,0.0,0.0,0.0,0.0,45.0,0.0,0.0,0.0,0.0,0.0,0.0,41.0,0.0,1.0,0.0,0.0,16.0,0.0,0.0,1.0,1.0,69.0,0.0,4.0,28.0,8.0,1.0,6.0,0.0,1.0,3.0,32.0,2.0,1.0,11.0,12.0,0.0,1.0,0.0,210.0,0.0,11.0,13.0,1.0,0.0,0.0,2.0,0.0,0.0,0.0,11.0,0.0,1.0,2.0,8.0,0.0,1.0,1.0,17.0,1.0,2.0,1.0,32.0,0.0,1.0,2.0,0.0,0.0,0.0,0.0,6.0,42.0,9.0,19.0,0.0,1.0,0.0,0.0,0.0,0.0,0.0,0.0,0.0,3.0,37.0,17.0,1.0,0.0,2.0,158.0,0.0,0.0,0.0,0.0,0.0,1.0,0.0,3.0,0.0,1.0,14.0,4.0,29.0,0.0,3.0,1.0,4.0,124.0,0.0,0.0,1.0,0.0,0.0,0.0,0.0,0.0,16.0,8.0,0.0,0.0,0.0,4.0,2.0,123.0,0.0,0.0,2.0,0.0,14.0,22.0,1.0,3.0,2.0,0.0,10.0,54.0,1.0,2.0,0.0,4.0,1.0,11.0,0.0,3.0,1.0,1.0,9.0,2.0,2.0,1.0,2.0,0.0,1.0,7.0,2.0,0.0,2.0,9.0,32.0,1.0,0.0,0.0,0.0,2.0,1.0,2.0,2.0,21.0,2.0,18.0,1.0,5.0,0.0,2.0,4.0,1.0,33.0,3.0,0.0,4.0,4.0,1.0,5.0,2.0,1.0,0.0,3.0,11.0,1.0,197.0,7.0,2.0,5.0,0.0,0.0,0.0,0.0,0.0,1.0,0.0,0.0,0.0,17.0,0.0,1.0,1.0,3.0,0.0,4.0,2.0,0.0,0.0,1.0,7.0,2.0,6.0,9.0,0.0,4.0,5.0,7.0,2.0,0.0,0.0,1.0,12.0,0.0,0.0,8.0,0.0,0.0,0.0,3.0,1.0,0.0,8.0,3.0,0.0,0.0,1.0,0.0,0.0,0.0,0.0,0.0,0.0,0.0,0.0,0.0,0.0,1.0,2.0,0.0,0.0,4.0,0.0,0.0,1.0,0.0,0.0,0.0,0.0,0.0,0.0,0.0,0.0,4.0,0.0,0.0,0.0,0.0,0.0,0.0,0.0,0.0,11.0,0.0,2.0,0.0,0.0,0.0,0.0,0.0,0.0,0.0,0.0,0.0,0.0,0.0,0.0,0.0,0.0,0.0,0.0,0.0,0.0,0.0,0.0,0.0,0.0,0.0,0.0,0.0,0.0,0.0,4.0,2.0,0.0,3.0,0.0,0.0,52.0,2.0,0.0,0.0,0.0,1.0,0.0,1.0,2.0,0.0,0.0,0.0,0.0,0.0,0.0,0.0,0.0,0.0,0.0,0.0,1.0,0.0,48.0,0.0,0.0,0.0,2.0,0.0,0.0,2.0,1.0,0.0,0.0,0.0,0.0,1.0,2.0,0.0,0.0,0.0,0.0,0.0,0.0,0.0,0.0,0.0,0.0,0.0,0.0,0.0,0.0,0.0,0.0,0.0,0.0,0.0,0.0,0.0,0.0,0.0,0.0,0.0,0.0,0.0,0.0,0.0,0.0,0.0,0.0,0.0,0.0,0.0,0.0,0.0,0.0,0.0,5.0,0.0,0.0,0.0,0.0,2.0,0.0,3.0,1.0,5.0,0.0,0.0,0.0,0.0,0.0,0.0,0.0,0.0,0.0,0.0,0.0,0.0,0.0,2.0,0.0,0.0,0.0,0.0,0.0,0.0,0.0,0.0,1.0,0.0,0.0,0.0,0.0,0.0,0.0,0.0,0.0,0.0,0.0,0.0,0.0,0.0,0.0,0.0,0.0,0.0,0.0,0.0,0.0,0.0,0.0,0.0,0.0,0.0,0.0,0.0,0.0,0.0,0.0,0.0,0.0,0.0,0.0,0.0,0.0,0.0,0.0,0.0,0.0,0.0,0.0,0.0,0.0,0.0,0.0,0.0,0.0,0.0,0.0,0.0,0.0,0.0,0.0,0.0,0.0,0.0,0.0,0.0,0.0,0.0,0.0,0.0,0.0,0.0,0.0,0.0,0.0,0.0,0.0,0.0,0.0,1.0,0.0,0.0,0.0,2.0,0.0,0.0,0.0,0.0,2.0,0.0,0.0,1.0,0.0,0.0,0.0,0.0,1.0,0.0,3.0,5.0,2.0,0.0,2.0,0.0,0.0,0.0,1.0,0.0,0.0,0.0,0.0,0.0,0.0,0.0,6.0,1.0,3.0,0.0,0.0,0.0,54.0,0.0,1.0,2.0,0.0,0.0,0.0,0.0,1.0,4.0
2004-09-01,1.0,0.0,2.0,8.0,0.0,5.0,8.0,14.0,0.0,0.0,11.0,35.0,49.0,0.0,0.0,0.0,0.0,0.0,0.0,17.0,0.0,0.0,1.0,0.0,0.0,0.0,68.0,1.0,1.0,0.0,0.0,14.0,0.0,0.0,0.0,3.0,62.0,2.0,9.0,21.0,6.0,1.0,6.0,0.0,0.0,1.0,28.0,1.0,0.0,5.0,8.0,0.0,0.0,0.0,229.0,1.0,9.0,14.0,0.0,0.0,1.0,0.0,0.0,0.0,0.0,9.0,1.0,0.0,0.0,1.0,0.0,2.0,2.0,10.0,1.0,0.0,2.0,4.0,2.0,0.0,1.0,0.0,0.0,0.0,0.0,12.0,19.0,4.0,3.0,1.0,0.0,0.0,0.0,2.0,0.0,0.0,0.0,0.0,1.0,20.0,35.0,0.0,2.0,1.0,58.0,2.0,0.0,0.0,0.0,0.0,0.0,0.0,1.0,0.0,0.0,18.0,0.0,14.0,3.0,1.0,1.0,1.0,69.0,0.0,1.0,0.0,0.0,0.0,0.0,0.0,0.0,6.0,0.0,0.0,0.0,4.0,0.0,2.0,37.0,0.0,0.0,3.0,0.0,8.0,7.0,0.0,1.0,0.0,0.0,3.0,30.0,2.0,3.0,0.0,1.0,0.0,5.0,1.0,2.0,0.0,0.0,1.0,0.0,1.0,1.0,3.0,0.0,2.0,0.0,1.0,0.0,0.0,2.0,14.0,2.0,1.0,0.0,0.0,1.0,1.0,0.0,0.0,7.0,0.0,14.0,0.0,1.0,0.0,1.0,2.0,1.0,29.0,1.0,0.0,0.0,5.0,0.0,2.0,1.0,1.0,0.0,1.0,2.0,0.0,147.0,5.0,2.0,3.0,0.0,0.0,0.0,0.0,1.0,0.0,0.0,0.0,2.0,19.0,0.0,1.0,0.0,2.0,0.0,2.0,1.0,0.0,0.0,0.0,4.0,4.0,4.0,9.0,0.0,1.0,3.0,2.0,0.0,0.0,0.0,1.0,7.0,0.0,0.0,2.0,0.0,0.0,0.0,4.0,0.0,0.0,8.0,0.0,0.0,0.0,0.0,0.0,0.0,0.0,0.0,0.0,0.0,0.0,1.0,0.0,1.0,0.0,0.0,0.0,1.0,0.0,0.0,0.0,0.0,0.0,0.0,0.0,0.0,0.0,1.0,0.0,0.0,4.0,0.0,0.0,0.0,0.0,0.0,0.0,0.0,0.0,4.0,0.0,1.0,0.0,0.0,0.0,0.0,0.0,0.0,0.0,0.0,0.0,0.0,0.0,0.0,0.0,0.0,0.0,0.0,0.0,0.0,1.0,1.0,0.0,1.0,0.0,0.0,0.0,0.0,0.0,1.0,0.0,0.0,4.0,0.0,0.0,16.0,6.0,0.0,0.0,0.0,2.0,0.0,3.0,4.0,0.0,0.0,0.0,0.0,0.0,0.0,0.0,0.0,0.0,0.0,0.0,0.0,0.0,65.0,0.0,0.0,1.0,1.0,0.0,0.0,0.0,0.0,0.0,0.0,2.0,1.0,0.0,6.0,0.0,0.0,0.0,0.0,0.0,0.0,0.0,0.0,0.0,0.0,0.0,0.0,0.0,0.0,0.0,0.0,0.0,0.0,0.0,0.0,1.0,0.0,0.0,0.0,0.0,0.0,0.0,0.0,0.0,0.0,0.0,0.0,0.0,0.0,0.0,0.0,0.0,0.0,0.0,5.0,0.0,0.0,1.0,1.0,0.0,0.0,2.0,0.0,1.0,0.0,0.0,0.0,0.0,0.0,0.0,2.0,0.0,0.0,0.0,0.0,0.0,0.0,0.0,0.0,0.0,0.0,0.0,0.0,0.0,0.0,0.0,0.0,1.0,0.0,0.0,0.0,0.0,0.0,0.0,0.0,0.0,0.0,0.0,0.0,0.0,0.0,0.0,0.0,0.0,0.0,0.0,0.0,0.0,0.0,0.0,0.0,0.0,0.0,0.0,0.0,0.0,0.0,0.0,0.0,0.0,0.0,0.0,0.0,0.0,0.0,0.0,0.0,0.0,0.0,0.0,0.0,0.0,0.0,0.0,0.0,0.0,0.0,0.0,0.0,0.0,0.0,0.0,0.0,0.0,0.0,0.0,0.0,0.0,1.0,0.0,0.0,0.0,0.0,0.0,0.0,0.0,0.0,0.0,0.0,0.0,2.0,0.0,0.0,1.0,0.0,0.0,0.0,0.0,0.0,0.0,0.0,1.0,0.0,0.0,0.0,0.0,0.0,1.0,0.0,9.0,0.0,0.0,0.0,0.0,0.0,0.0,1.0,0.0,0.0,0.0,0.0,0.0,0.0,0.0,2.0,0.0,1.0,0.0,0.0,1.0,56.0,0.0,1.0,3.0,0.0,0.0,0.0,0.0,0.0,3.0
2004-10-01,0.0,0.0,11.0,14.0,0.0,49.0,11.0,22.0,0.0,0.0,14.0,316.0,67.0,0.0,0.0,0.0,0.0,0.0,0.0,22.0,0.0,1.0,0.0,0.0,0.0,0.0,63.0,1.0,3.0,0.0,0.0,17.0,0.0,0.0,1.0,0.0,98.0,5.0,1.0,19.0,19.0,0.0,9.0,0.0,0.0,5.0,19.0,0.0,2.0,2.0,4.0,1.0,0.0,0.0,148.0,0.0,24.0,41.0,1.0,0.0,0.0,1.0,1.0,0.0,0.0,14.0,3.0,3.0,1.0,1.0,0.0,15.0,2.0,9.0,10.0,1.0,8.0,2.0,0.0,0.0,0.0,1.0,1.0,0.0,0.0,12.0,2.0,5.0,9.0,0.0,1.0,0.0,0.0,0.0,0.0,0.0,0.0,0.0,0.0,4.0,34.0,0.0,1.0,0.0,25.0,0.0,7.0,0.0,1.0,0.0,0.0,0.0,1.0,0.0,0.0,14.0,1.0,15.0,2.0,13.0,2.0,0.0,52.0,0.0,0.0,0.0,0.0,0.0,0.0,0.0,0.0,7.0,1.0,1.0,0.0,2.0,2.0,1.0,5.0,0.0,0.0,5.0,0.0,21.0,5.0,1.0,0.0,2.0,0.0,3.0,9.0,3.0,4.0,0.0,29.0,3.0,1.0,0.0,0.0,0.0,0.0,2.0,0.0,0.0,0.0,0.0,0.0,1.0,0.0,1.0,0.0,0.0,0.0,2.0,2.0,1.0,0.0,0.0,1.0,0.0,0.0,1.0,4.0,0.0,1.0,1.0,11.0,1.0,0.0,0.0,0.0,36.0,2.0,0.0,3.0,0.0,0.0,0.0,0.0,6.0,0.0,6.0,1.0,2.0,219.0,11.0,3.0,0.0,0.0,0.0,3.0,0.0,0.0,4.0,0.0,0.0,0.0,1.0,0.0,1.0,0.0,1.0,0.0,1.0,0.0,0.0,0.0,0.0,3.0,1.0,3.0,3.0,0.0,1.0,1.0,0.0,1.0,0.0,0.0,0.0,5.0,0.0,0.0,3.0,0.0,0.0,0.0,3.0,0.0,0.0,2.0,3.0,0.0,0.0,0.0,0.0,0.0,0.0,0.0,0.0,0.0,0.0,0.0,0.0,0.0,0.0,0.0,0.0,4.0,4.0,0.0,0.0,0.0,2.0,2.0,0.0,0.0,0.0,0.0,0.0,0.0,2.0,0.0,0.0,0.0,0.0,0.0,0.0,3.0,0.0,4.0,0.0,0.0,0.0,1.0,0.0,0.0,0.0,0.0,0.0,0.0,0.0,0.0,0.0,0.0,0.0,0.0,0.0,0.0,0.0,0.0,0.0,0.0,0.0,0.0,0.0,0.0,0.0,0.0,0.0,1.0,0.0,0.0,1.0,0.0,0.0,21.0,1.0,0.0,0.0,0.0,1.0,0.0,1.0,1.0,0.0,0.0,0.0,0.0,1.0,0.0,6.0,0.0,2.0,0.0,1.0,0.0,0.0,80.0,0.0,0.0,0.0,2.0,0.0,0.0,0.0,0.0,0.0,0.0,0.0,3.0,0.0,0.0,0.0,0.0,0.0,0.0,0.0,1.0,0.0,0.0,0.0,0.0,0.0,0.0,0.0,0.0,0.0,0.0,0.0,0.0,0.0,0.0,0.0,0.0,0.0,0.0,1.0,0.0,0.0,0.0,0.0,0.0,0.0,0.0,0.0,0.0,0.0,0.0,0.0,0.0,0.0,3.0,0.0,1.0,1.0,0.0,0.0,0.0,1.0,0.0,1.0,0.0,0.0,1.0,0.0,0.0,3.0,0.0,0.0,0.0,0.0,0.0,0.0,0.0,1.0,0.0,0.0,0.0,0.0,0.0,0.0,0.0,0.0,0.0,0.0,0.0,0.0,0.0,0.0,0.0,0.0,0.0,0.0,0.0,0.0,0.0,0.0,0.0,0.0,0.0,0.0,0.0,0.0,0.0,0.0,0.0,0.0,0.0,0.0,0.0,0.0,0.0,0.0,0.0,0.0,1.0,0.0,0.0,0.0,0.0,0.0,0.0,0.0,0.0,0.0,0.0,0.0,0.0,0.0,0.0,0.0,0.0,0.0,0.0,0.0,0.0,0.0,0.0,0.0,0.0,0.0,0.0,0.0,0.0,0.0,0.0,0.0,0.0,0.0,0.0,0.0,0.0,0.0,0.0,0.0,0.0,0.0,1.0,1.0,0.0,1.0,0.0,0.0,0.0,0.0,0.0,0.0,0.0,27.0,0.0,0.0,3.0,0.0,0.0,3.0,5.0,76.0,0.0,0.0,3.0,0.0,0.0,1.0,0.0,1.0,8.0,0.0,0.0,0.0,1.0,3.0,6.0,0.0,2.0,0.0,0.0,0.0,75.0,0.0,3.0,1.0,0.0,0.0,0.0,0.0,0.0,6.0
2004-11-01,13.0,0.0,83.0,172.0,0.0,316.0,84.0,29.0,1.0,0.0,28.0,1889.0,80.0,0.0,0.0,0.0,0.0,0.0,0.0,29.0,0.0,0.0,11.0,0.0,0.0,0.0,91.0,2.0,2.0,0.0,0.0,19.0,0.0,0.0,0.0,0.0,83.0,1.0,3.0,14.0,52.0,3.0,10.0,0.0,0.0,27.0,19.0,3.0,1.0,7.0,16.0,1.0,0.0,0.0,103.0,0.0,83.0,79.0,5.0,1.0,0.0,1.0,0.0,0.0,10.0,14.0,1.0,0.0,1.0,2.0,0.0,27.0,4.0,5.0,6.0,2.0,15.0,0.0,0.0,1.0,0.0,1.0,0.0,0.0,0.0,12.0,2.0,1.0,15.0,0.0,1.0,2.0,0.0,0.0,0.0,0.0,3.0,0.0,3.0,2.0,1.0,0.0,2.0,0.0,4.0,0.0,0.0,0.0,0.0,0.0,0.0,1.0,0.0,0.0,0.0,28.0,1.0,4.0,0.0,4.0,28.0,0.0,7.0,0.0,0.0,49.0,2.0,0.0,0.0,0.0,0.0,24.0,10.0,2.0,0.0,1.0,0.0,1.0,49.0,0.0,0.0,0.0,1.0,37.0,6.0,0.0,0.0,4.0,1.0,4.0,17.0,1.0,3.0,1.0,2.0,2.0,0.0,0.0,3.0,0.0,0.0,2.0,0.0,1.0,0.0,0.0,0.0,1.0,5.0,0.0,0.0,0.0,0.0,3.0,0.0,1.0,0.0,0.0,3.0,1.0,0.0,0.0,3.0,0.0,4.0,0.0,2.0,4.0,1.0,2.0,0.0,37.0,2.0,0.0,1.0,0.0,0.0,4.0,2.0,2.0,0.0,3.0,5.0,1.0,128.0,12.0,1.0,0.0,0.0,0.0,0.0,0.0,0.0,2.0,0.0,0.0,3.0,3.0,4.0,1.0,2.0,0.0,1.0,4.0,1.0,5.0,0.0,0.0,18.0,2.0,6.0,5.0,0.0,0.0,1.0,2.0,1.0,0.0,0.0,0.0,12.0,0.0,0.0,4.0,0.0,0.0,1.0,3.0,1.0,0.0,14.0,3.0,0.0,0.0,2.0,0.0,0.0,0.0,1.0,0.0,0.0,1.0,0.0,0.0,0.0,2.0,0.0,0.0,2.0,4.0,0.0,0.0,3.0,4.0,0.0,0.0,0.0,1.0,1.0,0.0,0.0,2.0,0.0,1.0,0.0,0.0,0.0,0.0,11.0,1.0,8.0,0.0,1.0,0.0,1.0,1.0,0.0,1.0,0.0,0.0,0.0,0.0,0.0,0.0,0.0,0.0,0.0,0.0,0.0,0.0,0.0,0.0,0.0,0.0,0.0,0.0,0.0,0.0,0.0,1.0,2.0,0.0,0.0,1.0,0.0,0.0,30.0,1.0,0.0,0.0,0.0,2.0,1.0,2.0,7.0,3.0,0.0,0.0,0.0,0.0,4.0,1.0,0.0,1.0,0.0,0.0,0.0,0.0,120.0,0.0,0.0,7.0,2.0,0.0,0.0,0.0,0.0,0.0,0.0,0.0,2.0,0.0,4.0,0.0,0.0,0.0,0.0,1.0,0.0,0.0,0.0,0.0,0.0,0.0,0.0,0.0,0.0,0.0,0.0,0.0,0.0,0.0,0.0,0.0,0.0,0.0,0.0,0.0,2.0,0.0,1.0,0.0,0.0,0.0,0.0,0.0,0.0,0.0,0.0,0.0,0.0,0.0,1.0,0.0,0.0,1.0,0.0,0.0,0.0,2.0,0.0,2.0,0.0,0.0,0.0,1.0,1.0,4.0,0.0,0.0,0.0,0.0,1.0,0.0,0.0,0.0,0.0,0.0,0.0,0.0,0.0,0.0,0.0,0.0,0.0,0.0,0.0,0.0,0.0,0.0,0.0,0.0,0.0,0.0,0.0,0.0,0.0,0.0,0.0,1.0,0.0,0.0,0.0,0.0,0.0,0.0,0.0,0.0,0.0,0.0,0.0,0.0,0.0,0.0,0.0,0.0,0.0,0.0,0.0,0.0,0.0,0.0,0.0,0.0,0.0,0.0,0.0,0.0,0.0,0.0,0.0,0.0,0.0,0.0,0.0,0.0,0.0,0.0,0.0,0.0,0.0,0.0,0.0,0.0,0.0,0.0,0.0,0.0,0.0,0.0,0.0,0.0,0.0,0.0,0.0,0.0,0.0,0.0,0.0,0.0,0.0,3.0,0.0,0.0,0.0,0.0,2.0,0.0,0.0,118.0,2.0,0.0,4.0,2.0,1.0,21.0,35.0,64.0,0.0,3.0,13.0,0.0,1.0,1.0,4.0,0.0,2.0,0.0,0.0,1.0,0.0,4.0,16.0,0.0,4.0,1.0,0.0,0.0,154.0,1.0,0.0,1.0,0.0,0.0,1.0,0.0,0.0,3.0
2004-12-01,54.0,1.0,98.0,128.0,3.0,650.0,211.0,12.0,2.0,0.0,7.0,1395.0,80.0,1.0,0.0,0.0,0.0,0.0,0.0,26.0,0.0,4.0,3.0,0.0,0.0,0.0,83.0,1.0,1.0,0.0,0.0,28.0,0.0,0.0,0.0,0.0,188.0,3.0,2.0,12.0,51.0,1.0,9.0,3.0,1.0,47.0,12.0,6.0,3.0,9.0,4.0,2.0,0.0,0.0,143.0,0.0,61.0,92.0,6.0,3.0,5.0,3.0,5.0,2.0,6.0,11.0,0.0,10.0,1.0,3.0,16.0,50.0,8.0,3.0,20.0,1.0,10.0,0.0,0.0,0.0,0.0,1.0,4.0,0.0,0.0,2.0,0.0,2.0,10.0,1.0,0.0,1.0,0.0,0.0,1.0,0.0,0.0,0.0,1.0,0.0,1.0,0.0,1.0,1.0,4.0,0.0,0.0,0.0,0.0,0.0,4.0,0.0,1.0,2.0,0.0,16.0,1.0,4.0,1.0,6.0,11.0,3.0,9.0,0.0,0.0,13.0,0.0,0.0,0.0,0.0,0.0,4.0,20.0,0.0,0.0,0.0,2.0,2.0,90.0,0.0,0.0,2.0,0.0,10.0,1.0,0.0,1.0,4.0,0.0,2.0,37.0,0.0,1.0,1.0,3.0,1.0,6.0,2.0,1.0,0.0,0.0,3.0,0.0,0.0,0.0,0.0,0.0,0.0,0.0,0.0,0.0,0.0,0.0,2.0,0.0,0.0,0.0,0.0,1.0,0.0,0.0,1.0,8.0,0.0,8.0,0.0,11.0,0.0,0.0,0.0,0.0,28.0,1.0,0.0,6.0,0.0,0.0,2.0,0.0,7.0,0.0,0.0,5.0,0.0,78.0,2.0,4.0,0.0,0.0,1.0,1.0,0.0,0.0,11.0,0.0,0.0,1.0,5.0,2.0,3.0,1.0,1.0,3.0,7.0,1.0,1.0,0.0,1.0,10.0,8.0,3.0,8.0,0.0,0.0,0.0,15.0,0.0,0.0,1.0,0.0,10.0,0.0,0.0,5.0,0.0,0.0,0.0,20.0,1.0,0.0,47.0,9.0,0.0,0.0,3.0,0.0,0.0,5.0,1.0,0.0,0.0,0.0,1.0,0.0,0.0,8.0,1.0,3.0,5.0,17.0,0.0,0.0,0.0,7.0,0.0,0.0,0.0,2.0,1.0,0.0,0.0,4.0,5.0,0.0,0.0,2.0,0.0,0.0,66.0,0.0,10.0,0.0,43.0,0.0,1.0,0.0,0.0,0.0,0.0,0.0,0.0,0.0,0.0,0.0,0.0,0.0,0.0,0.0,0.0,0.0,0.0,0.0,2.0,0.0,0.0,0.0,1.0,1.0,0.0,0.0,3.0,2.0,1.0,2.0,1.0,0.0,66.0,0.0,1.0,0.0,1.0,1.0,0.0,1.0,1.0,0.0,0.0,0.0,1.0,1.0,1.0,2.0,0.0,3.0,0.0,0.0,0.0,1.0,220.0,1.0,0.0,1.0,5.0,1.0,1.0,1.0,0.0,0.0,1.0,4.0,0.0,1.0,7.0,0.0,0.0,0.0,0.0,0.0,0.0,0.0,0.0,0.0,1.0,0.0,0.0,0.0,0.0,0.0,0.0,2.0,0.0,0.0,0.0,0.0,0.0,0.0,0.0,0.0,0.0,0.0,0.0,0.0,0.0,0.0,0.0,0.0,0.0,0.0,0.0,0.0,0.0,0.0,10.0,0.0,1.0,1.0,0.0,0.0,0.0,6.0,0.0,8.0,2.0,0.0,0.0,0.0,0.0,2.0,0.0,0.0,1.0,0.0,1.0,0.0,0.0,3.0,1.0,0.0,0.0,0.0,0.0,0.0,0.0,1.0,0.0,1.0,0.0,0.0,0.0,0.0,0.0,0.0,0.0,0.0,0.0,0.0,0.0,0.0,0.0,0.0,0.0,0.0,0.0,0.0,0.0,0.0,0.0,1.0,0.0,0.0,0.0,0.0,0.0,0.0,0.0,0.0,1.0,0.0,0.0,0.0,0.0,0.0,0.0,0.0,0.0,0.0,0.0,0.0,0.0,0.0,0.0,0.0,0.0,0.0,0.0,0.0,0.0,0.0,0.0,0.0,0.0,0.0,0.0,0.0,0.0,0.0,0.0,0.0,0.0,0.0,0.0,0.0,0.0,0.0,0.0,0.0,0.0,0.0,7.0,3.0,1.0,1.0,0.0,0.0,0.0,1.0,2.0,1.0,0.0,80.0,0.0,0.0,3.0,8.0,2.0,54.0,107.0,28.0,1.0,0.0,25.0,0.0,0.0,4.0,0.0,1.0,2.0,8.0,0.0,1.0,1.0,17.0,28.0,0.0,1.0,5.0,1.0,0.0,217.0,0.0,1.0,4.0,0.0,1.0,2.0,0.0,0.0,5.0
2005-01-01,66.0,11.0,277.0,217.0,56.0,824.0,468.0,17.0,1.0,0.0,6.0,1346.0,103.0,0.0,0.0,0.0,0.0,0.0,0.0,67.0,1.0,0.0,9.0,0.0,0.0,0.0,87.0,0.0,3.0,0.0,1.0,141.0,0.0,0.0,0.0,0.0,145.0,4.0,11.0,10.0,140.0,41.0,68.0,3.0,25.0,60.0,60.0,12.0,46.0,56.0,58.0,15.0,0.0,0.0,182.0,0.0,145.0,179.0,79.0,4.0,4.0,22.0,9.0,0.0,8.0,35.0,8.0,13.0,4.0,24.0,31.0,82.0,11.0,17.0,27.0,1.0,18.0,6.0,1.0,1.0,3.0,23.0,1.0,9.0,0.0,32.0,79.0,0.0,57.0,2.0,0.0,0.0,0.0,0.0,0.0,0.0,0.0,0.0,0.0,11.0,3.0,2.0,1.0,0.0,8.0,1.0,0.0,1.0,0.0,0.0,7.0,2.0,3.0,1.0,0.0,44.0,2.0,11.0,0.0,129.0,56.0,1.0,58.0,2.0,9.0,779.0,38.0,2.0,0.0,0.0,0.0,11.0,16.0,0.0,4.0,0.0,2.0,1.0,119.0,2.0,1.0,9.0,19.0,6.0,2.0,0.0,16.0,4.0,1.0,11.0,64.0,0.0,26.0,25.0,60.0,8.0,7.0,0.0,2.0,2.0,0.0,8.0,0.0,1.0,1.0,0.0,0.0,1.0,2.0,0.0,9.0,0.0,1.0,4.0,0.0,3.0,2.0,1.0,0.0,3.0,0.0,0.0,12.0,1.0,11.0,0.0,4.0,4.0,0.0,3.0,3.0,25.0,4.0,0.0,2.0,1.0,2.0,1.0,0.0,2.0,0.0,1.0,1.0,0.0,66.0,6.0,0.0,1.0,2.0,0.0,0.0,1.0,0.0,0.0,0.0,0.0,0.0,4.0,0.0,3.0,1.0,0.0,5.0,40.0,12.0,1.0,44.0,2.0,257.0,14.0,178.0,10.0,0.0,43.0,1.0,20.0,1.0,0.0,0.0,2.0,13.0,4.0,1.0,7.0,0.0,1.0,0.0,83.0,1.0,0.0,75.0,2.0,0.0,0.0,1.0,1.0,0.0,0.0,0.0,0.0,0.0,0.0,0.0,0.0,0.0,0.0,0.0,0.0,54.0,53.0,1.0,1.0,3.0,16.0,0.0,1.0,0.0,2.0,1.0,0.0,0.0,17.0,1.0,0.0,2.0,2.0,0.0,0.0,24.0,2.0,58.0,1.0,1.0,0.0,3.0,1.0,0.0,0.0,0.0,0.0,1.0,0.0,0.0,0.0,0.0,0.0,0.0,0.0,0.0,0.0,1.0,0.0,1.0,0.0,0.0,0.0,0.0,1.0,0.0,82.0,2.0,1.0,1.0,2.0,0.0,0.0,63.0,2.0,0.0,1.0,0.0,2.0,0.0,1.0,1.0,0.0,1.0,0.0,0.0,0.0,1.0,3.0,0.0,4.0,0.0,0.0,0.0,1.0,102.0,0.0,2.0,2.0,9.0,1.0,0.0,2.0,0.0,2.0,0.0,4.0,0.0,3.0,32.0,0.0,1.0,6.0,0.0,0.0,0.0,0.0,1.0,0.0,1.0,2.0,0.0,0.0,0.0,0.0,0.0,1.0,2.0,0.0,0.0,0.0,0.0,0.0,0.0,2.0,0.0,1.0,0.0,1.0,0.0,0.0,2.0,0.0,0.0,0.0,1.0,0.0,0.0,0.0,0.0,5.0,0.0,2.0,0.0,2.0,1.0,37.0,2.0,25.0,3.0,0.0,3.0,4.0,1.0,3.0,0.0,1.0,1.0,3.0,3.0,1.0,0.0,0.0,1.0,0.0,0.0,0.0,0.0,0.0,0.0,15.0,0.0,2.0,0.0,0.0,1.0,0.0,0.0,0.0,0.0,0.0,0.0,0.0,0.0,0.0,2.0,1.0,0.0,0.0,2.0,0.0,0.0,0.0,0.0,0.0,1.0,0.0,0.0,0.0,0.0,0.0,0.0,0.0,0.0,0.0,0.0,1.0,0.0,2.0,1.0,0.0,1.0,0.0,0.0,0.0,0.0,0.0,0.0,0.0,0.0,0.0,0.0,0.0,0.0,0.0,1.0,0.0,0.0,1.0,0.0,0.0,0.0,0.0,4.0,0.0,0.0,0.0,0.0,0.0,0.0,1.0,0.0,0.0,0.0,0.0,3.0,2.0,0.0,5.0,0.0,1.0,0.0,1.0,0.0,6.0,4.0,98.0,2.0,1.0,18.0,60.0,16.0,17.0,106.0,159.0,0.0,5.0,18.0,1.0,0.0,5.0,0.0,8.0,3.0,3.0,0.0,2.0,1.0,21.0,45.0,0.0,3.0,8.0,4.0,1.0,567.0,0.0,8.0,15.0,6.0,3.0,2.0,0.0,17.0,35.0
2005-02-01,90.0,10.0,239.0,255.0,53.0,385.0,303.0,9.0,0.0,0.0,3.0,454.0,30.0,0.0,0.0,0.0,0.0,0.0,1.0,91.0,7.0,4.0,5.0,0.0,0.0,1.0,142.0,2.0,2.0,1.0,4.0,309.0,0.0,0.0,3.0,4.0,275.0,13.0,11.0,12.0,158.0,17.0,47.0,2.0,97.0,105.0,128.0,10.0,79.0,84.0,99.0,30.0,1.0,1.0,382.0,3.0,197.0,185.0,77.0,15.0,10.0,87.0,7.0,0.0,7.0,95.0,5.0,11.0,9.0,11.0,22.0,120.0,46.0,94.0,17.0,4.0,67.0,13.0,1.0,2.0,6.0,45.0,9.0,6.0,2.0,51.0,66.0,9.0,88.0,13.0,3.0,12.0,0.0,2.0,7.0,1.0,1.0,1.0,2.0,5.0,0.0,2.0,0.0,0.0,4.0,0.0,0.0,0.0,0.0,0.0,13.0,6.0,7.0,0.0,0.0,56.0,0.0,61.0,7.0,94.0,87.0,1.0,18.0,2.0,8.0,1054.0,24.0,0.0,0.0,1.0,3.0,14.0,3.0,1.0,1.0,1.0,2.0,4.0,142.0,1.0,2.0,14.0,21.0,33.0,8.0,4.0,16.0,6.0,0.0,6.0,67.0,0.0,42.0,33.0,132.0,17.0,5.0,1.0,81.0,6.0,1.0,13.0,0.0,0.0,1.0,0.0,0.0,1.0,1.0,2.0,7.0,1.0,0.0,9.0,0.0,18.0,13.0,7.0,0.0,7.0,1.0,0.0,25.0,4.0,4.0,1.0,1.0,6.0,4.0,10.0,3.0,26.0,9.0,0.0,3.0,47.0,2.0,190.0,7.0,5.0,1.0,3.0,6.0,0.0,51.0,7.0,0.0,1.0,0.0,1.0,0.0,0.0,0.0,6.0,0.0,0.0,2.0,3.0,1.0,8.0,1.0,0.0,4.0,88.0,18.0,3.0,11.0,3.0,670.0,53.0,324.0,21.0,0.0,52.0,6.0,54.0,1.0,0.0,14.0,2.0,18.0,5.0,10.0,13.0,0.0,1.0,0.0,97.0,2.0,1.0,234.0,8.0,0.0,0.0,5.0,2.0,0.0,0.0,6.0,0.0,0.0,0.0,0.0,0.0,1.0,5.0,0.0,0.0,169.0,230.0,0.0,6.0,73.0,45.0,0.0,2.0,0.0,0.0,0.0,0.0,0.0,24.0,4.0,0.0,0.0,1.0,1.0,0.0,13.0,7.0,162.0,17.0,2.0,0.0,6.0,0.0,0.0,0.0,0.0,0.0,0.0,1.0,0.0,0.0,0.0,0.0,0.0,0.0,0.0,0.0,0.0,0.0,0.0,0.0,0.0,0.0,0.0,4.0,0.0,254.0,16.0,0.0,2.0,4.0,0.0,1.0,70.0,1.0,1.0,1.0,0.0,3.0,0.0,0.0,1.0,0.0,0.0,0.0,0.0,0.0,3.0,2.0,0.0,0.0,0.0,0.0,1.0,0.0,84.0,1.0,0.0,5.0,129.0,2.0,0.0,1.0,0.0,4.0,9.0,6.0,0.0,7.0,76.0,0.0,2.0,3.0,2.0,2.0,2.0,0.0,0.0,1.0,1.0,3.0,0.0,0.0,0.0,0.0,0.0,1.0,0.0,0.0,0.0,0.0,0.0,0.0,0.0,1.0,0.0,0.0,0.0,1.0,0.0,0.0,1.0,0.0,0.0,0.0,0.0,0.0,0.0,0.0,2.0,0.0,0.0,2.0,1.0,0.0,0.0,24.0,1.0,34.0,5.0,0.0,0.0,0.0,0.0,2.0,0.0,0.0,5.0,0.0,2.0,0.0,0.0,0.0,1.0,0.0,0.0,0.0,0.0,0.0,0.0,23.0,2.0,9.0,0.0,1.0,0.0,0.0,0.0,0.0,0.0,0.0,0.0,0.0,1.0,0.0,1.0,1.0,0.0,1.0,1.0,0.0,0.0,3.0,0.0,0.0,0.0,0.0,0.0,0.0,1.0,0.0,0.0,1.0,3.0,0.0,0.0,0.0,0.0,0.0,0.0,1.0,0.0,0.0,0.0,0.0,0.0,0.0,0.0,0.0,0.0,2.0,0.0,0.0,0.0,0.0,0.0,0.0,0.0,0.0,0.0,0.0,0.0,0.0,3.0,0.0,0.0,1.0,0.0,0.0,0.0,0.0,0.0,0.0,0.0,0.0,6.0,8.0,1.0,29.0,3.0,2.0,0.0,5.0,0.0,10.0,0.0,71.0,4.0,2.0,82.0,107.0,137.0,53.0,98.0,319.0,0.0,13.0,3.0,4.0,0.0,29.0,1.0,29.0,16.0,4.0,1.0,1.0,2.0,47.0,22.0,0.0,5.0,10.0,4.0,3.0,1402.0,0.0,4.0,42.0,2.0,2.0,1.0,0.0,45.0,44.0
2005-03-01,63.0,11.0,183.0,328.0,48.0,216.0,246.0,14.0,1.0,0.0,4.0,166.0,17.0,0.0,0.0,0.0,0.0,0.0,0.0,164.0,1.0,4.0,11.0,0.0,0.0,0.0,197.0,0.0,14.0,0.0,27.0,420.0,0.0,2.0,4.0,4.0,179.0,6.0,16.0,24.0,107.0,36.0,40.0,5.0,25.0,144.0,157.0,9.0,52.0,51.0,88.0,86.0,1.0,0.0,544.0,1.0,180.0,78.0,22.0,11.0,11.0,179.0,6.0,2.0,3.0,151.0,34.0,9.0,11.0,20.0,38.0,91.0,82.0,58.0,165.0,12.0,44.0,58.0,18.0,7.0,41.0,94.0,46.0,14.0,2.0,162.0,50.0,24.0,140.0,79.0,3.0,0.0,2.0,12.0,13.0,1.0,0.0,8.0,2.0,15.0,2.0,1.0,15.0,0.0,9.0,0.0,0.0,0.0,2.0,0.0,13.0,20.0,27.0,3.0,0.0,120.0,1.0,158.0,23.0,200.0,30.0,1.0,35.0,0.0,181.0,251.0,12.0,1.0,29.0,2.0,1.0,55.0,16.0,3.0,6.0,49.0,0.0,10.0,318.0,3.0,8.0,4.0,26.0,42.0,5.0,8.0,13.0,13.0,0.0,3.0,101.0,1.0,140.0,244.0,171.0,68.0,23.0,3.0,144.0,24.0,2.0,17.0,4.0,7.0,1.0,0.0,1.0,0.0,2.0,2.0,2.0,3.0,8.0,20.0,1.0,36.0,52.0,19.0,1.0,49.0,0.0,1.0,35.0,3.0,9.0,2.0,8.0,8.0,1.0,3.0,1.0,33.0,24.0,0.0,13.0,15.0,7.0,130.0,33.0,6.0,0.0,0.0,3.0,1.0,52.0,3.0,0.0,1.0,0.0,1.0,0.0,0.0,2.0,24.0,0.0,1.0,0.0,18.0,3.0,14.0,6.0,0.0,70.0,89.0,66.0,42.0,54.0,9.0,1412.0,338.0,793.0,51.0,0.0,128.0,7.0,107.0,20.0,0.0,29.0,10.0,49.0,10.0,72.0,45.0,0.0,6.0,0.0,191.0,11.0,7.0,1146.0,25.0,1.0,1.0,15.0,1.0,1.0,0.0,99.0,0.0,1.0,0.0,1.0,0.0,4.0,4.0,0.0,0.0,353.0,373.0,0.0,1.0,244.0,287.0,0.0,1.0,3.0,2.0,0.0,0.0,0.0,19.0,40.0,0.0,0.0,1.0,0.0,0.0,8.0,11.0,598.0,13.0,4.0,0.0,31.0,8.0,0.0,1.0,1.0,0.0,0.0,0.0,1.0,0.0,0.0,0.0,0.0,0.0,0.0,0.0,0.0,0.0,0.0,2.0,0.0,0.0,0.0,1.0,1.0,166.0,122.0,0.0,1.0,3.0,0.0,3.0,185.0,4.0,1.0,4.0,0.0,2.0,0.0,1.0,0.0,1.0,0.0,1.0,0.0,1.0,2.0,2.0,0.0,5.0,0.0,0.0,0.0,0.0,44.0,10.0,1.0,10.0,480.0,2.0,0.0,0.0,0.0,18.0,14.0,30.0,0.0,5.0,112.0,0.0,1.0,0.0,0.0,0.0,12.0,0.0,0.0,0.0,4.0,3.0,1.0,0.0,0.0,0.0,0.0,1.0,1.0,0.0,0.0,0.0,0.0,0.0,0.0,0.0,0.0,0.0,0.0,0.0,0.0,0.0,1.0,0.0,0.0,0.0,0.0,0.0,0.0,0.0,1.0,0.0,0.0,2.0,1.0,2.0,2.0,46.0,3.0,144.0,77.0,2.0,0.0,0.0,3.0,3.0,3.0,0.0,10.0,0.0,4.0,0.0,0.0,0.0,6.0,0.0,0.0,1.0,0.0,0.0,0.0,26.0,1.0,119.0,0.0,1.0,0.0,0.0,0.0,0.0,0.0,0.0,0.0,0.0,0.0,0.0,1.0,1.0,0.0,1.0,0.0,1.0,0.0,2.0,0.0,0.0,1.0,0.0,0.0,0.0,0.0,2.0,0.0,0.0,0.0,0.0,0.0,0.0,0.0,0.0,1.0,1.0,1.0,0.0,0.0,0.0,0.0,0.0,0.0,0.0,0.0,0.0,0.0,0.0,0.0,0.0,0.0,0.0,0.0,0.0,0.0,0.0,0.0,0.0,0.0,0.0,0.0,0.0,0.0,0.0,0.0,0.0,0.0,0.0,0.0,0.0,1.0,14.0,0.0,115.0,3.0,22.0,0.0,0.0,1.0,15.0,8.0,52.0,2.0,1.0,320.0,112.0,105.0,50.0,106.0,300.0,1.0,7.0,3.0,0.0,0.0,27.0,0.0,66.0,36.0,5.0,3.0,1.0,6.0,53.0,23.0,7.0,11.0,19.0,9.0,2.0,2537.0,4.0,11.0,204.0,9.0,18.0,4.0,0.0,33.0,64.0
2005-04-01,37.0,2.0,33.0,100.0,9.0,42.0,132.0,5.0,0.0,0.0,0.0,38.0,12.0,0.0,0.0,0.0,0.0,0.0,0.0,197.0,3.0,6.0,3.0,0.0,0.0,1.0,168.0,2.0,23.0,0.0,11.0,194.0,0.0,1.0,1.0,7.0,203.0,5.0,8.0,24.0,43.0,19.0,12.0,8.0,1.0,23.0,72.0,5.0,35.0,7.0,7.0,32.0,1.0,0.0,371.0,1.0,30.0,19.0,6.0,28.0,4.0,345.0,1.0,0.0,0.0,214.0,12.0,29.0,11.0,9.0,11.0,41.0,12.0,19.0,190.0,21.0,25.0,41.0,21.0,5.0,30.0,76.0,10.0,3.0,0.0,101.0,73.0,43.0,89.0,48.0,20.0,2.0,0.0,3.0,3.0,13.0,1.0,9.0,3.0,89.0,1.0,2.0,32.0,0.0,11.0,4.0,1.0,1.0,8.0,0.0,4.0,22.0,16.0,3.0,4.0,311.0,2.0,275.0,43.0,103.0,12.0,2.0,76.0,2.0,14.0,90.0,2.0,3.0,22.0,1.0,26.0,144.0,8.0,9.0,3.0,15.0,0.0,12.0,250.0,24.0,20.0,17.0,38.0,31.0,7.0,11.0,8.0,9.0,0.0,15.0,131.0,0.0,244.0,280.0,254.0,163.0,21.0,1.0,109.0,25.0,0.0,194.0,1.0,11.0,2.0,1.0,3.0,1.0,16.0,15.0,1.0,4.0,5.0,53.0,1.0,36.0,852.0,10.0,2.0,115.0,4.0,0.0,70.0,6.0,55.0,3.0,8.0,14.0,0.0,4.0,0.0,72.0,50.0,0.0,9.0,9.0,6.0,82.0,55.0,14.0,0.0,6.0,5.0,1.0,97.0,3.0,1.0,8.0,1.0,0.0,2.0,0.0,0.0,10.0,0.0,4.0,1.0,20.0,11.0,0.0,6.0,0.0,155.0,359.0,58.0,34.0,69.0,3.0,629.0,624.0,479.0,69.0,4.0,101.0,9.0,338.0,14.0,0.0,14.0,22.0,79.0,26.0,95.0,47.0,5.0,8.0,1.0,120.0,44.0,19.0,1277.0,23.0,1.0,3.0,120.0,2.0,1.0,1.0,30.0,0.0,4.0,0.0,1.0,1.0,39.0,0.0,1.0,0.0,222.0,854.0,7.0,2.0,257.0,636.0,2.0,15.0,1.0,4.0,1.0,0.0,0.0,52.0,34.0,1.0,1.0,2.0,0.0,0.0,5.0,3.0,904.0,28.0,4.0,0.0,26.0,11.0,1.0,0.0,0.0,0.0,0.0,0.0,0.0,0.0,0.0,0.0,0.0,0.0,0.0,0.0,0.0,4.0,3.0,1.0,1.0,0.0,1.0,1.0,3.0,127.0,77.0,1.0,1.0,5.0,2.0,1.0,250.0,2.0,0.0,3.0,2.0,2.0,1.0,0.0,0.0,0.0,0.0,1.0,0.0,0.0,0.0,2.0,0.0,1.0,3.0,0.0,0.0,0.0,54.0,10.0,1.0,15.0,471.0,11.0,2.0,0.0,1.0,21.0,60.0,134.0,1.0,33.0,184.0,1.0,12.0,3.0,1.0,0.0,21.0,1.0,0.0,0.0,2.0,6.0,0.0,0.0,0.0,2.0,1.0,0.0,1.0,0.0,0.0,0.0,1.0,0.0,0.0,6.0,0.0,0.0,0.0,0.0,0.0,0.0,1.0,0.0,0.0,0.0,0.0,0.0,0.0,0.0,2.0,1.0,4.0,4.0,2.0,1.0,2.0,58.0,0.0,364.0,29.0,0.0,4.0,0.0,0.0,1.0,0.0,1.0,131.0,2.0,2.0,0.0,0.0,0.0,1.0,0.0,0.0,0.0,0.0,0.0,0.0,22.0,7.0,166.0,0.0,0.0,0.0,0.0,0.0,0.0,0.0,0.0,0.0,0.0,0.0,0.0,5.0,3.0,0.0,0.0,0.0,0.0,0.0,0.0,1.0,0.0,0.0,0.0,0.0,1.0,0.0,0.0,0.0,0.0,1.0,0.0,1.0,0.0,0.0,0.0,0.0,0.0,0.0,0.0,0.0,0.0,1.0,0.0,0.0,0.0,1.0,0.0,0.0,0.0,0.0,0.0,0.0,0.0,0.0,0.0,0.0,0.0,0.0,0.0,1.0,0.0,0.0,0.0,0.0,0.0,0.0,0.0,0.0,0.0,0.0,0.0,2.0,25.0,0.0,110.0,5.0,26.0,0.0,2.0,0.0,54.0,5.0,16.0,14.0,0.0,366.0,77.0,40.0,69.0,69.0,190.0,2.0,9.0,1.0,1.0,0.0,12.0,0.0,105.0,21.0,15.0,2.0,2.0,4.0,32.0,21.0,10.0,26.0,32.0,9.0,5.0,3575.0,3.0,5.0,440.0,40.0,41.0,5.0,3.0,28.0,63.0
2005-05-01,13.0,0.0,11.0,32.0,6.0,11.0,44.0,8.0,0.0,0.0,3.0,9.0,5.0,0.0,0.0,0.0,0.0,0.0,0.0,173.0,2.0,4.0,5.0,0.0,0.0,1.0,287.0,6.0,34.0,0.0,40.0,42.0,0.0,0.0,1.0,2.0,178.0,9.0,10.0,69.0,97.0,12.0,2.0,8.0,0.0,20.0,44.0,2.0,18.0,9.0,2.0,13.0,0.0,0.0,321.0,0.0,13.0,21.0,14.0,42.0,7.0,556.0,1.0,0.0,10.0,900.0,9.0,53.0,12.0,5.0,4.0,63.0,11.0,18.0,42.0,14.0,27.0,32.0,4.0,3.0,49.0,53.0,2.0,0.0,3.0,94.0,112.0,68.0,83.0,45.0,76.0,3.0,1.0,1.0,6.0,16.0,3.0,64.0,1.0,135.0,9.0,22.0,5.0,2.0,31.0,11.0,0.0,3.0,23.0,4.0,17.0,36.0,57.0,17.0,3.0,1024.0,8.0,207.0,208.0,66.0,27.0,0.0,110.0,4.0,2.0,184.0,2.0,5.0,14.0,4.0,38.0,289.0,11.0,21.0,5.0,13.0,1.0,7.0,206.0,22.0,12.0,8.0,33.0,72.0,36.0,11.0,59.0,16.0,0.0,13.0,138.0,2.0,314.0,146.0,142.0,158.0,35.0,19.0,72.0,12.0,6.0,34.0,0.0,6.0,1.0,3.0,0.0,2.0,21.0,6.0,3.0,4.0,13.0,74.0,7.0,45.0,560.0,14.0,3.0,125.0,84.0,3.0,135.0,7.0,33.0,5.0,16.0,22.0,2.0,3.0,1.0,106.0,148.0,0.0,24.0,5.0,13.0,78.0,29.0,17.0,0.0,7.0,7.0,2.0,185.0,25.0,2.0,1.0,0.0,0.0,2.0,0.0,1.0,18.0,0.0,1.0,2.0,36.0,10.0,6.0,4.0,0.0,23.0,431.0,66.0,7.0,5.0,13.0,439.0,317.0,119.0,53.0,5.0,240.0,14.0,407.0,6.0,1.0,7.0,41.0,69.0,15.0,50.0,42.0,8.0,37.0,1.0,71.0,17.0,3.0,485.0,22.0,1.0,4.0,87.0,7.0,0.0,0.0,15.0,0.0,0.0,0.0,1.0,0.0,15.0,2.0,0.0,0.0,109.0,946.0,1.0,1.0,153.0,435.0,4.0,20.0,0.0,14.0,0.0,0.0,0.0,43.0,11.0,0.0,0.0,1.0,0.0,0.0,2.0,1.0,389.0,5.0,6.0,0.0,12.0,13.0,0.0,0.0,0.0,0.0,0.0,0.0,0.0,0.0,0.0,0.0,0.0,0.0,0.0,1.0,0.0,0.0,1.0,1.0,0.0,2.0,0.0,0.0,1.0,81.0,31.0,1.0,5.0,12.0,2.0,1.0,371.0,7.0,0.0,5.0,0.0,2.0,0.0,2.0,0.0,0.0,0.0,0.0,0.0,0.0,0.0,0.0,0.0,2.0,0.0,0.0,3.0,0.0,35.0,26.0,3.0,42.0,212.0,6.0,0.0,4.0,1.0,16.0,42.0,70.0,0.0,46.0,99.0,0.0,31.0,3.0,3.0,2.0,1.0,0.0,2.0,1.0,6.0,1.0,0.0,0.0,0.0,2.0,0.0,0.0,1.0,0.0,1.0,0.0,0.0,1.0,0.0,0.0,2.0,0.0,0.0,0.0,0.0,0.0,3.0,0.0,0.0,0.0,0.0,0.0,0.0,0.0,2.0,1.0,6.0,5.0,0.0,1.0,4.0,41.0,0.0,645.0,11.0,0.0,0.0,0.0,1.0,0.0,1.0,2.0,66.0,1.0,2.0,0.0,0.0,0.0,0.0,0.0,0.0,0.0,0.0,0.0,0.0,16.0,3.0,75.0,0.0,0.0,1.0,0.0,0.0,0.0,0.0,0.0,0.0,0.0,0.0,0.0,0.0,0.0,0.0,3.0,0.0,1.0,0.0,0.0,0.0,0.0,2.0,0.0,0.0,0.0,1.0,0.0,0.0,0.0,1.0,0.0,0.0,0.0,0.0,0.0,0.0,0.0,0.0,0.0,0.0,0.0,1.0,0.0,0.0,0.0,0.0,0.0,0.0,0.0,0.0,0.0,0.0,0.0,0.0,0.0,0.0,0.0,1.0,0.0,5.0,1.0,0.0,0.0,0.0,0.0,0.0,0.0,0.0,0.0,0.0,1.0,2.0,14.0,6.0,40.0,2.0,5.0,0.0,16.0,0.0,44.0,2.0,4.0,9.0,0.0,129.0,63.0,20.0,64.0,31.0,119.0,0.0,3.0,2.0,3.0,0.0,1.0,0.0,125.0,17.0,11.0,0.0,2.0,1.0,13.0,35.0,2.0,19.0,25.0,19.0,6.0,2568.0,1.0,8.0,513.0,33.0,50.0,0.0,1.0,35.0,44.0
2005-06-01,19.0,1.0,0.0,17.0,3.0,17.0,24.0,2.0,0.0,0.0,0.0,3.0,12.0,0.0,0.0,1.0,0.0,0.0,0.0,102.0,9.0,3.0,0.0,0.0,0.0,0.0,770.0,15.0,45.0,0.0,52.0,3.0,0.0,0.0,0.0,5.0,120.0,4.0,10.0,57.0,38.0,18.0,0.0,0.0,0.0,4.0,20.0,0.0,21.0,9.0,2.0,3.0,1.0,0.0,159.0,0.0,7.0,12.0,4.0,53.0,5.0,250.0,1.0,1.0,7.0,552.0,22.0,62.0,10.0,4.0,1.0,30.0,16.0,7.0,12.0,7.0,30.0,85.0,2.0,0.0,91.0,47.0,6.0,6.0,2.0,160.0,101.0,64.0,204.0,56.0,126.0,1.0,1.0,1.0,1.0,15.0,0.0,65.0,14.0,166.0,9.0,37.0,4.0,0.0,149.0,128.0,4.0,14.0,58.0,28.0,29.0,58.0,29.0,86.0,17.0,2233.0,54.0,144.0,41.0,16.0,12.0,1.0,110.0,5.0,2.0,107.0,4.0,4.0,10.0,2.0,17.0,246.0,6.0,28.0,3.0,9.0,2.0,6.0,72.0,13.0,7.0,1.0,17.0,60.0,22.0,1.0,54.0,21.0,0.0,19.0,183.0,4.0,228.0,66.0,33.0,89.0,10.0,7.0,34.0,6.0,8.0,7.0,0.0,2.0,1.0,1.0,5.0,2.0,27.0,11.0,1.0,1.0,8.0,98.0,6.0,16.0,78.0,14.0,0.0,96.0,91.0,0.0,74.0,8.0,0.0,4.0,7.0,33.0,5.0,1.0,1.0,209.0,92.0,0.0,13.0,6.0,11.0,34.0,3.0,5.0,0.0,2.0,6.0,9.0,190.0,5.0,1.0,0.0,5.0,0.0,1.0,1.0,0.0,22.0,1.0,1.0,1.0,79.0,5.0,3.0,4.0,0.0,10.0,77.0,13.0,2.0,47.0,6.0,41.0,64.0,40.0,45.0,1.0,72.0,11.0,176.0,5.0,2.0,2.0,50.0,48.0,8.0,27.0,23.0,0.0,32.0,0.0,11.0,4.0,2.0,148.0,10.0,1.0,0.0,21.0,4.0,0.0,0.0,6.0,0.0,0.0,0.0,0.0,0.0,1.0,0.0,0.0,0.0,39.0,332.0,0.0,1.0,61.0,182.0,0.0,14.0,0.0,1.0,4.0,0.0,0.0,11.0,3.0,0.0,0.0,1.0,0.0,0.0,1.0,0.0,86.0,7.0,2.0,0.0,2.0,5.0,0.0,0.0,0.0,0.0,0.0,0.0,0.0,0.0,0.0,0.0,0.0,0.0,0.0,0.0,0.0,0.0,0.0,0.0,0.0,0.0,0.0,0.0,0.0,16.0,10.0,0.0,5.0,9.0,2.0,0.0,259.0,8.0,1.0,3.0,1.0,2.0,0.0,0.0,1.0,0.0,0.0,0.0,0.0,0.0,1.0,0.0,0.0,1.0,0.0,0.0,0.0,1.0,38.0,7.0,0.0,7.0,75.0,1.0,0.0,5.0,0.0,8.0,7.0,16.0,0.0,10.0,35.0,0.0,34.0,3.0,2.0,0.0,1.0,0.0,0.0,0.0,4.0,3.0,0.0,0.0,0.0,2.0,3.0,0.0,1.0,0.0,0.0,0.0,0.0,0.0,0.0,1.0,0.0,0.0,0.0,1.0,0.0,0.0,1.0,0.0,0.0,0.0,0.0,0.0,0.0,0.0,1.0,0.0,7.0,2.0,1.0,1.0,1.0,34.0,1.0,670.0,2.0,0.0,1.0,1.0,2.0,1.0,0.0,1.0,14.0,0.0,2.0,0.0,1.0,0.0,0.0,0.0,0.0,0.0,0.0,0.0,0.0,3.0,1.0,49.0,0.0,0.0,0.0,0.0,0.0,0.0,0.0,0.0,0.0,0.0,0.0,0.0,1.0,0.0,0.0,0.0,0.0,1.0,0.0,0.0,0.0,0.0,0.0,0.0,1.0,1.0,0.0,0.0,0.0,0.0,0.0,0.0,0.0,1.0,0.0,1.0,0.0,0.0,0.0,0.0,0.0,1.0,0.0,0.0,0.0,0.0,0.0,0.0,0.0,0.0,0.0,0.0,0.0,0.0,0.0,0.0,0.0,0.0,0.0,0.0,2.0,0.0,0.0,0.0,0.0,0.0,0.0,0.0,0.0,0.0,0.0,1.0,7.0,7.0,0.0,12.0,6.0,1.0,0.0,32.0,0.0,21.0,0.0,1.0,11.0,1.0,52.0,30.0,24.0,61.0,11.0,44.0,1.0,4.0,0.0,0.0,0.0,4.0,0.0,83.0,12.0,3.0,1.0,0.0,1.0,14.0,6.0,0.0,13.0,9.0,11.0,3.0,1166.0,0.0,5.0,204.0,2.0,13.0,0.0,0.0,25.0,23.0
2005-07-01,3.0,1.0,1.0,26.0,2.0,18.0,15.0,1.0,1.0,0.0,1.0,7.0,1.0,0.0,0.0,2.0,0.0,0.0,0.0,56.0,0.0,0.0,0.0,0.0,0.0,0.0,332.0,10.0,22.0,0.0,33.0,5.0,0.0,0.0,0.0,1.0,62.0,2.0,3.0,60.0,33.0,21.0,4.0,4.0,0.0,1.0,17.0,0.0,4.0,5.0,1.0,1.0,0.0,0.0,147.0,1.0,1.0,2.0,3.0,10.0,3.0,69.0,21.0,3.0,6.0,400.0,24.0,83.0,8.0,1.0,2.0,15.0,4.0,36.0,3.0,4.0,60.0,78.0,2.0,1.0,71.0,5.0,0.0,3.0,2.0,45.0,66.0,78.0,225.0,58.0,77.0,0.0,0.0,5.0,0.0,5.0,4.0,56.0,51.0,34.0,92.0,31.0,8.0,0.0,300.0,106.0,49.0,100.0,87.0,26.0,24.0,85.0,29.0,176.0,88.0,3992.0,163.0,132.0,60.0,9.0,36.0,10.0,232.0,12.0,2.0,61.0,3.0,2.0,9.0,4.0,15.0,130.0,12.0,21.0,4.0,0.0,1.0,11.0,69.0,7.0,4.0,0.0,7.0,18.0,8.0,6.0,64.0,17.0,0.0,21.0,248.0,8.0,71.0,38.0,24.0,98.0,5.0,3.0,10.0,3.0,6.0,9.0,1.0,5.0,6.0,0.0,11.0,2.0,24.0,8.0,1.0,2.0,8.0,154.0,4.0,7.0,34.0,29.0,1.0,57.0,3.0,0.0,61.0,13.0,1.0,8.0,8.0,33.0,2.0,4.0,6.0,282.0,56.0,1.0,4.0,6.0,2.0,12.0,3.0,11.0,0.0,7.0,5.0,2.0,212.0,7.0,4.0,3.0,2.0,0.0,1.0,0.0,0.0,23.0,0.0,1.0,4.0,68.0,4.0,2.0,2.0,1.0,1.0,16.0,11.0,2.0,4.0,14.0,7.0,32.0,13.0,79.0,0.0,29.0,7.0,82.0,3.0,0.0,0.0,12.0,44.0,3.0,6.0,9.0,1.0,11.0,0.0,21.0,4.0,0.0,46.0,2.0,2.0,0.0,12.0,0.0,0.0,0.0,2.0,0.0,0.0,0.0,2.0,0.0,0.0,1.0,0.0,0.0,10.0,104.0,0.0,0.0,21.0,19.0,1.0,2.0,0.0,3.0,0.0,0.0,0.0,6.0,0.0,0.0,0.0,0.0,1.0,0.0,0.0,0.0,21.0,2.0,1.0,0.0,0.0,2.0,0.0,0.0,0.0,0.0,0.0,0.0,0.0,0.0,0.0,0.0,0.0,0.0,0.0,1.0,0.0,0.0,0.0,0.0,0.0,0.0,0.0,0.0,1.0,1.0,7.0,0.0,6.0,1.0,0.0,0.0,117.0,1.0,0.0,0.0,0.0,1.0,0.0,0.0,2.0,0.0,0.0,0.0,0.0,0.0,0.0,0.0,0.0,0.0,0.0,0.0,0.0,1.0,43.0,5.0,4.0,1.0,15.0,0.0,1.0,3.0,0.0,2.0,1.0,4.0,0.0,6.0,13.0,0.0,5.0,0.0,0.0,3.0,0.0,0.0,0.0,0.0,2.0,1.0,0.0,0.0,1.0,1.0,1.0,0.0,0.0,0.0,0.0,0.0,0.0,0.0,0.0,1.0,1.0,0.0,0.0,0.0,0.0,0.0,3.0,0.0,0.0,0.0,0.0,0.0,0.0,0.0,0.0,0.0,1.0,1.0,0.0,0.0,0.0,45.0,2.0,313.0,2.0,0.0,0.0,0.0,1.0,1.0,0.0,1.0,6.0,0.0,0.0,0.0,0.0,0.0,0.0,0.0,0.0,0.0,0.0,0.0,0.0,2.0,2.0,4.0,0.0,1.0,0.0,0.0,0.0,0.0,0.0,0.0,0.0,0.0,0.0,0.0,0.0,0.0,0.0,0.0,0.0,0.0,0.0,0.0,0.0,0.0,0.0,0.0,0.0,0.0,0.0,2.0,0.0,0.0,1.0,0.0,0.0,0.0,0.0,0.0,0.0,0.0,1.0,0.0,0.0,0.0,0.0,0.0,0.0,0.0,0.0,0.0,0.0,0.0,0.0,0.0,0.0,1.0,0.0,0.0,0.0,0.0,0.0,0.0,0.0,0.0,0.0,0.0,0.0,0.0,0.0,0.0,0.0,0.0,0.0,1.0,1.0,2.0,0.0,1.0,3.0,0.0,0.0,9.0,0.0,15.0,0.0,1.0,7.0,1.0,9.0,25.0,4.0,12.0,3.0,25.0,0.0,5.0,0.0,0.0,0.0,0.0,0.0,14.0,2.0,10.0,0.0,2.0,2.0,16.0,9.0,3.0,4.0,3.0,1.0,0.0,324.0,1.0,7.0,68.0,3.0,7.0,0.0,0.0,3.0,41.0
2005-08-01,13.0,0.0,4.0,14.0,1.0,8.0,6.0,1.0,0.0,0.0,2.0,3.0,0.0,1.0,0.0,3.0,0.0,0.0,0.0,22.0,0.0,0.0,0.0,0.0,0.0,7.0,95.0,0.0,7.0,0.0,9.0,5.0,0.0,0.0,2.0,0.0,119.0,3.0,5.0,37.0,23.0,76.0,1.0,14.0,3.0,0.0,7.0,0.0,1.0,18.0,2.0,0.0,0.0,0.0,160.0,0.0,7.0,3.0,1.0,15.0,0.0,20.0,1.0,8.0,2.0,139.0,12.0,40.0,4.0,2.0,4.0,3.0,8.0,9.0,2.0,2.0,61.0,29.0,1.0,2.0,25.0,19.0,0.0,0.0,1.0,24.0,59.0,40.0,131.0,39.0,21.0,0.0,0.0,8.0,0.0,6.0,3.0,19.0,23.0,40.0,96.0,20.0,12.0,0.0,240.0,67.0,74.0,101.0,18.0,13.0,24.0,77.0,26.0,47.0,118.0,3388.0,118.0,176.0,106.0,4.0,14.0,14.0,129.0,2.0,6.0,12.0,0.0,2.0,1.0,1.0,5.0,27.0,4.0,27.0,4.0,6.0,3.0,23.0,70.0,4.0,11.0,1.0,3.0,6.0,11.0,0.0,34.0,8.0,1.0,31.0,284.0,9.0,40.0,46.0,21.0,28.0,10.0,11.0,14.0,2.0,0.0,5.0,1.0,3.0,0.0,0.0,13.0,0.0,17.0,3.0,1.0,10.0,3.0,125.0,2.0,3.0,27.0,12.0,2.0,13.0,0.0,0.0,22.0,4.0,2.0,1.0,5.0,15.0,1.0,7.0,5.0,179.0,44.0,0.0,0.0,8.0,0.0,4.0,0.0,7.0,0.0,2.0,8.0,0.0,199.0,2.0,0.0,0.0,1.0,1.0,0.0,3.0,0.0,11.0,0.0,0.0,1.0,31.0,0.0,3.0,0.0,0.0,0.0,9.0,1.0,0.0,0.0,12.0,8.0,29.0,7.0,43.0,0.0,14.0,9.0,41.0,0.0,1.0,4.0,9.0,54.0,4.0,7.0,9.0,0.0,2.0,0.0,18.0,2.0,0.0,29.0,1.0,0.0,0.0,9.0,0.0,0.0,0.0,2.0,0.0,0.0,0.0,0.0,0.0,2.0,0.0,0.0,0.0,1.0,76.0,0.0,0.0,12.0,27.0,0.0,0.0,0.0,3.0,0.0,0.0,0.0,5.0,1.0,0.0,0.0,0.0,0.0,0.0,0.0,1.0,20.0,1.0,1.0,0.0,2.0,0.0,0.0,0.0,0.0,0.0,0.0,0.0,0.0,0.0,0.0,0.0,0.0,0.0,0.0,0.0,0.0,0.0,0.0,1.0,0.0,0.0,0.0,0.0,0.0,0.0,2.0,1.0,1.0,3.0,0.0,0.0,74.0,3.0,0.0,1.0,0.0,0.0,0.0,4.0,0.0,0.0,0.0,0.0,0.0,1.0,4.0,0.0,0.0,0.0,0.0,0.0,0.0,2.0,87.0,4.0,0.0,0.0,13.0,1.0,0.0,4.0,0.0,0.0,1.0,2.0,1.0,1.0,7.0,0.0,2.0,1.0,0.0,1.0,0.0,0.0,0.0,0.0,1.0,2.0,0.0,0.0,0.0,0.0,0.0,0.0,0.0,0.0,0.0,0.0,0.0,0.0,0.0,0.0,0.0,0.0,1.0,0.0,0.0,0.0,1.0,0.0,0.0,0.0,0.0,0.0,0.0,0.0,2.0,0.0,1.0,2.0,0.0,0.0,0.0,19.0,0.0,98.0,1.0,0.0,0.0,0.0,0.0,2.0,0.0,0.0,1.0,0.0,1.0,0.0,0.0,0.0,0.0,0.0,0.0,0.0,0.0,0.0,0.0,3.0,4.0,5.0,0.0,0.0,0.0,0.0,0.0,0.0,0.0,0.0,0.0,0.0,0.0,0.0,1.0,0.0,0.0,0.0,1.0,0.0,0.0,0.0,0.0,0.0,0.0,0.0,0.0,0.0,0.0,0.0,0.0,0.0,0.0,0.0,1.0,0.0,0.0,0.0,0.0,0.0,0.0,0.0,0.0,0.0,0.0,0.0,0.0,0.0,0.0,0.0,0.0,0.0,0.0,0.0,0.0,0.0,0.0,2.0,0.0,0.0,0.0,0.0,2.0,0.0,0.0,0.0,0.0,0.0,0.0,0.0,0.0,0.0,0.0,0.0,2.0,1.0,0.0,0.0,2.0,1.0,0.0,5.0,0.0,0.0,0.0,0.0,3.0,1.0,4.0,20.0,1.0,0.0,0.0,27.0,0.0,3.0,0.0,4.0,0.0,0.0,0.0,0.0,2.0,2.0,0.0,0.0,1.0,12.0,13.0,2.0,0.0,1.0,0.0,0.0,272.0,0.0,4.0,24.0,5.0,9.0,0.0,0.0,9.0,19.0
2005-09-01,1.0,3.0,0.0,11.0,3.0,2.0,6.0,0.0,0.0,0.0,0.0,0.0,0.0,0.0,0.0,2.0,0.0,0.0,0.0,8.0,0.0,0.0,0.0,0.0,0.0,0.0,20.0,1.0,5.0,0.0,18.0,6.0,0.0,0.0,0.0,1.0,113.0,3.0,2.0,48.0,26.0,40.0,2.0,53.0,1.0,7.0,7.0,0.0,2.0,36.0,1.0,0.0,0.0,0.0,99.0,0.0,1.0,0.0,0.0,11.0,0.0,8.0,0.0,1.0,7.0,102.0,4.0,25.0,1.0,1.0,1.0,9.0,1.0,1.0,0.0,0.0,16.0,17.0,0.0,0.0,3.0,12.0,0.0,1.0,0.0,13.0,14.0,17.0,30.0,23.0,3.0,0.0,4.0,0.0,0.0,0.0,0.0,1.0,2.0,8.0,68.0,32.0,3.0,0.0,103.0,62.0,36.0,38.0,10.0,9.0,27.0,20.0,35.0,6.0,48.0,1589.0,44.0,67.0,72.0,18.0,4.0,4.0,26.0,1.0,1.0,1.0,0.0,0.0,1.0,0.0,0.0,47.0,0.0,8.0,0.0,8.0,4.0,16.0,36.0,8.0,4.0,0.0,2.0,0.0,1.0,1.0,20.0,2.0,0.0,21.0,169.0,8.0,19.0,48.0,15.0,11.0,8.0,1.0,28.0,1.0,11.0,4.0,0.0,1.0,2.0,1.0,14.0,3.0,11.0,6.0,0.0,8.0,6.0,45.0,0.0,1.0,7.0,4.0,1.0,15.0,0.0,0.0,15.0,3.0,2.0,2.0,2.0,10.0,0.0,3.0,5.0,144.0,43.0,0.0,0.0,5.0,0.0,1.0,1.0,4.0,0.0,1.0,1.0,2.0,151.0,4.0,2.0,1.0,3.0,0.0,1.0,0.0,0.0,7.0,0.0,1.0,1.0,16.0,1.0,2.0,0.0,1.0,1.0,2.0,7.0,0.0,0.0,11.0,3.0,9.0,5.0,36.0,0.0,11.0,4.0,52.0,0.0,0.0,0.0,9.0,38.0,0.0,7.0,6.0,0.0,2.0,0.0,13.0,2.0,0.0,31.0,7.0,0.0,0.0,5.0,0.0,0.0,0.0,4.0,0.0,0.0,0.0,0.0,0.0,0.0,0.0,0.0,0.0,1.0,27.0,0.0,0.0,10.0,12.0,0.0,0.0,0.0,2.0,0.0,1.0,0.0,3.0,0.0,0.0,0.0,0.0,0.0,0.0,0.0,1.0,5.0,2.0,1.0,0.0,3.0,0.0,1.0,0.0,0.0,0.0,0.0,0.0,0.0,0.0,0.0,0.0,0.0,0.0,0.0,0.0,0.0,0.0,0.0,0.0,0.0,0.0,0.0,0.0,0.0,1.0,4.0,0.0,0.0,2.0,2.0,0.0,35.0,3.0,0.0,0.0,0.0,1.0,0.0,0.0,1.0,1.0,0.0,0.0,0.0,0.0,3.0,1.0,0.0,2.0,0.0,0.0,0.0,1.0,65.0,0.0,0.0,1.0,18.0,0.0,0.0,5.0,0.0,0.0,0.0,0.0,0.0,0.0,3.0,0.0,0.0,0.0,0.0,0.0,1.0,0.0,0.0,0.0,0.0,0.0,0.0,0.0,0.0,0.0,0.0,0.0,0.0,0.0,0.0,0.0,0.0,0.0,1.0,0.0,0.0,0.0,0.0,0.0,0.0,0.0,0.0,0.0,0.0,0.0,0.0,0.0,0.0,0.0,0.0,1.0,1.0,0.0,1.0,0.0,0.0,10.0,0.0,39.0,1.0,0.0,0.0,0.0,0.0,0.0,0.0,0.0,0.0,0.0,0.0,0.0,0.0,0.0,0.0,0.0,0.0,0.0,0.0,0.0,0.0,1.0,0.0,0.0,0.0,0.0,0.0,0.0,0.0,0.0,0.0,0.0,0.0,0.0,0.0,0.0,0.0,0.0,0.0,0.0,0.0,0.0,0.0,0.0,0.0,0.0,0.0,0.0,1.0,0.0,0.0,0.0,0.0,0.0,0.0,0.0,2.0,0.0,0.0,0.0,0.0,0.0,0.0,0.0,0.0,0.0,0.0,0.0,0.0,0.0,0.0,0.0,0.0,0.0,0.0,0.0,0.0,0.0,0.0,0.0,0.0,0.0,0.0,0.0,0.0,0.0,0.0,0.0,0.0,0.0,0.0,0.0,0.0,0.0,0.0,0.0,0.0,3.0,0.0,1.0,0.0,1.0,0.0,5.0,0.0,2.0,0.0,0.0,1.0,0.0,1.0,15.0,17.0,4.0,0.0,30.0,0.0,1.0,1.0,2.0,0.0,1.0,0.0,1.0,2.0,2.0,0.0,0.0,0.0,6.0,14.0,0.0,2.0,0.0,1.0,0.0,238.0,0.0,5.0,9.0,2.0,3.0,1.0,0.0,5.0,8.0
2005-10-01,7.0,0.0,0.0,11.0,1.0,2.0,28.0,0.0,0.0,0.0,2.0,3.0,1.0,0.0,0.0,1.0,0.0,0.0,0.0,2.0,0.0,0.0,0.0,0.0,0.0,0.0,9.0,0.0,10.0,0.0,41.0,1.0,0.0,0.0,1.0,0.0,137.0,11.0,3.0,36.0,39.0,22.0,6.0,127.0,1.0,2.0,13.0,4.0,3.0,22.0,0.0,1.0,0.0,0.0,50.0,0.0,1.0,2.0,2.0,9.0,0.0,2.0,0.0,0.0,1.0,49.0,1.0,5.0,0.0,0.0,6.0,4.0,0.0,0.0,1.0,1.0,3.0,3.0,0.0,0.0,6.0,0.0,1.0,3.0,0.0,12.0,6.0,9.0,14.0,11.0,0.0,0.0,8.0,0.0,0.0,0.0,2.0,4.0,0.0,4.0,25.0,8.0,6.0,0.0,45.0,68.0,12.0,28.0,3.0,2.0,23.0,24.0,12.0,1.0,30.0,498.0,22.0,52.0,40.0,6.0,5.0,0.0,14.0,6.0,0.0,6.0,0.0,21.0,2.0,0.0,22.0,12.0,0.0,4.0,2.0,1.0,1.0,4.0,16.0,21.0,7.0,2.0,1.0,6.0,1.0,0.0,18.0,7.0,0.0,10.0,92.0,3.0,11.0,8.0,8.0,1.0,8.0,0.0,20.0,2.0,4.0,0.0,0.0,1.0,0.0,0.0,5.0,4.0,8.0,2.0,0.0,0.0,3.0,39.0,2.0,2.0,8.0,3.0,0.0,3.0,0.0,1.0,10.0,1.0,2.0,1.0,6.0,9.0,2.0,1.0,3.0,105.0,12.0,6.0,1.0,0.0,0.0,2.0,1.0,0.0,0.0,0.0,1.0,3.0,124.0,10.0,0.0,3.0,5.0,0.0,2.0,2.0,0.0,2.0,0.0,0.0,3.0,11.0,1.0,1.0,0.0,0.0,0.0,3.0,3.0,0.0,0.0,4.0,5.0,7.0,1.0,31.0,0.0,10.0,0.0,61.0,0.0,0.0,1.0,4.0,24.0,1.0,19.0,10.0,0.0,1.0,1.0,7.0,12.0,10.0,25.0,8.0,1.0,1.0,10.0,0.0,0.0,0.0,0.0,0.0,0.0,0.0,0.0,0.0,0.0,0.0,0.0,0.0,1.0,56.0,0.0,0.0,22.0,21.0,0.0,0.0,0.0,4.0,1.0,1.0,0.0,3.0,2.0,0.0,0.0,0.0,0.0,0.0,0.0,2.0,3.0,3.0,1.0,0.0,0.0,1.0,0.0,0.0,0.0,0.0,0.0,0.0,0.0,0.0,0.0,0.0,0.0,0.0,0.0,0.0,0.0,0.0,0.0,0.0,0.0,0.0,1.0,3.0,1.0,0.0,7.0,0.0,0.0,3.0,0.0,0.0,65.0,1.0,1.0,1.0,0.0,0.0,0.0,0.0,2.0,1.0,0.0,0.0,0.0,0.0,3.0,0.0,0.0,2.0,0.0,0.0,1.0,2.0,93.0,0.0,0.0,0.0,22.0,2.0,0.0,17.0,2.0,0.0,0.0,0.0,0.0,2.0,17.0,0.0,0.0,0.0,0.0,0.0,0.0,0.0,0.0,0.0,0.0,0.0,0.0,0.0,1.0,0.0,0.0,0.0,0.0,0.0,0.0,0.0,0.0,0.0,0.0,0.0,0.0,0.0,0.0,0.0,0.0,0.0,1.0,0.0,0.0,0.0,1.0,0.0,0.0,0.0,1.0,1.0,0.0,0.0,0.0,0.0,0.0,2.0,1.0,10.0,1.0,0.0,0.0,0.0,0.0,0.0,0.0,0.0,3.0,0.0,0.0,0.0,0.0,0.0,0.0,0.0,0.0,0.0,0.0,0.0,0.0,0.0,0.0,1.0,0.0,0.0,0.0,0.0,0.0,0.0,0.0,0.0,0.0,0.0,0.0,0.0,0.0,0.0,0.0,0.0,0.0,0.0,0.0,0.0,0.0,0.0,2.0,0.0,0.0,0.0,0.0,0.0,0.0,0.0,0.0,0.0,0.0,0.0,0.0,0.0,0.0,0.0,0.0,0.0,0.0,0.0,0.0,0.0,0.0,0.0,0.0,0.0,0.0,0.0,0.0,0.0,0.0,0.0,0.0,0.0,0.0,0.0,0.0,0.0,0.0,0.0,0.0,0.0,0.0,0.0,0.0,0.0,0.0,0.0,0.0,0.0,0.0,3.0,1.0,0.0,0.0,0.0,1.0,2.0,0.0,12.0,0.0,2.0,5.0,109.0,3.0,13.0,45.0,2.0,3.0,13.0,2.0,7.0,1.0,3.0,2.0,0.0,0.0,0.0,3.0,0.0,0.0,0.0,0.0,9.0,15.0,0.0,2.0,3.0,1.0,3.0,461.0,0.0,5.0,58.0,1.0,8.0,1.0,0.0,19.0,9.0
2005-11-01,42.0,2.0,0.0,79.0,15.0,24.0,52.0,1.0,0.0,0.0,3.0,22.0,0.0,0.0,0.0,0.0,0.0,0.0,0.0,14.0,0.0,0.0,1.0,0.0,0.0,0.0,6.0,0.0,38.0,0.0,20.0,6.0,0.0,0.0,0.0,0.0,201.0,8.0,0.0,45.0,104.0,40.0,5.0,57.0,0.0,2.0,9.0,70.0,2.0,51.0,13.0,0.0,0.0,0.0,74.0,0.0,1.0,8.0,26.0,27.0,0.0,15.0,1.0,0.0,8.0,21.0,3.0,4.0,0.0,0.0,8.0,7.0,2.0,1.0,1.0,2.0,2.0,0.0,0.0,0.0,9.0,3.0,9.0,9.0,0.0,3.0,1.0,4.0,14.0,3.0,0.0,0.0,0.0,0.0,0.0,0.0,30.0,3.0,0.0,1.0,13.0,3.0,11.0,3.0,65.0,30.0,14.0,18.0,0.0,2.0,10.0,10.0,32.0,3.0,13.0,504.0,19.0,52.0,8.0,9.0,8.0,0.0,5.0,29.0,0.0,40.0,0.0,1.0,0.0,0.0,25.0,8.0,0.0,3.0,2.0,0.0,15.0,5.0,5.0,16.0,1.0,0.0,1.0,2.0,3.0,0.0,7.0,6.0,0.0,6.0,72.0,2.0,13.0,4.0,0.0,2.0,0.0,0.0,4.0,0.0,2.0,2.0,1.0,5.0,1.0,1.0,9.0,4.0,7.0,9.0,3.0,1.0,11.0,28.0,2.0,0.0,16.0,1.0,0.0,2.0,0.0,0.0,16.0,1.0,2.0,0.0,8.0,65.0,1.0,1.0,1.0,48.0,12.0,0.0,2.0,3.0,1.0,0.0,1.0,3.0,0.0,0.0,6.0,2.0,87.0,7.0,0.0,2.0,9.0,0.0,1.0,21.0,0.0,9.0,0.0,0.0,4.0,4.0,2.0,1.0,2.0,0.0,5.0,1.0,3.0,1.0,2.0,1.0,5.0,9.0,1.0,32.0,0.0,20.0,3.0,15.0,2.0,3.0,3.0,8.0,38.0,1.0,69.0,3.0,0.0,0.0,0.0,8.0,1.0,42.0,29.0,2.0,0.0,0.0,43.0,1.0,0.0,0.0,6.0,0.0,0.0,0.0,1.0,0.0,3.0,1.0,1.0,0.0,5.0,172.0,0.0,1.0,37.0,67.0,0.0,0.0,0.0,1.0,1.0,0.0,0.0,6.0,0.0,0.0,0.0,0.0,0.0,0.0,2.0,0.0,29.0,6.0,0.0,0.0,0.0,0.0,0.0,0.0,0.0,0.0,0.0,0.0,0.0,0.0,0.0,0.0,0.0,0.0,0.0,0.0,0.0,0.0,0.0,0.0,0.0,0.0,1.0,0.0,0.0,0.0,6.0,0.0,5.0,2.0,0.0,0.0,24.0,3.0,0.0,3.0,1.0,0.0,0.0,2.0,1.0,2.0,1.0,0.0,0.0,0.0,1.0,0.0,0.0,8.0,0.0,0.0,0.0,0.0,152.0,1.0,0.0,1.0,28.0,1.0,0.0,37.0,0.0,0.0,0.0,1.0,0.0,3.0,63.0,0.0,0.0,4.0,1.0,0.0,4.0,2.0,0.0,0.0,4.0,0.0,0.0,0.0,0.0,0.0,0.0,1.0,1.0,0.0,1.0,0.0,0.0,0.0,0.0,0.0,0.0,0.0,0.0,1.0,0.0,0.0,1.0,1.0,0.0,0.0,0.0,1.0,0.0,0.0,2.0,0.0,0.0,0.0,0.0,1.0,0.0,7.0,1.0,28.0,0.0,0.0,0.0,0.0,0.0,0.0,0.0,0.0,6.0,0.0,0.0,0.0,0.0,0.0,0.0,1.0,0.0,0.0,0.0,0.0,0.0,1.0,1.0,1.0,0.0,0.0,0.0,0.0,0.0,0.0,0.0,0.0,0.0,0.0,0.0,0.0,0.0,0.0,0.0,0.0,0.0,0.0,0.0,0.0,0.0,0.0,0.0,0.0,0.0,0.0,0.0,0.0,0.0,0.0,0.0,0.0,0.0,0.0,0.0,0.0,0.0,0.0,0.0,0.0,0.0,0.0,0.0,0.0,0.0,0.0,0.0,0.0,0.0,0.0,0.0,0.0,0.0,0.0,0.0,0.0,0.0,0.0,0.0,0.0,0.0,0.0,0.0,0.0,0.0,0.0,0.0,0.0,0.0,0.0,0.0,0.0,0.0,2.0,1.0,3.0,0.0,0.0,0.0,2.0,0.0,21.0,1.0,5.0,7.0,490.0,8.0,21.0,168.0,3.0,3.0,18.0,1.0,9.0,4.0,2.0,64.0,1.0,1.0,2.0,9.0,12.0,0.0,1.0,0.0,7.0,18.0,0.0,2.0,2.0,1.0,2.0,918.0,1.0,3.0,152.0,6.0,13.0,1.0,0.0,16.0,10.0
2005-12-01,182.0,6.0,42.0,201.0,14.0,148.0,74.0,1.0,0.0,0.0,3.0,209.0,47.0,0.0,0.0,0.0,0.0,0.0,0.0,16.0,0.0,0.0,1.0,0.0,0.0,0.0,17.0,1.0,5.0,0.0,16.0,9.0,0.0,1.0,0.0,0.0,192.0,6.0,2.0,23.0,59.0,19.0,2.0,43.0,0.0,8.0,18.0,132.0,13.0,14.0,2.0,2.0,0.0,0.0,49.0,1.0,9.0,38.0,15.0,38.0,5.0,33.0,1.0,4.0,9.0,17.0,2.0,3.0,2.0,0.0,3.0,7.0,4.0,3.0,8.0,2.0,2.0,0.0,2.0,0.0,1.0,4.0,1.0,1.0,0.0,1.0,5.0,3.0,4.0,2.0,0.0,0.0,0.0,0.0,0.0,0.0,2.0,0.0,1.0,0.0,9.0,0.0,3.0,0.0,47.0,12.0,3.0,18.0,2.0,0.0,1.0,3.0,29.0,3.0,5.0,324.0,16.0,22.0,11.0,7.0,36.0,3.0,1.0,0.0,0.0,89.0,0.0,0.0,0.0,0.0,47.0,2.0,4.0,3.0,5.0,0.0,6.0,6.0,14.0,2.0,2.0,2.0,2.0,2.0,0.0,0.0,2.0,6.0,3.0,5.0,52.0,1.0,19.0,1.0,1.0,3.0,3.0,0.0,8.0,2.0,0.0,0.0,0.0,3.0,0.0,0.0,47.0,3.0,7.0,2.0,0.0,0.0,3.0,17.0,4.0,1.0,3.0,0.0,0.0,5.0,0.0,0.0,19.0,2.0,3.0,1.0,3.0,22.0,2.0,0.0,1.0,40.0,8.0,2.0,1.0,1.0,1.0,0.0,0.0,3.0,0.0,1.0,1.0,1.0,69.0,0.0,0.0,1.0,0.0,2.0,1.0,5.0,0.0,4.0,1.0,0.0,8.0,10.0,1.0,0.0,1.0,0.0,0.0,5.0,1.0,1.0,27.0,3.0,77.0,8.0,9.0,25.0,0.0,9.0,1.0,19.0,3.0,4.0,3.0,3.0,24.0,0.0,80.0,15.0,0.0,1.0,1.0,14.0,1.0,14.0,28.0,10.0,0.0,0.0,30.0,0.0,0.0,0.0,12.0,0.0,0.0,0.0,0.0,0.0,0.0,1.0,0.0,1.0,11.0,238.0,1.0,0.0,69.0,160.0,1.0,1.0,0.0,5.0,0.0,1.0,0.0,11.0,0.0,0.0,0.0,0.0,0.0,0.0,7.0,0.0,56.0,4.0,4.0,0.0,0.0,0.0,0.0,0.0,0.0,0.0,0.0,0.0,0.0,0.0,1.0,0.0,0.0,0.0,0.0,0.0,0.0,0.0,2.0,0.0,0.0,1.0,0.0,0.0,0.0,1.0,4.0,0.0,2.0,1.0,1.0,1.0,17.0,4.0,0.0,0.0,0.0,2.0,1.0,0.0,1.0,5.0,0.0,0.0,1.0,1.0,3.0,1.0,1.0,7.0,0.0,1.0,2.0,1.0,304.0,1.0,0.0,2.0,55.0,1.0,0.0,41.0,1.0,0.0,2.0,2.0,1.0,4.0,49.0,1.0,2.0,1.0,0.0,1.0,2.0,0.0,0.0,0.0,2.0,0.0,0.0,0.0,0.0,0.0,0.0,1.0,1.0,0.0,0.0,1.0,0.0,0.0,0.0,0.0,1.0,0.0,0.0,1.0,0.0,1.0,0.0,0.0,0.0,0.0,0.0,0.0,0.0,0.0,1.0,0.0,0.0,0.0,0.0,0.0,0.0,5.0,1.0,18.0,0.0,0.0,1.0,0.0,0.0,1.0,0.0,0.0,2.0,0.0,2.0,0.0,0.0,0.0,0.0,0.0,0.0,1.0,0.0,0.0,0.0,1.0,0.0,2.0,0.0,1.0,0.0,0.0,2.0,0.0,0.0,0.0,0.0,0.0,0.0,0.0,0.0,0.0,0.0,0.0,0.0,0.0,0.0,0.0,1.0,0.0,0.0,0.0,0.0,0.0,0.0,0.0,0.0,0.0,0.0,0.0,0.0,1.0,0.0,0.0,0.0,0.0,0.0,0.0,0.0,0.0,0.0,0.0,0.0,0.0,0.0,0.0,0.0,0.0,0.0,0.0,0.0,0.0,0.0,0.0,1.0,0.0,0.0,0.0,1.0,0.0,0.0,0.0,0.0,0.0,0.0,0.0,0.0,0.0,0.0,0.0,5.0,6.0,1.0,2.0,0.0,0.0,0.0,6.0,2.0,37.0,0.0,17.0,19.0,69.0,11.0,37.0,259.0,8.0,21.0,27.0,2.0,8.0,3.0,4.0,80.0,7.0,0.0,3.0,12.0,21.0,0.0,1.0,0.0,3.0,21.0,3.0,6.0,10.0,1.0,2.0,1274.0,2.0,6.0,159.0,3.0,18.0,2.0,1.0,19.0,14.0
2006-01-01,246.0,9.0,25.0,1019.0,116.0,407.0,135.0,4.0,0.0,0.0,0.0,78.0,2.0,0.0,0.0,1.0,0.0,0.0,1.0,66.0,0.0,5.0,1.0,0.0,0.0,0.0,0.0,1.0,25.0,0.0,24.0,16.0,1.0,1.0,4.0,1.0,465.0,26.0,7.0,32.0,66.0,39.0,15.0,815.0,2.0,17.0,25.0,111.0,19.0,62.0,46.0,11.0,0.0,0.0,396.0,0.0,12.0,45.0,60.0,267.0,40.0,61.0,0.0,20.0,37.0,33.0,3.0,10.0,6.0,0.0,10.0,74.0,15.0,78.0,30.0,1.0,6.0,2.0,2.0,2.0,22.0,14.0,6.0,1.0,0.0,9.0,18.0,14.0,35.0,9.0,17.0,0.0,0.0,2.0,4.0,22.0,6.0,2.0,90.0,6.0,17.0,2.0,14.0,0.0,76.0,17.0,20.0,23.0,2.0,17.0,1.0,19.0,88.0,0.0,65.0,312.0,26.0,46.0,49.0,2.0,126.0,11.0,4.0,1.0,0.0,1.0,1.0,0.0,2.0,0.0,17.0,0.0,1.0,14.0,1.0,3.0,20.0,22.0,6.0,11.0,7.0,1.0,0.0,0.0,3.0,1.0,10.0,2.0,0.0,20.0,71.0,1.0,38.0,4.0,11.0,3.0,1.0,2.0,21.0,0.0,0.0,1.0,0.0,0.0,3.0,0.0,44.0,5.0,10.0,2.0,63.0,1.0,10.0,8.0,1.0,0.0,9.0,3.0,0.0,5.0,1.0,0.0,17.0,20.0,5.0,2.0,5.0,196.0,0.0,1.0,8.0,123.0,18.0,0.0,2.0,0.0,0.0,0.0,1.0,44.0,0.0,2.0,3.0,3.0,130.0,2.0,2.0,0.0,5.0,0.0,3.0,4.0,9.0,1.0,0.0,0.0,5.0,18.0,3.0,1.0,2.0,1.0,6.0,48.0,2.0,1.0,0.0,6.0,8.0,43.0,12.0,44.0,0.0,6.0,9.0,40.0,1.0,0.0,1.0,5.0,38.0,11.0,186.0,31.0,0.0,0.0,0.0,5.0,4.0,0.0,33.0,43.0,0.0,3.0,258.0,3.0,1.0,0.0,63.0,0.0,0.0,0.0,0.0,0.0,1.0,0.0,0.0,0.0,87.0,922.0,9.0,2.0,270.0,886.0,5.0,1.0,0.0,4.0,1.0,0.0,1.0,27.0,2.0,2.0,1.0,1.0,0.0,0.0,1.0,0.0,111.0,0.0,37.0,1.0,1.0,2.0,0.0,0.0,2.0,0.0,0.0,0.0,0.0,0.0,1.0,0.0,0.0,0.0,0.0,1.0,0.0,4.0,1.0,0.0,0.0,0.0,2.0,0.0,0.0,2.0,40.0,0.0,55.0,9.0,4.0,2.0,313.0,9.0,1.0,3.0,2.0,2.0,0.0,7.0,6.0,0.0,1.0,0.0,1.0,3.0,14.0,15.0,4.0,123.0,0.0,1.0,6.0,4.0,1793.0,1.0,9.0,29.0,348.0,134.0,5.0,110.0,2.0,7.0,15.0,9.0,12.0,15.0,322.0,1.0,4.0,21.0,3.0,1.0,1.0,1.0,1.0,2.0,28.0,1.0,1.0,2.0,3.0,3.0,0.0,1.0,22.0,3.0,2.0,8.0,6.0,5.0,3.0,1.0,1.0,0.0,0.0,2.0,2.0,0.0,7.0,1.0,0.0,0.0,2.0,0.0,0.0,0.0,9.0,2.0,0.0,6.0,0.0,18.0,8.0,69.0,3.0,182.0,1.0,0.0,1.0,0.0,1.0,0.0,1.0,0.0,1.0,2.0,14.0,0.0,0.0,0.0,1.0,2.0,0.0,0.0,0.0,0.0,0.0,3.0,5.0,6.0,0.0,0.0,1.0,0.0,0.0,0.0,0.0,0.0,0.0,0.0,0.0,0.0,2.0,0.0,0.0,1.0,0.0,0.0,0.0,0.0,0.0,0.0,1.0,0.0,0.0,0.0,0.0,1.0,0.0,1.0,1.0,0.0,0.0,0.0,0.0,0.0,0.0,0.0,0.0,0.0,0.0,1.0,0.0,0.0,1.0,0.0,0.0,0.0,0.0,0.0,0.0,0.0,0.0,0.0,0.0,0.0,0.0,0.0,0.0,0.0,3.0,0.0,0.0,0.0,0.0,0.0,0.0,0.0,0.0,0.0,4.0,4.0,8.0,22.0,19.0,18.0,17.0,7.0,3.0,32.0,26.0,95.0,4.0,17.0,20.0,39.0,18.0,64.0,108.0,4.0,19.0,36.0,2.0,153.0,2.0,14.0,102.0,171.0,3.0,36.0,14.0,79.0,3.0,8.0,7.0,20.0,47.0,24.0,17.0,23.0,12.0,14.0,3808.0,2.0,15.0,281.0,30.0,54.0,6.0,7.0,148.0,77.0
2006-02-01,171.0,16.0,21.0,784.0,63.0,263.0,96.0,11.0,0.0,0.0,1.0,36.0,1.0,0.0,0.0,5.0,0.0,0.0,0.0,68.0,1.0,3.0,2.0,1.0,0.0,2.0,2.0,0.0,6.0,0.0,28.0,22.0,0.0,1.0,15.0,13.0,374.0,20.0,5.0,36.0,61.0,28.0,11.0,88.0,2.0,33.0,37.0,54.0,27.0,157.0,62.0,56.0,0.0,0.0,355.0,0.0,31.0,52.0,85.0,276.0,67.0,109.0,3.0,43.0,31.0,48.0,6.0,8.0,9.0,1.0,14.0,271.0,15.0,38.0,9.0,3.0,12.0,2.0,1.0,11.0,22.0,20.0,9.0,1.0,6.0,7.0,17.0,22.0,20.0,9.0,1.0,1.0,2.0,2.0,31.0,37.0,39.0,3.0,64.0,10.0,47.0,5.0,8.0,0.0,84.0,18.0,19.0,78.0,2.0,34.0,12.0,71.0,31.0,5.0,80.0,295.0,26.0,42.0,97.0,2.0,102.0,16.0,5.0,0.0,2.0,8.0,4.0,0.0,4.0,1.0,3.0,4.0,1.0,11.0,3.0,1.0,21.0,57.0,3.0,26.0,5.0,1.0,0.0,2.0,2.0,1.0,3.0,6.0,0.0,27.0,87.0,4.0,27.0,9.0,56.0,1.0,1.0,11.0,20.0,0.0,5.0,4.0,1.0,5.0,0.0,2.0,33.0,0.0,8.0,1.0,5.0,1.0,6.0,3.0,3.0,0.0,15.0,10.0,0.0,19.0,1.0,0.0,27.0,17.0,8.0,1.0,4.0,113.0,1.0,3.0,15.0,119.0,16.0,0.0,2.0,0.0,1.0,0.0,0.0,15.0,0.0,1.0,0.0,0.0,179.0,4.0,0.0,0.0,0.0,2.0,1.0,20.0,6.0,4.0,0.0,0.0,7.0,16.0,1.0,0.0,1.0,0.0,55.0,75.0,3.0,0.0,2.0,3.0,54.0,29.0,7.0,42.0,8.0,8.0,11.0,84.0,1.0,0.0,3.0,1.0,63.0,12.0,55.0,60.0,0.0,5.0,1.0,7.0,8.0,1.0,85.0,45.0,2.0,17.0,217.0,6.0,1.0,5.0,174.0,0.0,1.0,0.0,0.0,0.0,0.0,1.0,0.0,0.0,262.0,1703.0,8.0,1.0,366.0,1329.0,16.0,0.0,8.0,2.0,3.0,0.0,0.0,81.0,20.0,0.0,0.0,2.0,0.0,0.0,27.0,2.0,188.0,3.0,15.0,0.0,9.0,9.0,1.0,0.0,2.0,3.0,3.0,1.0,2.0,0.0,0.0,2.0,0.0,0.0,3.0,0.0,0.0,26.0,1.0,1.0,14.0,2.0,2.0,1.0,1.0,126.0,29.0,1.0,75.0,22.0,3.0,4.0,804.0,13.0,0.0,2.0,1.0,0.0,3.0,2.0,6.0,1.0,0.0,2.0,0.0,0.0,22.0,34.0,2.0,549.0,0.0,5.0,37.0,6.0,3216.0,9.0,46.0,31.0,871.0,606.0,19.0,101.0,17.0,20.0,65.0,27.0,63.0,47.0,692.0,2.0,18.0,145.0,7.0,105.0,2.0,0.0,0.0,2.0,20.0,2.0,1.0,4.0,4.0,2.0,1.0,1.0,92.0,0.0,1.0,53.0,15.0,37.0,1.0,2.0,0.0,0.0,2.0,0.0,0.0,0.0,7.0,2.0,0.0,0.0,5.0,1.0,0.0,0.0,31.0,0.0,0.0,22.0,0.0,129.0,14.0,121.0,2.0,593.0,1.0,0.0,0.0,2.0,3.0,1.0,4.0,0.0,3.0,0.0,8.0,0.0,0.0,0.0,2.0,2.0,0.0,0.0,0.0,0.0,1.0,2.0,4.0,19.0,0.0,0.0,0.0,0.0,0.0,0.0,0.0,2.0,0.0,0.0,0.0,0.0,0.0,2.0,0.0,0.0,3.0,0.0,0.0,1.0,0.0,0.0,0.0,0.0,0.0,3.0,0.0,1.0,0.0,0.0,1.0,1.0,0.0,1.0,1.0,1.0,1.0,1.0,3.0,0.0,0.0,1.0,0.0,0.0,0.0,0.0,0.0,0.0,1.0,0.0,0.0,0.0,0.0,0.0,0.0,1.0,0.0,0.0,0.0,1.0,5.0,0.0,0.0,0.0,0.0,1.0,0.0,1.0,0.0,0.0,4.0,2.0,25.0,64.0,49.0,20.0,44.0,69.0,3.0,135.0,133.0,45.0,4.0,15.0,23.0,74.0,17.0,86.0,60.0,7.0,11.0,19.0,2.0,144.0,2.0,8.0,8.0,259.0,5.0,75.0,12.0,163.0,7.0,5.0,8.0,14.0,61.0,8.0,29.0,39.0,4.0,28.0,3749.0,0.0,7.0,472.0,25.0,67.0,14.0,20.0,66.0,50.0
2006-03-01,47.0,7.0,18.0,192.0,26.0,66.0,50.0,1.0,0.0,0.0,0.0,20.0,7.0,0.0,0.0,8.0,0.0,0.0,0.0,110.0,0.0,2.0,0.0,2.0,1.0,3.0,2.0,0.0,1.0,0.0,5.0,13.0,0.0,5.0,1.0,18.0,326.0,27.0,12.0,37.0,44.0,30.0,69.0,36.0,15.0,30.0,33.0,65.0,47.0,43.0,121.0,76.0,1.0,0.0,285.0,0.0,14.0,131.0,79.0,264.0,207.0,260.0,15.0,108.0,10.0,46.0,10.0,22.0,12.0,3.0,5.0,141.0,17.0,22.0,22.0,31.0,40.0,11.0,1.0,1.0,46.0,21.0,10.0,3.0,5.0,4.0,13.0,25.0,26.0,21.0,2.0,4.0,2.0,1.0,88.0,73.0,66.0,7.0,55.0,38.0,177.0,8.0,32.0,1.0,71.0,31.0,5.0,105.0,7.0,59.0,29.0,43.0,19.0,10.0,220.0,522.0,51.0,93.0,131.0,5.0,75.0,22.0,6.0,2.0,5.0,29.0,12.0,1.0,39.0,0.0,10.0,6.0,0.0,12.0,13.0,11.0,23.0,54.0,10.0,41.0,3.0,2.0,3.0,7.0,3.0,0.0,1.0,7.0,0.0,37.0,161.0,15.0,42.0,32.0,52.0,17.0,4.0,31.0,48.0,1.0,10.0,8.0,0.0,3.0,4.0,3.0,11.0,4.0,22.0,2.0,17.0,0.0,16.0,23.0,2.0,0.0,22.0,24.0,0.0,24.0,3.0,0.0,88.0,98.0,125.0,3.0,48.0,116.0,19.0,7.0,14.0,221.0,15.0,0.0,4.0,3.0,0.0,1.0,3.0,6.0,0.0,2.0,4.0,1.0,124.0,0.0,0.0,2.0,1.0,0.0,3.0,8.0,29.0,11.0,0.0,0.0,0.0,27.0,3.0,10.0,0.0,0.0,31.0,155.0,1.0,0.0,5.0,32.0,197.0,72.0,10.0,65.0,6.0,29.0,31.0,130.0,2.0,2.0,0.0,2.0,88.0,28.0,18.0,40.0,2.0,29.0,0.0,5.0,11.0,7.0,224.0,41.0,7.0,35.0,251.0,24.0,23.0,11.0,177.0,0.0,7.0,0.0,0.0,0.0,1.0,0.0,7.0,1.0,381.0,2790.0,60.0,24.0,439.0,1675.0,132.0,6.0,4.0,10.0,7.0,0.0,0.0,408.0,124.0,1.0,1.0,5.0,2.0,0.0,9.0,0.0,269.0,15.0,44.0,0.0,32.0,34.0,5.0,0.0,2.0,3.0,6.0,4.0,1.0,1.0,0.0,1.0,0.0,0.0,3.0,0.0,0.0,84.0,1.0,1.0,121.0,35.0,2.0,11.0,2.0,343.0,38.0,2.0,35.0,153.0,10.0,6.0,1120.0,37.0,2.0,5.0,8.0,4.0,0.0,5.0,5.0,0.0,0.0,5.0,12.0,6.0,22.0,111.0,4.0,2630.0,27.0,6.0,48.0,22.0,4882.0,97.0,131.0,136.0,3320.0,1514.0,61.0,165.0,162.0,70.0,345.0,146.0,66.0,146.0,1775.0,3.0,264.0,851.0,68.0,193.0,14.0,7.0,3.0,2.0,137.0,11.0,13.0,157.0,21.0,2.0,10.0,34.0,444.0,1.0,5.0,91.0,160.0,85.0,10.0,5.0,4.0,0.0,0.0,0.0,1.0,0.0,93.0,3.0,7.0,0.0,19.0,37.0,0.0,1.0,173.0,6.0,19.0,93.0,1.0,397.0,185.0,519.0,14.0,3879.0,2.0,2.0,1.0,92.0,66.0,1.0,6.0,2.0,30.0,1.0,14.0,0.0,1.0,1.0,1.0,1.0,1.0,0.0,0.0,0.0,0.0,23.0,4.0,78.0,0.0,0.0,0.0,0.0,1.0,0.0,0.0,0.0,0.0,0.0,0.0,0.0,3.0,4.0,0.0,0.0,1.0,0.0,1.0,0.0,0.0,0.0,3.0,0.0,0.0,1.0,4.0,0.0,0.0,1.0,2.0,0.0,1.0,0.0,0.0,0.0,1.0,3.0,1.0,0.0,0.0,1.0,0.0,0.0,0.0,0.0,0.0,0.0,0.0,0.0,0.0,0.0,0.0,0.0,0.0,0.0,0.0,0.0,0.0,0.0,5.0,0.0,0.0,0.0,0.0,0.0,0.0,0.0,0.0,0.0,2.0,9.0,69.0,307.0,289.0,124.0,545.0,472.0,42.0,567.0,288.0,63.0,10.0,10.0,44.0,170.0,44.0,182.0,30.0,13.0,6.0,25.0,3.0,140.0,5.0,13.0,12.0,283.0,9.0,94.0,29.0,297.0,11.0,6.0,45.0,6.0,125.0,4.0,29.0,51.0,6.0,33.0,3649.0,1.0,17.0,694.0,21.0,189.0,18.0,45.0,42.0,80.0
2006-04-01,16.0,2.0,22.0,31.0,2.0,18.0,32.0,2.0,0.0,0.0,2.0,17.0,1.0,1.0,0.0,0.0,0.0,0.0,1.0,70.0,0.0,0.0,2.0,0.0,0.0,1.0,4.0,0.0,11.0,0.0,5.0,3.0,0.0,0.0,0.0,2.0,158.0,11.0,14.0,41.0,41.0,20.0,62.0,21.0,18.0,29.0,21.0,32.0,48.0,39.0,53.0,93.0,0.0,0.0,122.0,0.0,16.0,110.0,59.0,140.0,211.0,312.0,20.0,144.0,4.0,116.0,8.0,15.0,1.0,10.0,14.0,57.0,26.0,35.0,38.0,59.0,24.0,5.0,0.0,11.0,39.0,45.0,20.0,6.0,10.0,5.0,46.0,54.0,56.0,31.0,5.0,0.0,5.0,2.0,23.0,129.0,11.0,12.0,38.0,23.0,212.0,5.0,18.0,0.0,139.0,57.0,4.0,158.0,22.0,61.0,16.0,58.0,40.0,18.0,375.0,1221.0,85.0,82.0,68.0,6.0,29.0,23.0,7.0,6.0,9.0,37.0,2.0,2.0,45.0,0.0,21.0,12.0,0.0,10.0,9.0,0.0,12.0,61.0,14.0,37.0,10.0,17.0,4.0,13.0,6.0,3.0,7.0,25.0,0.0,120.0,336.0,10.0,26.0,47.0,38.0,19.0,5.0,11.0,37.0,0.0,45.0,21.0,3.0,5.0,2.0,26.0,26.0,50.0,28.0,0.0,6.0,1.0,18.0,24.0,1.0,1.0,86.0,66.0,2.0,63.0,5.0,1.0,222.0,83.0,42.0,23.0,87.0,101.0,6.0,6.0,54.0,283.0,75.0,5.0,1.0,4.0,3.0,0.0,12.0,7.0,0.0,0.0,9.0,6.0,90.0,4.0,2.0,3.0,1.0,3.0,4.0,30.0,10.0,61.0,0.0,1.0,4.0,50.0,11.0,0.0,5.0,5.0,26.0,159.0,1.0,1.0,5.0,41.0,98.0,97.0,44.0,85.0,7.0,7.0,53.0,354.0,2.0,1.0,2.0,13.0,69.0,23.0,23.0,30.0,3.0,31.0,0.0,9.0,35.0,8.0,122.0,20.0,9.0,53.0,156.0,83.0,18.0,32.0,192.0,0.0,16.0,0.0,1.0,1.0,0.0,1.0,45.0,1.0,390.0,2488.0,113.0,96.0,378.0,1391.0,114.0,17.0,16.0,31.0,38.0,2.0,1.0,701.0,127.0,2.0,2.0,5.0,2.0,0.0,8.0,3.0,487.0,15.0,83.0,10.0,55.0,102.0,1.0,2.0,4.0,4.0,10.0,5.0,3.0,0.0,0.0,2.0,0.0,1.0,3.0,1.0,0.0,43.0,32.0,0.0,156.0,131.0,5.0,44.0,1.0,154.0,48.0,0.0,54.0,170.0,10.0,9.0,1761.0,109.0,11.0,57.0,14.0,18.0,0.0,15.0,38.0,1.0,3.0,4.0,1.0,16.0,96.0,411.0,19.0,2720.0,63.0,10.0,41.0,31.0,3369.0,112.0,352.0,145.0,6575.0,1215.0,10.0,135.0,161.0,132.0,310.0,129.0,44.0,417.0,3167.0,5.0,573.0,1188.0,265.0,103.0,33.0,6.0,3.0,2.0,249.0,14.0,42.0,158.0,52.0,9.0,17.0,88.0,626.0,1.0,30.0,82.0,247.0,183.0,34.0,29.0,5.0,1.0,2.0,3.0,0.0,1.0,276.0,13.0,15.0,0.0,28.0,360.0,1.0,2.0,376.0,12.0,67.0,100.0,9.0,445.0,287.0,959.0,18.0,5228.0,18.0,5.0,3.0,173.0,95.0,12.0,2.0,0.0,42.0,1.0,28.0,0.0,3.0,0.0,1.0,0.0,0.0,0.0,0.0,0.0,0.0,33.0,8.0,116.0,0.0,0.0,0.0,0.0,1.0,0.0,0.0,0.0,0.0,0.0,0.0,0.0,6.0,2.0,0.0,0.0,1.0,0.0,0.0,1.0,1.0,0.0,2.0,0.0,0.0,0.0,0.0,2.0,0.0,0.0,1.0,0.0,1.0,0.0,1.0,0.0,0.0,1.0,0.0,0.0,0.0,0.0,0.0,0.0,0.0,0.0,0.0,0.0,0.0,0.0,0.0,0.0,0.0,0.0,0.0,0.0,0.0,0.0,0.0,0.0,8.0,1.0,0.0,0.0,0.0,0.0,0.0,0.0,0.0,0.0,0.0,11.0,155.0,606.0,110.0,216.0,1119.0,443.0,101.0,811.0,114.0,27.0,3.0,4.0,26.0,36.0,78.0,179.0,30.0,17.0,5.0,24.0,2.0,42.0,20.0,4.0,9.0,116.0,2.0,93.0,30.0,130.0,33.0,38.0,10.0,7.0,204.0,0.0,17.0,48.0,5.0,6.0,3163.0,6.0,18.0,753.0,19.0,309.0,13.0,44.0,46.0,91.0
2006-05-01,10.0,1.0,19.0,18.0,2.0,5.0,6.0,1.0,0.0,0.0,0.0,9.0,0.0,0.0,0.0,1.0,0.0,0.0,0.0,58.0,0.0,3.0,0.0,0.0,0.0,0.0,18.0,0.0,58.0,1.0,0.0,2.0,0.0,0.0,0.0,2.0,129.0,15.0,29.0,42.0,39.0,14.0,16.0,11.0,27.0,28.0,56.0,23.0,36.0,40.0,21.0,47.0,0.0,0.0,103.0,0.0,43.0,167.0,33.0,109.0,210.0,307.0,4.0,124.0,4.0,193.0,9.0,9.0,3.0,9.0,21.0,57.0,23.0,15.0,48.0,36.0,38.0,13.0,2.0,27.0,103.0,46.0,24.0,23.0,4.0,7.0,18.0,345.0,54.0,44.0,33.0,7.0,2.0,3.0,13.0,105.0,10.0,56.0,16.0,42.0,206.0,19.0,17.0,0.0,261.0,147.0,20.0,64.0,40.0,17.0,10.0,60.0,27.0,20.0,232.0,3960.0,107.0,96.0,119.0,3.0,28.0,31.0,8.0,6.0,5.0,96.0,0.0,1.0,82.0,3.0,32.0,37.0,1.0,18.0,3.0,1.0,9.0,22.0,20.0,17.0,29.0,15.0,4.0,9.0,11.0,4.0,18.0,52.0,10.0,135.0,732.0,49.0,3.0,18.0,17.0,16.0,5.0,15.0,20.0,3.0,8.0,14.0,1.0,12.0,6.0,15.0,9.0,13.0,41.0,9.0,1.0,8.0,16.0,57.0,6.0,7.0,245.0,75.0,2.0,153.0,8.0,3.0,349.0,94.0,26.0,27.0,40.0,170.0,7.0,50.0,59.0,552.0,71.0,1.0,5.0,6.0,3.0,0.0,33.0,15.0,0.0,1.0,16.0,2.0,182.0,3.0,1.0,8.0,5.0,3.0,6.0,9.0,19.0,55.0,0.0,1.0,11.0,119.0,8.0,2.0,6.0,0.0,16.0,78.0,2.0,5.0,3.0,25.0,7.0,50.0,17.0,80.0,7.0,6.0,38.0,263.0,0.0,1.0,7.0,14.0,90.0,62.0,21.0,28.0,34.0,35.0,0.0,14.0,12.0,7.0,85.0,14.0,12.0,138.0,102.0,202.0,22.0,22.0,281.0,1.0,13.0,0.0,0.0,3.0,0.0,1.0,87.0,1.0,197.0,902.0,66.0,71.0,241.0,340.0,53.0,19.0,10.0,59.0,36.0,0.0,1.0,530.0,69.0,0.0,0.0,4.0,2.0,0.0,5.0,2.0,465.0,12.0,79.0,7.0,39.0,101.0,1.0,0.0,3.0,2.0,19.0,18.0,1.0,1.0,0.0,0.0,0.0,2.0,2.0,0.0,1.0,36.0,58.0,3.0,84.0,172.0,3.0,141.0,8.0,115.0,58.0,3.0,56.0,137.0,15.0,12.0,1865.0,186.0,5.0,87.0,17.0,28.0,1.0,34.0,158.0,0.0,0.0,1.0,1.0,16.0,159.0,318.0,20.0,741.0,23.0,9.0,7.0,16.0,1619.0,130.0,153.0,78.0,2562.0,189.0,15.0,51.0,31.0,74.0,110.0,82.0,16.0,226.0,1461.0,1.0,285.0,223.0,145.0,25.0,9.0,3.0,0.0,2.0,152.0,6.0,21.0,84.0,28.0,8.0,7.0,56.0,282.0,3.0,14.0,36.0,99.0,69.0,6.0,10.0,0.0,0.0,1.0,1.0,2.0,1.0,146.0,1.0,4.0,0.0,12.0,277.0,0.0,0.0,241.0,5.0,39.0,40.0,4.0,154.0,92.0,303.0,7.0,2170.0,2.0,2.0,0.0,16.0,16.0,4.0,0.0,0.0,20.0,0.0,13.0,0.0,1.0,0.0,3.0,0.0,2.0,0.0,0.0,0.0,0.0,7.0,3.0,38.0,0.0,0.0,1.0,0.0,0.0,0.0,0.0,0.0,0.0,0.0,0.0,0.0,1.0,0.0,0.0,0.0,0.0,1.0,0.0,0.0,0.0,0.0,2.0,0.0,1.0,0.0,0.0,5.0,0.0,0.0,2.0,0.0,0.0,0.0,0.0,0.0,0.0,1.0,2.0,0.0,0.0,0.0,0.0,0.0,1.0,0.0,0.0,0.0,0.0,0.0,1.0,0.0,0.0,0.0,0.0,0.0,0.0,0.0,1.0,0.0,5.0,0.0,0.0,0.0,0.0,0.0,0.0,0.0,0.0,2.0,2.0,12.0,39.0,302.0,42.0,82.0,378.0,112.0,73.0,280.0,45.0,22.0,2.0,3.0,9.0,17.0,53.0,253.0,13.0,41.0,1.0,19.0,3.0,19.0,8.0,4.0,0.0,42.0,1.0,32.0,13.0,41.0,9.0,27.0,9.0,4.0,124.0,0.0,17.0,60.0,4.0,11.0,1746.0,4.0,18.0,399.0,9.0,134.0,8.0,16.0,40.0,81.0
2006-06-01,1.0,0.0,4.0,15.0,1.0,4.0,5.0,2.0,0.0,0.0,0.0,8.0,2.0,6.0,0.0,0.0,0.0,0.0,0.0,25.0,2.0,0.0,0.0,0.0,1.0,4.0,18.0,1.0,67.0,0.0,0.0,0.0,0.0,0.0,0.0,2.0,86.0,10.0,9.0,42.0,21.0,15.0,12.0,3.0,7.0,13.0,26.0,16.0,18.0,14.0,6.0,7.0,0.0,0.0,61.0,0.0,17.0,41.0,1.0,14.0,24.0,137.0,2.0,28.0,1.0,80.0,5.0,6.0,1.0,5.0,13.0,15.0,3.0,17.0,14.0,4.0,22.0,6.0,1.0,22.0,49.0,30.0,2.0,9.0,0.0,18.0,15.0,835.0,36.0,26.0,27.0,0.0,0.0,4.0,16.0,91.0,14.0,132.0,1.0,43.0,109.0,18.0,6.0,0.0,458.0,383.0,8.0,22.0,36.0,5.0,5.0,12.0,10.0,18.0,105.0,4300.0,36.0,66.0,26.0,4.0,15.0,25.0,11.0,4.0,7.0,50.0,0.0,0.0,31.0,0.0,13.0,21.0,0.0,26.0,6.0,0.0,25.0,17.0,8.0,3.0,11.0,84.0,7.0,5.0,24.0,10.0,36.0,69.0,13.0,191.0,1396.0,80.0,2.0,0.0,3.0,31.0,2.0,5.0,13.0,0.0,1.0,12.0,0.0,14.0,4.0,9.0,16.0,25.0,25.0,1.0,0.0,6.0,3.0,111.0,36.0,5.0,66.0,49.0,1.0,95.0,6.0,1.0,158.0,55.0,25.0,12.0,5.0,102.0,11.0,88.0,53.0,580.0,65.0,6.0,5.0,7.0,0.0,2.0,16.0,11.0,0.0,0.0,17.0,3.0,253.0,6.0,0.0,0.0,3.0,4.0,2.0,3.0,10.0,38.0,1.0,0.0,5.0,52.0,6.0,2.0,2.0,0.0,11.0,26.0,1.0,2.0,1.0,7.0,2.0,30.0,4.0,51.0,0.0,7.0,14.0,91.0,0.0,0.0,5.0,5.0,55.0,12.0,3.0,14.0,8.0,13.0,0.0,3.0,2.0,1.0,17.0,5.0,0.0,25.0,14.0,42.0,5.0,5.0,30.0,0.0,2.0,0.0,0.0,0.0,0.0,0.0,40.0,2.0,29.0,125.0,10.0,13.0,47.0,46.0,6.0,1.0,2.0,20.0,8.0,0.0,0.0,78.0,6.0,1.0,0.0,2.0,1.0,0.0,0.0,5.0,144.0,11.0,35.0,1.0,9.0,22.0,0.0,0.0,1.0,0.0,2.0,2.0,0.0,0.0,0.0,0.0,0.0,0.0,0.0,0.0,0.0,5.0,10.0,0.0,8.0,51.0,1.0,32.0,0.0,24.0,22.0,0.0,27.0,27.0,2.0,5.0,536.0,118.0,2.0,59.0,23.0,13.0,0.0,18.0,70.0,0.0,0.0,0.0,0.0,5.0,93.0,33.0,0.0,117.0,4.0,1.0,3.0,8.0,612.0,34.0,43.0,21.0,478.0,22.0,0.0,7.0,3.0,26.0,34.0,32.0,5.0,44.0,209.0,0.0,71.0,42.0,38.0,4.0,6.0,1.0,0.0,0.0,10.0,3.0,1.0,8.0,12.0,1.0,0.0,2.0,70.0,0.0,2.0,1.0,7.0,7.0,0.0,1.0,1.0,0.0,0.0,0.0,0.0,1.0,11.0,1.0,1.0,0.0,7.0,22.0,0.0,0.0,70.0,1.0,17.0,7.0,0.0,7.0,7.0,45.0,6.0,300.0,0.0,2.0,0.0,0.0,0.0,2.0,0.0,0.0,4.0,1.0,3.0,0.0,1.0,0.0,2.0,0.0,0.0,0.0,0.0,0.0,0.0,1.0,1.0,12.0,0.0,0.0,0.0,0.0,0.0,0.0,0.0,0.0,0.0,0.0,0.0,0.0,2.0,0.0,0.0,0.0,0.0,0.0,0.0,0.0,0.0,0.0,0.0,0.0,0.0,0.0,2.0,1.0,0.0,0.0,0.0,0.0,0.0,0.0,0.0,0.0,0.0,0.0,0.0,0.0,0.0,0.0,0.0,1.0,0.0,1.0,0.0,0.0,0.0,0.0,0.0,0.0,0.0,0.0,0.0,0.0,0.0,0.0,0.0,1.0,1.0,0.0,1.0,1.0,0.0,0.0,0.0,0.0,0.0,0.0,0.0,14.0,19.0,93.0,15.0,9.0,103.0,19.0,27.0,23.0,15.0,12.0,0.0,3.0,4.0,21.0,23.0,76.0,5.0,12.0,2.0,8.0,5.0,5.0,12.0,0.0,0.0,13.0,1.0,13.0,2.0,8.0,1.0,4.0,0.0,3.0,31.0,0.0,5.0,7.0,0.0,1.0,495.0,2.0,4.0,91.0,1.0,20.0,1.0,5.0,1.0,33.0
2006-07-01,2.0,1.0,6.0,1.0,1.0,1.0,4.0,0.0,0.0,0.0,0.0,4.0,1.0,1.0,0.0,0.0,0.0,0.0,0.0,28.0,0.0,0.0,0.0,0.0,2.0,5.0,58.0,1.0,59.0,0.0,0.0,3.0,0.0,0.0,0.0,3.0,26.0,13.0,4.0,16.0,21.0,6.0,1.0,1.0,0.0,11.0,16.0,5.0,3.0,4.0,5.0,1.0,0.0,1.0,46.0,0.0,6.0,9.0,1.0,4.0,5.0,57.0,1.0,7.0,2.0,135.0,5.0,2.0,4.0,0.0,23.0,11.0,4.0,9.0,6.0,20.0,10.0,9.0,0.0,7.0,28.0,30.0,1.0,1.0,1.0,9.0,39.0,240.0,63.0,18.0,19.0,0.0,3.0,3.0,2.0,33.0,4.0,61.0,1.0,40.0,125.0,13.0,63.0,5.0,472.0,154.0,8.0,6.0,14.0,7.0,4.0,13.0,34.0,17.0,32.0,3186.0,17.0,50.0,40.0,4.0,7.0,40.0,23.0,3.0,2.0,36.0,0.0,1.0,8.0,0.0,9.0,12.0,0.0,19.0,1.0,0.0,55.0,19.0,12.0,5.0,27.0,91.0,4.0,6.0,25.0,13.0,46.0,137.0,25.0,187.0,1102.0,53.0,3.0,1.0,0.0,14.0,2.0,4.0,5.0,1.0,0.0,18.0,3.0,9.0,10.0,6.0,27.0,22.0,40.0,8.0,1.0,11.0,14.0,108.0,10.0,4.0,17.0,7.0,2.0,36.0,2.0,1.0,53.0,28.0,61.0,6.0,3.0,96.0,7.0,46.0,22.0,487.0,59.0,4.0,5.0,3.0,4.0,4.0,19.0,22.0,0.0,2.0,22.0,6.0,395.0,3.0,3.0,1.0,3.0,2.0,9.0,0.0,6.0,12.0,0.0,3.0,2.0,41.0,3.0,4.0,0.0,0.0,5.0,4.0,2.0,1.0,1.0,7.0,1.0,3.0,0.0,46.0,5.0,13.0,8.0,44.0,4.0,0.0,2.0,4.0,38.0,2.0,2.0,5.0,4.0,0.0,0.0,4.0,6.0,1.0,10.0,2.0,0.0,7.0,3.0,10.0,0.0,3.0,5.0,0.0,1.0,0.0,0.0,0.0,1.0,0.0,10.0,0.0,4.0,34.0,0.0,2.0,6.0,7.0,0.0,1.0,0.0,7.0,2.0,0.0,0.0,7.0,0.0,0.0,0.0,0.0,0.0,0.0,3.0,1.0,36.0,3.0,18.0,0.0,0.0,2.0,0.0,0.0,0.0,0.0,0.0,2.0,0.0,0.0,0.0,0.0,0.0,0.0,1.0,0.0,0.0,1.0,1.0,0.0,0.0,3.0,0.0,5.0,2.0,11.0,15.0,0.0,7.0,7.0,1.0,0.0,211.0,85.0,1.0,23.0,3.0,2.0,5.0,11.0,27.0,0.0,0.0,0.0,0.0,3.0,56.0,9.0,0.0,16.0,0.0,1.0,1.0,4.0,258.0,12.0,8.0,9.0,130.0,4.0,0.0,3.0,3.0,2.0,6.0,9.0,1.0,15.0,47.0,0.0,25.0,4.0,14.0,0.0,0.0,0.0,0.0,0.0,2.0,1.0,0.0,3.0,2.0,0.0,1.0,1.0,19.0,0.0,2.0,0.0,2.0,0.0,1.0,0.0,0.0,0.0,0.0,0.0,0.0,1.0,8.0,1.0,0.0,0.0,11.0,1.0,0.0,0.0,29.0,2.0,6.0,6.0,0.0,5.0,3.0,41.0,4.0,69.0,0.0,0.0,0.0,0.0,1.0,0.0,0.0,1.0,0.0,0.0,5.0,0.0,0.0,0.0,0.0,0.0,0.0,0.0,0.0,0.0,0.0,0.0,0.0,2.0,0.0,0.0,0.0,0.0,0.0,0.0,0.0,0.0,0.0,0.0,0.0,0.0,2.0,0.0,0.0,0.0,0.0,0.0,0.0,0.0,0.0,0.0,0.0,0.0,0.0,0.0,0.0,0.0,0.0,0.0,0.0,0.0,0.0,0.0,1.0,0.0,0.0,0.0,0.0,0.0,0.0,0.0,0.0,0.0,0.0,0.0,0.0,0.0,0.0,0.0,0.0,0.0,0.0,0.0,0.0,0.0,0.0,0.0,0.0,0.0,0.0,0.0,0.0,0.0,0.0,0.0,0.0,0.0,0.0,0.0,0.0,6.0,5.0,46.0,2.0,0.0,18.0,2.0,7.0,9.0,4.0,35.0,2.0,3.0,1.0,13.0,10.0,41.0,6.0,5.0,2.0,3.0,0.0,3.0,2.0,0.0,0.0,9.0,4.0,5.0,0.0,0.0,2.0,7.0,0.0,0.0,5.0,0.0,2.0,10.0,2.0,0.0,167.0,0.0,4.0,28.0,0.0,8.0,0.0,1.0,3.0,12.0
2006-08-01,4.0,0.0,0.0,1.0,2.0,2.0,5.0,1.0,0.0,0.0,0.0,2.0,0.0,1.0,0.0,0.0,0.0,0.0,0.0,19.0,1.0,0.0,0.0,0.0,1.0,16.0,115.0,0.0,16.0,1.0,1.0,0.0,0.0,0.0,0.0,2.0,43.0,7.0,0.0,24.0,26.0,6.0,3.0,0.0,0.0,1.0,18.0,1.0,4.0,1.0,3.0,1.0,0.0,0.0,57.0,0.0,7.0,10.0,0.0,1.0,4.0,16.0,0.0,8.0,2.0,263.0,2.0,5.0,3.0,1.0,22.0,5.0,5.0,12.0,17.0,12.0,5.0,3.0,1.0,12.0,10.0,10.0,0.0,2.0,0.0,8.0,97.0,54.0,28.0,6.0,21.0,0.0,10.0,0.0,1.0,8.0,3.0,8.0,0.0,40.0,73.0,5.0,12.0,1.0,235.0,44.0,11.0,1.0,2.0,2.0,3.0,13.0,31.0,7.0,13.0,1978.0,3.0,58.0,29.0,9.0,6.0,24.0,65.0,2.0,6.0,8.0,2.0,0.0,0.0,1.0,3.0,6.0,0.0,24.0,1.0,0.0,2.0,5.0,11.0,2.0,13.0,43.0,1.0,10.0,26.0,29.0,37.0,67.0,15.0,78.0,498.0,24.0,1.0,0.0,0.0,0.0,3.0,12.0,2.0,0.0,1.0,4.0,17.0,10.0,10.0,8.0,29.0,15.0,30.0,7.0,0.0,11.0,10.0,97.0,8.0,8.0,10.0,11.0,5.0,11.0,3.0,0.0,61.0,22.0,59.0,6.0,3.0,72.0,20.0,19.0,24.0,239.0,73.0,3.0,0.0,2.0,5.0,1.0,14.0,21.0,0.0,1.0,23.0,8.0,417.0,2.0,4.0,1.0,3.0,2.0,4.0,1.0,2.0,8.0,0.0,0.0,1.0,28.0,2.0,2.0,0.0,0.0,1.0,3.0,3.0,1.0,0.0,2.0,0.0,5.0,0.0,40.0,2.0,4.0,7.0,44.0,1.0,1.0,0.0,3.0,17.0,0.0,1.0,7.0,0.0,1.0,0.0,1.0,3.0,1.0,4.0,2.0,0.0,1.0,1.0,2.0,0.0,0.0,1.0,0.0,0.0,0.0,0.0,0.0,0.0,0.0,2.0,1.0,1.0,6.0,0.0,1.0,2.0,6.0,0.0,0.0,0.0,0.0,0.0,1.0,1.0,6.0,1.0,0.0,0.0,0.0,0.0,0.0,5.0,1.0,14.0,1.0,10.0,0.0,0.0,3.0,0.0,1.0,0.0,0.0,1.0,0.0,0.0,0.0,0.0,0.0,0.0,0.0,0.0,0.0,0.0,0.0,0.0,0.0,0.0,0.0,0.0,2.0,0.0,13.0,5.0,0.0,0.0,1.0,0.0,1.0,116.0,36.0,0.0,23.0,4.0,3.0,5.0,7.0,8.0,0.0,0.0,1.0,0.0,2.0,19.0,2.0,0.0,8.0,0.0,2.0,0.0,1.0,209.0,6.0,9.0,2.0,89.0,1.0,0.0,2.0,0.0,1.0,6.0,0.0,0.0,10.0,23.0,1.0,8.0,2.0,4.0,2.0,0.0,0.0,0.0,0.0,3.0,1.0,0.0,0.0,0.0,0.0,0.0,3.0,28.0,1.0,0.0,0.0,2.0,0.0,0.0,0.0,0.0,0.0,0.0,1.0,0.0,0.0,6.0,0.0,0.0,0.0,1.0,0.0,0.0,0.0,22.0,2.0,1.0,2.0,0.0,0.0,3.0,17.0,1.0,20.0,0.0,0.0,0.0,0.0,0.0,1.0,0.0,0.0,2.0,1.0,0.0,0.0,0.0,0.0,0.0,0.0,0.0,0.0,0.0,0.0,0.0,0.0,0.0,0.0,0.0,0.0,0.0,0.0,0.0,0.0,0.0,0.0,0.0,0.0,0.0,0.0,0.0,0.0,0.0,0.0,0.0,0.0,0.0,0.0,0.0,0.0,0.0,0.0,0.0,0.0,0.0,1.0,0.0,0.0,0.0,0.0,0.0,1.0,0.0,0.0,0.0,0.0,0.0,0.0,0.0,0.0,0.0,0.0,0.0,0.0,0.0,0.0,0.0,0.0,0.0,0.0,0.0,0.0,0.0,0.0,0.0,0.0,0.0,0.0,1.0,0.0,0.0,0.0,0.0,0.0,0.0,0.0,0.0,0.0,0.0,3.0,2.0,13.0,1.0,1.0,17.0,2.0,1.0,3.0,1.0,67.0,0.0,3.0,6.0,1.0,18.0,15.0,9.0,11.0,1.0,18.0,1.0,2.0,1.0,1.0,0.0,1.0,26.0,0.0,0.0,1.0,0.0,17.0,0.0,2.0,8.0,0.0,3.0,2.0,1.0,1.0,111.0,1.0,0.0,4.0,0.0,1.0,0.0,1.0,1.0,8.0
2006-09-01,2.0,2.0,0.0,3.0,0.0,2.0,4.0,0.0,0.0,0.0,2.0,3.0,0.0,0.0,0.0,1.0,0.0,0.0,0.0,15.0,0.0,0.0,0.0,0.0,0.0,15.0,96.0,0.0,11.0,0.0,0.0,0.0,0.0,0.0,0.0,4.0,49.0,12.0,3.0,30.0,15.0,5.0,3.0,1.0,0.0,6.0,6.0,0.0,3.0,4.0,1.0,0.0,0.0,0.0,59.0,0.0,2.0,6.0,0.0,3.0,2.0,18.0,0.0,109.0,0.0,198.0,3.0,2.0,5.0,1.0,11.0,5.0,1.0,6.0,5.0,6.0,11.0,2.0,0.0,0.0,9.0,0.0,1.0,0.0,0.0,3.0,53.0,20.0,7.0,7.0,30.0,0.0,5.0,1.0,0.0,0.0,0.0,3.0,0.0,5.0,19.0,5.0,2.0,1.0,111.0,6.0,19.0,5.0,2.0,0.0,1.0,3.0,5.0,1.0,6.0,756.0,1.0,21.0,43.0,1.0,0.0,15.0,32.0,1.0,4.0,6.0,7.0,0.0,0.0,2.0,0.0,2.0,0.0,8.0,2.0,0.0,1.0,6.0,8.0,0.0,9.0,25.0,1.0,6.0,9.0,45.0,10.0,47.0,5.0,29.0,187.0,10.0,1.0,0.0,1.0,3.0,1.0,1.0,2.0,0.0,0.0,1.0,5.0,10.0,1.0,2.0,39.0,6.0,13.0,1.0,0.0,4.0,21.0,75.0,1.0,13.0,9.0,3.0,3.0,0.0,2.0,0.0,39.0,10.0,31.0,6.0,1.0,28.0,18.0,7.0,4.0,114.0,42.0,3.0,1.0,0.0,5.0,2.0,4.0,10.0,0.0,4.0,6.0,5.0,234.0,3.0,0.0,12.0,8.0,3.0,1.0,1.0,0.0,7.0,0.0,0.0,0.0,19.0,0.0,0.0,1.0,0.0,1.0,2.0,0.0,4.0,0.0,0.0,1.0,2.0,1.0,20.0,12.0,1.0,8.0,40.0,0.0,0.0,0.0,5.0,12.0,10.0,0.0,2.0,0.0,0.0,0.0,2.0,1.0,1.0,9.0,3.0,0.0,0.0,3.0,3.0,0.0,2.0,7.0,0.0,0.0,0.0,0.0,0.0,0.0,0.0,0.0,0.0,1.0,9.0,1.0,1.0,7.0,0.0,0.0,0.0,0.0,2.0,1.0,0.0,0.0,9.0,1.0,0.0,0.0,0.0,0.0,0.0,0.0,0.0,6.0,1.0,16.0,1.0,0.0,4.0,0.0,0.0,0.0,0.0,0.0,0.0,0.0,0.0,0.0,0.0,0.0,0.0,0.0,0.0,0.0,0.0,0.0,0.0,1.0,1.0,0.0,0.0,0.0,20.0,1.0,0.0,2.0,0.0,1.0,1.0,49.0,10.0,1.0,6.0,0.0,2.0,1.0,4.0,5.0,0.0,0.0,0.0,1.0,2.0,10.0,2.0,0.0,2.0,0.0,0.0,0.0,0.0,121.0,0.0,0.0,6.0,36.0,0.0,0.0,2.0,1.0,0.0,3.0,2.0,0.0,10.0,6.0,0.0,6.0,0.0,6.0,0.0,1.0,0.0,0.0,0.0,1.0,0.0,0.0,1.0,1.0,0.0,1.0,0.0,28.0,0.0,0.0,1.0,0.0,0.0,0.0,1.0,0.0,1.0,0.0,0.0,0.0,0.0,0.0,2.0,0.0,0.0,1.0,0.0,0.0,0.0,7.0,0.0,2.0,6.0,0.0,0.0,4.0,16.0,1.0,21.0,0.0,0.0,0.0,0.0,0.0,1.0,0.0,0.0,0.0,0.0,2.0,0.0,0.0,0.0,0.0,0.0,0.0,0.0,0.0,0.0,0.0,1.0,1.0,1.0,0.0,0.0,0.0,0.0,0.0,0.0,0.0,0.0,0.0,0.0,0.0,0.0,1.0,0.0,0.0,0.0,0.0,0.0,0.0,0.0,0.0,0.0,0.0,0.0,0.0,0.0,0.0,0.0,0.0,0.0,0.0,0.0,0.0,0.0,0.0,0.0,0.0,0.0,0.0,0.0,0.0,0.0,0.0,0.0,0.0,0.0,0.0,0.0,0.0,0.0,0.0,0.0,0.0,0.0,0.0,0.0,0.0,0.0,0.0,0.0,0.0,0.0,0.0,0.0,0.0,0.0,0.0,0.0,0.0,0.0,0.0,8.0,0.0,15.0,4.0,1.0,13.0,1.0,3.0,2.0,1.0,15.0,4.0,1.0,0.0,7.0,22.0,18.0,13.0,23.0,0.0,0.0,2.0,1.0,1.0,1.0,0.0,1.0,2.0,2.0,1.0,2.0,0.0,39.0,1.0,0.0,7.0,0.0,5.0,3.0,0.0,0.0,107.0,0.0,0.0,9.0,0.0,0.0,1.0,0.0,0.0,14.0
2006-10-01,2.0,1.0,5.0,9.0,1.0,15.0,16.0,0.0,0.0,0.0,0.0,7.0,0.0,0.0,0.0,1.0,0.0,0.0,0.0,8.0,0.0,0.0,0.0,0.0,0.0,19.0,119.0,2.0,4.0,0.0,1.0,0.0,0.0,0.0,0.0,1.0,50.0,16.0,4.0,24.0,16.0,3.0,9.0,2.0,2.0,1.0,5.0,3.0,0.0,3.0,1.0,1.0,0.0,0.0,104.0,0.0,10.0,18.0,0.0,1.0,6.0,37.0,0.0,35.0,8.0,127.0,3.0,3.0,12.0,17.0,9.0,102.0,13.0,13.0,10.0,6.0,9.0,28.0,1.0,0.0,3.0,15.0,1.0,1.0,0.0,4.0,41.0,8.0,40.0,0.0,9.0,0.0,0.0,1.0,0.0,0.0,1.0,1.0,0.0,3.0,7.0,0.0,4.0,0.0,32.0,51.0,48.0,0.0,1.0,1.0,0.0,3.0,6.0,3.0,0.0,448.0,1.0,32.0,29.0,8.0,3.0,7.0,18.0,2.0,6.0,8.0,6.0,0.0,0.0,15.0,0.0,21.0,0.0,2.0,6.0,0.0,1.0,1.0,6.0,0.0,3.0,29.0,0.0,0.0,13.0,35.0,14.0,5.0,2.0,8.0,65.0,6.0,0.0,0.0,0.0,1.0,1.0,1.0,0.0,0.0,0.0,2.0,39.0,16.0,0.0,7.0,22.0,15.0,5.0,1.0,0.0,18.0,4.0,53.0,1.0,15.0,13.0,2.0,3.0,4.0,5.0,2.0,21.0,7.0,15.0,0.0,1.0,37.0,6.0,1.0,6.0,51.0,25.0,4.0,0.0,2.0,3.0,1.0,2.0,10.0,2.0,7.0,23.0,2.0,179.0,17.0,2.0,34.0,2.0,13.0,0.0,0.0,0.0,4.0,0.0,0.0,4.0,11.0,0.0,4.0,1.0,0.0,1.0,3.0,1.0,99.0,1.0,7.0,0.0,5.0,1.0,32.0,2.0,6.0,4.0,17.0,0.0,0.0,0.0,0.0,14.0,1.0,0.0,3.0,0.0,0.0,0.0,7.0,0.0,0.0,8.0,7.0,0.0,1.0,17.0,3.0,0.0,3.0,12.0,0.0,0.0,0.0,0.0,0.0,0.0,0.0,0.0,1.0,0.0,13.0,2.0,2.0,2.0,1.0,1.0,0.0,0.0,1.0,1.0,0.0,0.0,14.0,0.0,0.0,0.0,0.0,1.0,0.0,0.0,0.0,15.0,0.0,125.0,0.0,1.0,3.0,0.0,0.0,0.0,0.0,0.0,0.0,1.0,1.0,0.0,0.0,0.0,0.0,0.0,0.0,0.0,0.0,0.0,0.0,0.0,1.0,0.0,14.0,0.0,30.0,1.0,0.0,0.0,2.0,1.0,0.0,50.0,17.0,0.0,2.0,1.0,1.0,15.0,1.0,4.0,0.0,0.0,0.0,0.0,0.0,6.0,5.0,0.0,1.0,1.0,0.0,0.0,0.0,164.0,2.0,2.0,5.0,74.0,1.0,1.0,6.0,0.0,0.0,0.0,2.0,1.0,10.0,9.0,0.0,14.0,2.0,6.0,0.0,1.0,0.0,0.0,0.0,1.0,0.0,0.0,2.0,2.0,0.0,0.0,2.0,39.0,0.0,1.0,0.0,1.0,1.0,0.0,1.0,1.0,0.0,0.0,0.0,0.0,1.0,3.0,0.0,1.0,0.0,3.0,0.0,0.0,0.0,6.0,0.0,0.0,13.0,0.0,2.0,1.0,22.0,0.0,10.0,0.0,0.0,0.0,0.0,0.0,0.0,0.0,0.0,1.0,1.0,4.0,0.0,0.0,0.0,0.0,0.0,0.0,0.0,0.0,0.0,0.0,0.0,3.0,1.0,0.0,0.0,0.0,0.0,0.0,0.0,0.0,0.0,0.0,0.0,0.0,0.0,1.0,0.0,0.0,0.0,1.0,0.0,0.0,0.0,0.0,0.0,0.0,0.0,0.0,0.0,0.0,0.0,0.0,0.0,0.0,0.0,0.0,0.0,0.0,0.0,0.0,0.0,0.0,0.0,0.0,0.0,0.0,0.0,0.0,0.0,0.0,0.0,0.0,0.0,0.0,0.0,0.0,0.0,0.0,0.0,0.0,0.0,0.0,0.0,0.0,0.0,0.0,0.0,0.0,0.0,0.0,0.0,0.0,0.0,2.0,22.0,6.0,42.0,13.0,0.0,14.0,0.0,3.0,2.0,1.0,25.0,3.0,2.0,4.0,3.0,94.0,62.0,29.0,52.0,1.0,12.0,0.0,15.0,30.0,0.0,0.0,1.0,15.0,0.0,1.0,5.0,0.0,27.0,1.0,1.0,9.0,0.0,16.0,1.0,0.0,1.0,249.0,0.0,17.0,12.0,2.0,1.0,0.0,0.0,1.0,9.0
2006-11-01,5.0,0.0,9.0,11.0,14.0,24.0,22.0,1.0,0.0,0.0,1.0,22.0,8.0,0.0,0.0,1.0,0.0,0.0,0.0,14.0,0.0,0.0,1.0,0.0,0.0,12.0,126.0,1.0,14.0,0.0,2.0,6.0,0.0,0.0,0.0,0.0,83.0,12.0,6.0,16.0,50.0,7.0,4.0,3.0,2.0,3.0,9.0,5.0,7.0,2.0,7.0,4.0,0.0,0.0,97.0,1.0,5.0,66.0,7.0,28.0,64.0,164.0,2.0,32.0,9.0,66.0,15.0,2.0,7.0,30.0,8.0,51.0,9.0,15.0,31.0,5.0,17.0,23.0,0.0,1.0,8.0,19.0,0.0,4.0,2.0,4.0,9.0,8.0,17.0,3.0,4.0,6.0,1.0,0.0,2.0,3.0,5.0,3.0,0.0,9.0,22.0,1.0,0.0,0.0,19.0,259.0,14.0,0.0,0.0,5.0,1.0,0.0,6.0,0.0,1.0,389.0,2.0,33.0,25.0,9.0,2.0,12.0,31.0,0.0,0.0,4.0,1.0,0.0,2.0,4.0,0.0,59.0,0.0,1.0,2.0,2.0,2.0,2.0,3.0,1.0,2.0,6.0,4.0,1.0,35.0,25.0,25.0,24.0,3.0,10.0,48.0,8.0,0.0,0.0,1.0,0.0,1.0,0.0,2.0,0.0,0.0,4.0,23.0,11.0,6.0,6.0,7.0,9.0,3.0,2.0,0.0,7.0,3.0,58.0,1.0,24.0,3.0,5.0,5.0,3.0,0.0,2.0,25.0,15.0,10.0,3.0,13.0,19.0,16.0,9.0,3.0,57.0,20.0,4.0,1.0,5.0,5.0,11.0,4.0,4.0,7.0,1.0,43.0,1.0,118.0,14.0,1.0,29.0,7.0,23.0,0.0,0.0,0.0,8.0,0.0,0.0,1.0,11.0,5.0,4.0,0.0,1.0,4.0,9.0,3.0,142.0,1.0,3.0,1.0,7.0,1.0,54.0,2.0,14.0,12.0,40.0,1.0,0.0,2.0,8.0,10.0,15.0,0.0,12.0,0.0,1.0,1.0,11.0,3.0,0.0,9.0,4.0,1.0,3.0,22.0,10.0,0.0,11.0,32.0,0.0,0.0,0.0,0.0,0.0,0.0,0.0,2.0,1.0,1.0,17.0,0.0,1.0,6.0,15.0,0.0,1.0,1.0,8.0,0.0,0.0,0.0,20.0,0.0,0.0,0.0,1.0,0.0,0.0,4.0,1.0,29.0,37.0,234.0,0.0,3.0,1.0,0.0,0.0,0.0,0.0,0.0,0.0,0.0,0.0,0.0,0.0,0.0,0.0,0.0,0.0,0.0,1.0,0.0,0.0,0.0,3.0,2.0,173.0,0.0,37.0,1.0,0.0,1.0,4.0,1.0,0.0,67.0,23.0,1.0,1.0,0.0,7.0,6.0,5.0,11.0,0.0,0.0,2.0,0.0,2.0,8.0,4.0,2.0,9.0,0.0,0.0,2.0,2.0,227.0,1.0,3.0,2.0,120.0,1.0,0.0,33.0,1.0,3.0,7.0,7.0,0.0,22.0,8.0,0.0,56.0,12.0,19.0,7.0,1.0,1.0,0.0,0.0,10.0,2.0,2.0,5.0,2.0,0.0,0.0,1.0,46.0,0.0,0.0,1.0,2.0,3.0,2.0,1.0,2.0,0.0,1.0,0.0,0.0,0.0,3.0,2.0,1.0,0.0,2.0,0.0,0.0,0.0,13.0,1.0,1.0,7.0,0.0,3.0,3.0,13.0,0.0,8.0,0.0,1.0,0.0,0.0,1.0,1.0,0.0,0.0,3.0,0.0,11.0,0.0,0.0,0.0,0.0,0.0,0.0,0.0,0.0,0.0,0.0,1.0,1.0,3.0,0.0,0.0,0.0,0.0,0.0,0.0,0.0,0.0,0.0,0.0,0.0,0.0,0.0,0.0,0.0,0.0,0.0,0.0,0.0,0.0,0.0,0.0,0.0,0.0,0.0,0.0,0.0,0.0,0.0,0.0,0.0,0.0,0.0,0.0,0.0,1.0,0.0,0.0,0.0,0.0,0.0,0.0,0.0,0.0,1.0,0.0,0.0,0.0,0.0,0.0,1.0,1.0,0.0,0.0,0.0,0.0,0.0,0.0,0.0,0.0,1.0,0.0,0.0,0.0,0.0,0.0,0.0,0.0,0.0,1.0,2.0,178.0,187.0,300.0,14.0,2.0,43.0,0.0,11.0,19.0,6.0,175.0,12.0,6.0,16.0,18.0,323.0,90.0,44.0,69.0,10.0,36.0,5.0,44.0,551.0,1.0,0.0,17.0,442.0,3.0,7.0,13.0,1.0,12.0,0.0,14.0,69.0,0.0,34.0,27.0,4.0,3.0,413.0,0.0,4.0,47.0,9.0,4.0,0.0,0.0,0.0,24.0
2006-12-01,56.0,2.0,9.0,46.0,55.0,58.0,27.0,0.0,0.0,0.0,1.0,26.0,12.0,0.0,0.0,0.0,0.0,0.0,1.0,25.0,0.0,0.0,0.0,0.0,0.0,3.0,127.0,0.0,7.0,0.0,4.0,5.0,0.0,0.0,0.0,1.0,123.0,16.0,2.0,17.0,65.0,14.0,6.0,55.0,1.0,7.0,5.0,39.0,6.0,4.0,11.0,1.0,0.0,0.0,121.0,0.0,11.0,110.0,15.0,43.0,141.0,290.0,0.0,12.0,3.0,53.0,21.0,4.0,8.0,66.0,6.0,78.0,13.0,38.0,23.0,8.0,32.0,28.0,1.0,0.0,7.0,47.0,1.0,8.0,5.0,5.0,7.0,5.0,57.0,46.0,1.0,8.0,1.0,1.0,0.0,11.0,30.0,1.0,7.0,54.0,5.0,4.0,2.0,0.0,19.0,80.0,7.0,4.0,0.0,28.0,2.0,3.0,18.0,0.0,1.0,228.0,3.0,11.0,18.0,1.0,0.0,8.0,1.0,1.0,0.0,2.0,0.0,0.0,0.0,0.0,8.0,19.0,2.0,1.0,3.0,0.0,1.0,4.0,1.0,3.0,1.0,4.0,2.0,0.0,8.0,0.0,8.0,46.0,1.0,3.0,44.0,6.0,0.0,0.0,1.0,0.0,4.0,0.0,38.0,0.0,0.0,1.0,17.0,5.0,5.0,0.0,12.0,11.0,1.0,0.0,6.0,2.0,0.0,24.0,1.0,40.0,17.0,0.0,4.0,1.0,0.0,0.0,17.0,27.0,5.0,3.0,9.0,71.0,9.0,7.0,1.0,27.0,7.0,2.0,2.0,0.0,7.0,1.0,5.0,10.0,0.0,1.0,28.0,2.0,97.0,10.0,3.0,4.0,5.0,17.0,3.0,0.0,1.0,3.0,0.0,2.0,0.0,6.0,4.0,2.0,7.0,0.0,29.0,9.0,1.0,14.0,1.0,21.0,5.0,14.0,2.0,49.0,0.0,0.0,3.0,24.0,2.0,1.0,0.0,1.0,33.0,6.0,5.0,40.0,0.0,7.0,1.0,10.0,3.0,0.0,21.0,18.0,0.0,2.0,46.0,54.0,0.0,13.0,96.0,0.0,1.0,0.0,1.0,0.0,1.0,3.0,56.0,63.0,18.0,84.0,0.0,5.0,23.0,52.0,4.0,1.0,1.0,14.0,0.0,0.0,1.0,78.0,2.0,0.0,0.0,1.0,0.0,0.0,6.0,8.0,35.0,15.0,204.0,0.0,3.0,2.0,0.0,0.0,1.0,1.0,0.0,0.0,0.0,0.0,0.0,0.0,0.0,0.0,0.0,0.0,0.0,0.0,1.0,1.0,0.0,2.0,1.0,8.0,1.0,16.0,5.0,2.0,8.0,5.0,4.0,1.0,57.0,12.0,0.0,2.0,4.0,57.0,19.0,17.0,7.0,2.0,0.0,0.0,0.0,2.0,11.0,11.0,0.0,25.0,5.0,1.0,1.0,0.0,587.0,5.0,2.0,4.0,251.0,8.0,1.0,31.0,3.0,2.0,24.0,14.0,1.0,43.0,28.0,2.0,172.0,19.0,82.0,16.0,0.0,0.0,0.0,0.0,6.0,1.0,0.0,0.0,7.0,1.0,0.0,2.0,159.0,1.0,4.0,1.0,5.0,2.0,1.0,0.0,0.0,0.0,4.0,0.0,0.0,0.0,7.0,0.0,1.0,0.0,2.0,2.0,0.0,0.0,21.0,0.0,23.0,5.0,0.0,5.0,1.0,17.0,3.0,34.0,2.0,0.0,0.0,0.0,1.0,2.0,0.0,0.0,4.0,1.0,9.0,0.0,1.0,0.0,0.0,0.0,0.0,0.0,1.0,0.0,0.0,6.0,2.0,3.0,0.0,0.0,0.0,0.0,0.0,0.0,0.0,0.0,0.0,1.0,0.0,0.0,1.0,1.0,0.0,0.0,0.0,0.0,0.0,1.0,0.0,0.0,0.0,0.0,0.0,0.0,0.0,0.0,0.0,0.0,0.0,0.0,0.0,0.0,0.0,0.0,0.0,0.0,0.0,0.0,0.0,0.0,0.0,0.0,0.0,0.0,0.0,0.0,0.0,0.0,0.0,0.0,0.0,0.0,0.0,0.0,0.0,0.0,0.0,1.0,0.0,0.0,0.0,0.0,0.0,0.0,0.0,0.0,0.0,0.0,2.0,293.0,293.0,910.0,7.0,4.0,47.0,1.0,35.0,19.0,3.0,267.0,5.0,12.0,50.0,23.0,298.0,75.0,51.0,30.0,6.0,51.0,2.0,76.0,537.0,1.0,10.0,37.0,142.0,12.0,7.0,35.0,0.0,23.0,2.0,16.0,49.0,0.0,13.0,33.0,14.0,2.0,490.0,0.0,2.0,101.0,27.0,16.0,4.0,0.0,4.0,40.0
2007-01-01,26.0,1.0,13.0,39.0,64.0,85.0,41.0,5.0,0.0,0.0,0.0,43.0,23.0,1.0,0.0,0.0,0.0,0.0,0.0,33.0,0.0,0.0,0.0,0.0,0.0,2.0,133.0,3.0,5.0,3.0,1.0,4.0,0.0,1.0,1.0,15.0,399.0,29.0,7.0,18.0,37.0,28.0,18.0,27.0,5.0,166.0,60.0,35.0,14.0,68.0,26.0,14.0,13.0,1.0,453.0,1.0,37.0,128.0,25.0,179.0,326.0,884.0,7.0,170.0,16.0,90.0,129.0,35.0,25.0,358.0,23.0,343.0,44.0,93.0,13.0,28.0,20.0,18.0,21.0,9.0,21.0,123.0,0.0,42.0,28.0,12.0,53.0,64.0,158.0,25.0,23.0,132.0,5.0,1.0,1.0,22.0,44.0,12.0,1.0,160.0,54.0,1.0,0.0,0.0,16.0,243.0,17.0,2.0,1.0,13.0,1.0,2.0,5.0,4.0,1.0,291.0,2.0,38.0,9.0,14.0,3.0,2.0,1.0,1.0,0.0,10.0,2.0,15.0,5.0,1.0,0.0,100.0,996.0,5.0,0.0,0.0,2.0,4.0,5.0,0.0,2.0,4.0,3.0,0.0,17.0,3.0,144.0,103.0,0.0,12.0,157.0,42.0,0.0,6.0,1.0,1.0,3.0,0.0,40.0,1.0,0.0,25.0,7.0,19.0,27.0,11.0,20.0,31.0,13.0,1.0,0.0,35.0,9.0,59.0,3.0,34.0,74.0,32.0,49.0,16.0,3.0,1.0,161.0,145.0,31.0,8.0,8.0,22.0,71.0,13.0,4.0,109.0,38.0,0.0,0.0,1.0,18.0,2.0,10.0,29.0,1.0,6.0,93.0,3.0,63.0,30.0,0.0,10.0,4.0,6.0,0.0,1.0,0.0,4.0,3.0,1.0,1.0,13.0,0.0,3.0,27.0,1.0,47.0,230.0,0.0,5.0,10.0,42.0,18.0,29.0,4.0,83.0,1.0,6.0,13.0,20.0,9.0,1.0,4.0,28.0,53.0,1.0,3.0,26.0,0.0,11.0,0.0,27.0,2.0,2.0,26.0,26.0,0.0,0.0,26.0,67.0,0.0,61.0,220.0,1.0,5.0,1.0,0.0,0.0,4.0,3.0,100.0,283.0,1.0,9.0,2.0,0.0,7.0,32.0,2.0,4.0,6.0,54.0,1.0,0.0,0.0,305.0,1.0,0.0,6.0,4.0,0.0,0.0,57.0,28.0,41.0,66.0,139.0,0.0,21.0,4.0,2.0,1.0,2.0,1.0,3.0,0.0,3.0,0.0,0.0,1.0,0.0,0.0,0.0,0.0,0.0,2.0,8.0,2.0,9.0,9.0,4.0,20.0,3.0,107.0,31.0,0.0,9.0,5.0,1.0,2.0,214.0,11.0,0.0,178.0,0.0,519.0,385.0,86.0,36.0,3.0,5.0,0.0,1.0,7.0,30.0,12.0,0.0,8.0,53.0,7.0,5.0,13.0,1408.0,55.0,33.0,16.0,448.0,44.0,5.0,33.0,8.0,26.0,55.0,49.0,2.0,571.0,50.0,0.0,1427.0,220.0,639.0,175.0,19.0,2.0,1.0,2.0,18.0,3.0,1.0,20.0,129.0,1.0,14.0,9.0,732.0,0.0,75.0,18.0,93.0,10.0,13.0,5.0,2.0,5.0,0.0,3.0,0.0,0.0,19.0,9.0,3.0,1.0,24.0,3.0,0.0,0.0,85.0,1.0,41.0,23.0,2.0,18.0,14.0,141.0,6.0,19.0,10.0,11.0,7.0,298.0,5.0,6.0,3.0,4.0,60.0,5.0,37.0,0.0,1.0,1.0,4.0,1.0,0.0,0.0,0.0,0.0,0.0,108.0,23.0,41.0,8.0,4.0,3.0,0.0,2.0,0.0,2.0,0.0,1.0,0.0,0.0,0.0,18.0,0.0,0.0,3.0,3.0,0.0,0.0,1.0,0.0,0.0,1.0,1.0,0.0,0.0,1.0,4.0,0.0,0.0,6.0,0.0,1.0,0.0,0.0,1.0,0.0,0.0,2.0,0.0,1.0,0.0,0.0,0.0,0.0,0.0,0.0,0.0,0.0,0.0,2.0,0.0,1.0,1.0,5.0,0.0,0.0,0.0,0.0,0.0,8.0,0.0,0.0,0.0,0.0,0.0,0.0,0.0,0.0,0.0,69.0,1518.0,964.0,12320.0,20.0,142.0,705.0,138.0,651.0,1109.0,110.0,326.0,111.0,51.0,147.0,35.0,333.0,332.0,3.0,35.0,15.0,210.0,166.0,310.0,558.0,2.0,2.0,183.0,174.0,58.0,12.0,61.0,1.0,44.0,32.0,46.0,168.0,2.0,36.0,106.0,3.0,12.0,1245.0,7.0,33.0,122.0,32.0,16.0,4.0,7.0,16.0,105.0
2007-02-01,32.0,3.0,7.0,46.0,54.0,122.0,34.0,6.0,0.0,0.0,0.0,67.0,36.0,0.0,0.0,0.0,1.0,1.0,9.0,109.0,0.0,0.0,0.0,1.0,0.0,4.0,49.0,0.0,1.0,2.0,2.0,12.0,0.0,0.0,3.0,26.0,670.0,53.0,14.0,28.0,46.0,38.0,26.0,47.0,5.0,153.0,74.0,95.0,52.0,69.0,57.0,6.0,117.0,0.0,443.0,2.0,53.0,160.0,39.0,229.0,274.0,1557.0,32.0,184.0,14.0,173.0,180.0,68.0,78.0,379.0,29.0,582.0,48.0,299.0,76.0,16.0,34.0,81.0,38.0,44.0,28.0,119.0,15.0,104.0,27.0,19.0,125.0,137.0,68.0,43.0,10.0,7.0,6.0,3.0,2.0,19.0,27.0,5.0,0.0,115.0,117.0,1.0,0.0,0.0,50.0,72.0,5.0,2.0,2.0,2.0,1.0,12.0,6.0,15.0,3.0,451.0,3.0,114.0,10.0,12.0,45.0,2.0,5.0,4.0,0.0,122.0,2.0,25.0,4.0,7.0,6.0,360.0,1158.0,3.0,14.0,1.0,2.0,0.0,1.0,2.0,3.0,9.0,16.0,3.0,36.0,5.0,180.0,115.0,10.0,40.0,178.0,20.0,0.0,9.0,1.0,3.0,36.0,1.0,82.0,1.0,13.0,202.0,2.0,89.0,50.0,29.0,44.0,37.0,8.0,0.0,0.0,45.0,8.0,148.0,0.0,20.0,42.0,87.0,50.0,44.0,2.0,15.0,514.0,213.0,50.0,44.0,90.0,23.0,17.0,32.0,5.0,93.0,52.0,0.0,0.0,1.0,5.0,3.0,7.0,18.0,0.0,13.0,35.0,4.0,88.0,62.0,2.0,2.0,4.0,1.0,1.0,0.0,0.0,5.0,2.0,3.0,2.0,16.0,0.0,3.0,21.0,3.0,11.0,101.0,2.0,11.0,16.0,21.0,32.0,64.0,3.0,144.0,7.0,26.0,75.0,32.0,1.0,1.0,10.0,39.0,79.0,27.0,5.0,22.0,0.0,5.0,0.0,35.0,2.0,0.0,19.0,26.0,0.0,5.0,28.0,83.0,0.0,89.0,194.0,0.0,0.0,1.0,0.0,5.0,15.0,31.0,825.0,55.0,14.0,19.0,10.0,1.0,26.0,66.0,4.0,27.0,44.0,112.0,7.0,0.0,1.0,642.0,5.0,0.0,1.0,4.0,2.0,0.0,205.0,46.0,93.0,125.0,22.0,1.0,26.0,1.0,1.0,0.0,2.0,1.0,3.0,2.0,3.0,2.0,0.0,1.0,1.0,1.0,4.0,1.0,0.0,5.0,28.0,0.0,73.0,21.0,10.0,198.0,14.0,110.0,30.0,1.0,12.0,9.0,2.0,2.0,236.0,28.0,2.0,435.0,2.0,981.0,324.0,202.0,143.0,8.0,15.0,2.0,0.0,24.0,138.0,31.0,3.0,20.0,84.0,11.0,16.0,39.0,3062.0,295.0,102.0,43.0,1639.0,64.0,60.0,65.0,110.0,49.0,97.0,70.0,11.0,1180.0,178.0,0.0,3212.0,707.0,2055.0,591.0,86.0,11.0,4.0,0.0,63.0,8.0,16.0,37.0,423.0,14.0,100.0,15.0,2174.0,4.0,174.0,41.0,270.0,120.0,195.0,20.0,3.0,0.0,0.0,0.0,0.0,2.0,18.0,13.0,1.0,2.0,60.0,33.0,0.0,4.0,636.0,3.0,161.0,75.0,4.0,37.0,21.0,218.0,3.0,31.0,99.0,110.0,30.0,410.0,41.0,75.0,70.0,58.0,748.0,6.0,118.0,3.0,3.0,8.0,2.0,0.0,1.0,0.0,0.0,1.0,2.0,371.0,42.0,129.0,5.0,2.0,0.0,0.0,1.0,0.0,0.0,0.0,0.0,0.0,0.0,1.0,19.0,1.0,0.0,1.0,3.0,1.0,4.0,0.0,0.0,0.0,0.0,0.0,0.0,1.0,3.0,3.0,1.0,0.0,4.0,0.0,0.0,1.0,1.0,2.0,0.0,2.0,3.0,0.0,0.0,1.0,0.0,1.0,0.0,1.0,0.0,0.0,0.0,0.0,3.0,1.0,0.0,0.0,1.0,0.0,0.0,0.0,0.0,0.0,6.0,0.0,0.0,0.0,0.0,0.0,0.0,0.0,0.0,1.0,122.0,456.0,643.0,16082.0,32.0,193.0,1950.0,409.0,831.0,2823.0,258.0,338.0,258.0,128.0,158.0,60.0,217.0,470.0,3.0,22.0,22.0,149.0,152.0,396.0,266.0,10.0,2.0,313.0,52.0,166.0,24.0,87.0,3.0,88.0,81.0,19.0,167.0,4.0,28.0,63.0,11.0,9.0,1829.0,10.0,39.0,212.0,26.0,15.0,1.0,23.0,36.0,141.0
2007-03-01,3.0,1.0,7.0,77.0,20.0,101.0,48.0,3.0,0.0,0.0,0.0,46.0,52.0,0.0,0.0,0.0,0.0,0.0,2.0,145.0,0.0,2.0,0.0,6.0,0.0,6.0,21.0,0.0,5.0,0.0,1.0,12.0,0.0,6.0,8.0,38.0,1061.0,66.0,77.0,86.0,30.0,28.0,81.0,192.0,17.0,99.0,88.0,45.0,27.0,64.0,222.0,19.0,338.0,0.0,558.0,1.0,136.0,156.0,56.0,183.0,287.0,1621.0,89.0,251.0,36.0,391.0,238.0,225.0,66.0,168.0,70.0,337.0,52.0,395.0,150.0,49.0,44.0,79.0,70.0,43.0,105.0,50.0,20.0,53.0,12.0,38.0,226.0,232.0,96.0,39.0,43.0,11.0,0.0,15.0,2.0,23.0,29.0,27.0,0.0,94.0,268.0,4.0,6.0,1.0,229.0,60.0,16.0,2.0,0.0,3.0,3.0,24.0,40.0,18.0,13.0,1302.0,3.0,192.0,33.0,39.0,128.0,2.0,14.0,13.0,2.0,90.0,8.0,5.0,18.0,15.0,44.0,516.0,164.0,16.0,1.0,3.0,6.0,11.0,3.0,4.0,1.0,6.0,15.0,5.0,55.0,8.0,134.0,254.0,70.0,104.0,632.0,28.0,5.0,187.0,8.0,7.0,114.0,8.0,130.0,3.0,6.0,171.0,19.0,111.0,119.0,92.0,76.0,59.0,31.0,5.0,4.0,82.0,32.0,465.0,4.0,51.0,51.0,376.0,51.0,63.0,4.0,14.0,1178.0,269.0,73.0,140.0,145.0,115.0,21.0,146.0,9.0,254.0,184.0,1.0,4.0,5.0,3.0,7.0,39.0,24.0,0.0,10.0,53.0,9.0,266.0,201.0,12.0,4.0,4.0,1.0,8.0,3.0,4.0,4.0,4.0,8.0,6.0,20.0,16.0,8.0,56.0,4.0,8.0,337.0,2.0,4.0,10.0,40.0,51.0,155.0,7.0,149.0,2.0,62.0,48.0,64.0,3.0,3.0,2.0,77.0,213.0,111.0,21.0,25.0,1.0,9.0,0.0,54.0,2.0,2.0,30.0,76.0,0.0,6.0,19.0,185.0,1.0,86.0,231.0,0.0,6.0,0.0,1.0,32.0,73.0,135.0,1347.0,39.0,40.0,45.0,8.0,4.0,36.0,77.0,3.0,149.0,129.0,435.0,18.0,0.0,4.0,1879.0,23.0,6.0,1.0,2.0,2.0,0.0,485.0,16.0,188.0,637.0,35.0,10.0,96.0,34.0,1.0,3.0,22.0,3.0,7.0,8.0,6.0,2.0,1.0,4.0,3.0,0.0,182.0,1.0,0.0,154.0,160.0,5.0,271.0,61.0,20.0,475.0,48.0,186.0,66.0,4.0,61.0,9.0,2.0,4.0,259.0,213.0,15.0,200.0,10.0,837.0,114.0,363.0,438.0,23.0,110.0,10.0,4.0,128.0,466.0,222.0,21.0,68.0,538.0,24.0,70.0,84.0,8558.0,584.0,361.0,220.0,3830.0,188.0,238.0,151.0,274.0,138.0,148.0,211.0,14.0,1439.0,830.0,2.0,2553.0,1350.0,4356.0,825.0,363.0,28.0,4.0,5.0,150.0,16.0,173.0,289.0,2108.0,82.0,191.0,68.0,7264.0,1.0,65.0,255.0,246.0,836.0,690.0,125.0,13.0,1.0,1.0,7.0,3.0,1.0,157.0,49.0,16.0,1.0,168.0,260.0,1.0,1.0,1339.0,4.0,371.0,563.0,7.0,161.0,190.0,891.0,17.0,210.0,422.0,1153.0,141.0,458.0,101.0,450.0,428.0,570.0,2431.0,28.0,347.0,163.0,19.0,119.0,15.0,5.0,2.0,0.0,0.0,0.0,2.0,871.0,85.0,858.0,3.0,2.0,5.0,0.0,2.0,1.0,1.0,1.0,1.0,0.0,1.0,0.0,21.0,0.0,0.0,0.0,1.0,2.0,1.0,1.0,0.0,0.0,1.0,1.0,0.0,0.0,1.0,5.0,0.0,0.0,1.0,0.0,2.0,2.0,0.0,3.0,0.0,2.0,5.0,0.0,1.0,31.0,0.0,1.0,0.0,0.0,0.0,0.0,0.0,2.0,1.0,0.0,0.0,0.0,0.0,2.0,0.0,0.0,0.0,0.0,9.0,0.0,0.0,0.0,0.0,0.0,0.0,1.0,0.0,0.0,74.0,119.0,461.0,11758.0,30.0,171.0,1457.0,601.0,497.0,2676.0,638.0,246.0,254.0,136.0,273.0,67.0,313.0,447.0,9.0,32.0,36.0,159.0,95.0,289.0,173.0,7.0,1.0,379.0,33.0,236.0,24.0,144.0,1.0,52.0,15.0,37.0,126.0,8.0,24.0,61.0,8.0,6.0,2168.0,8.0,41.0,415.0,21.0,47.0,6.0,11.0,52.0,214.0
2007-04-01,2.0,10.0,4.0,61.0,3.0,47.0,40.0,2.0,2.0,0.0,5.0,49.0,28.0,0.0,0.0,0.0,0.0,0.0,0.0,160.0,0.0,3.0,1.0,3.0,0.0,7.0,26.0,3.0,18.0,1.0,3.0,11.0,0.0,1.0,0.0,42.0,694.0,37.0,80.0,88.0,27.0,31.0,82.0,181.0,16.0,133.0,107.0,18.0,71.0,36.0,127.0,24.0,109.0,0.0,551.0,1.0,163.0,153.0,56.0,93.0,122.0,815.0,79.0,169.0,15.0,804.0,78.0,84.0,33.0,39.0,101.0,121.0,56.0,309.0,69.0,11.0,56.0,22.0,82.0,9.0,124.0,102.0,30.0,13.0,0.0,86.0,387.0,380.0,93.0,29.0,33.0,12.0,3.0,34.0,0.0,38.0,8.0,39.0,1.0,42.0,320.0,10.0,16.0,2.0,771.0,53.0,48.0,7.0,1.0,4.0,4.0,28.0,10.0,17.0,18.0,2168.0,9.0,305.0,17.0,31.0,76.0,2.0,9.0,0.0,0.0,52.0,6.0,11.0,29.0,5.0,125.0,1042.0,125.0,6.0,1.0,5.0,1.0,4.0,10.0,5.0,3.0,14.0,16.0,5.0,70.0,10.0,212.0,198.0,57.0,88.0,767.0,24.0,64.0,328.0,38.0,22.0,33.0,6.0,190.0,17.0,13.0,109.0,33.0,120.0,125.0,55.0,74.0,50.0,56.0,1.0,29.0,89.0,42.0,815.0,4.0,33.0,98.0,688.0,46.0,29.0,9.0,14.0,2098.0,347.0,108.0,271.0,408.0,161.0,18.0,170.0,14.0,247.0,506.0,2.0,14.0,11.0,25.0,16.0,41.0,30.0,0.0,9.0,58.0,94.0,295.0,96.0,106.0,0.0,1.0,18.0,6.0,2.0,4.0,6.0,20.0,3.0,38.0,112.0,10.0,3.0,102.0,6.0,23.0,160.0,5.0,2.0,1.0,34.0,126.0,108.0,9.0,154.0,17.0,51.0,32.0,84.0,4.0,1.0,2.0,32.0,165.0,30.0,12.0,43.0,0.0,12.0,4.0,117.0,2.0,0.0,19.0,120.0,2.0,4.0,15.0,146.0,2.0,43.0,162.0,2.0,1.0,1.0,5.0,75.0,59.0,117.0,645.0,25.0,26.0,77.0,1.0,4.0,61.0,55.0,4.0,93.0,111.0,459.0,26.0,0.0,8.0,3037.0,121.0,11.0,2.0,11.0,2.0,0.0,229.0,7.0,268.0,501.0,40.0,18.0,115.0,68.0,30.0,15.0,58.0,7.0,6.0,17.0,9.0,5.0,1.0,5.0,2.0,1.0,176.0,0.0,0.0,204.0,220.0,4.0,327.0,89.0,124.0,401.0,43.0,238.0,72.0,2.0,83.0,6.0,3.0,4.0,483.0,371.0,29.0,188.0,42.0,244.0,33.0,503.0,611.0,56.0,252.0,26.0,4.0,129.0,755.0,449.0,83.0,86.0,509.0,21.0,78.0,86.0,8840.0,466.0,295.0,311.0,4310.0,177.0,327.0,215.0,86.0,207.0,48.0,144.0,47.0,739.0,1252.0,5.0,439.0,1087.0,1904.0,277.0,978.0,80.0,5.0,17.0,307.0,55.0,310.0,555.0,2757.0,109.0,231.0,370.0,8082.0,6.0,22.0,336.0,120.0,480.0,1206.0,157.0,16.0,1.0,0.0,38.0,3.0,1.0,332.0,279.0,21.0,1.0,255.0,266.0,0.0,5.0,1129.0,6.0,470.0,997.0,36.0,482.0,451.0,1851.0,10.0,460.0,745.0,1068.0,118.0,321.0,148.0,599.0,383.0,299.0,3566.0,29.0,675.0,95.0,11.0,241.0,91.0,30.0,1.0,2.0,2.0,0.0,3.0,579.0,45.0,1697.0,30.0,1.0,0.0,0.0,3.0,0.0,0.0,2.0,2.0,0.0,0.0,0.0,37.0,1.0,0.0,1.0,1.0,2.0,2.0,0.0,1.0,0.0,1.0,1.0,0.0,1.0,1.0,6.0,0.0,0.0,3.0,0.0,6.0,1.0,0.0,15.0,2.0,2.0,29.0,0.0,1.0,185.0,1.0,1.0,0.0,1.0,0.0,0.0,0.0,0.0,2.0,1.0,0.0,0.0,1.0,1.0,0.0,0.0,3.0,0.0,9.0,0.0,0.0,0.0,0.0,0.0,0.0,0.0,0.0,1.0,27.0,21.0,259.0,3806.0,26.0,80.0,525.0,214.0,154.0,1458.0,359.0,62.0,118.0,54.0,216.0,35.0,242.0,289.0,10.0,27.0,24.0,92.0,99.0,195.0,71.0,10.0,5.0,171.0,10.0,292.0,5.0,112.0,13.0,11.0,4.0,15.0,83.0,0.0,26.0,32.0,6.0,6.0,1214.0,1.0,75.0,369.0,22.0,66.0,2.0,6.0,49.0,166.0
2007-05-01,6.0,11.0,4.0,22.0,1.0,52.0,30.0,0.0,1.0,0.0,1.0,19.0,6.0,0.0,0.0,1.0,0.0,0.0,0.0,120.0,0.0,1.0,1.0,0.0,0.0,2.0,41.0,0.0,27.0,3.0,4.0,9.0,0.0,1.0,1.0,26.0,137.0,11.0,27.0,39.0,12.0,23.0,13.0,138.0,7.0,67.0,73.0,26.0,128.0,55.0,78.0,20.0,28.0,0.0,443.0,1.0,203.0,165.0,59.0,26.0,68.0,533.0,27.0,57.0,7.0,988.0,55.0,52.0,14.0,26.0,8.0,114.0,47.0,71.0,28.0,6.0,94.0,13.0,68.0,4.0,190.0,75.0,25.0,23.0,2.0,78.0,435.0,1465.0,171.0,24.0,95.0,10.0,5.0,44.0,2.0,73.0,14.0,67.0,8.0,23.0,322.0,23.0,18.0,15.0,1207.0,94.0,28.0,14.0,6.0,7.0,11.0,29.0,22.0,17.0,14.0,2471.0,13.0,218.0,20.0,75.0,39.0,6.0,23.0,0.0,2.0,108.0,34.0,26.0,22.0,37.0,67.0,774.0,145.0,5.0,2.0,3.0,5.0,3.0,3.0,4.0,0.0,0.0,16.0,9.0,51.0,7.0,133.0,109.0,28.0,115.0,886.0,19.0,75.0,195.0,72.0,23.0,5.0,31.0,109.0,62.0,16.0,75.0,21.0,64.0,41.0,20.0,70.0,22.0,50.0,1.0,0.0,25.0,59.0,694.0,0.0,40.0,102.0,178.0,39.0,31.0,8.0,5.0,2688.0,336.0,62.0,155.0,400.0,125.0,26.0,95.0,7.0,269.0,470.0,1.0,8.0,49.0,44.0,8.0,50.0,98.0,0.0,16.0,71.0,212.0,608.0,65.0,253.0,1.0,1.0,7.0,3.0,0.0,1.0,7.0,13.0,1.0,12.0,45.0,2.0,2.0,49.0,0.0,9.0,147.0,7.0,0.0,1.0,27.0,94.0,75.0,22.0,143.0,3.0,28.0,20.0,78.0,1.0,0.0,4.0,13.0,196.0,14.0,20.0,18.0,0.0,35.0,0.0,53.0,1.0,0.0,15.0,77.0,2.0,2.0,11.0,26.0,7.0,43.0,127.0,3.0,0.0,0.0,1.0,20.0,25.0,54.0,149.0,10.0,16.0,25.0,1.0,3.0,26.0,28.0,2.0,21.0,74.0,277.0,28.0,0.0,5.0,1862.0,54.0,4.0,1.0,5.0,1.0,0.0,61.0,0.0,87.0,125.0,6.0,31.0,65.0,25.0,43.0,4.0,87.0,3.0,8.0,13.0,1.0,1.0,0.0,0.0,0.0,1.0,89.0,2.0,2.0,12.0,173.0,4.0,202.0,85.0,160.0,352.0,10.0,127.0,18.0,2.0,118.0,17.0,2.0,2.0,334.0,294.0,15.0,144.0,47.0,118.0,2.0,598.0,333.0,30.0,169.0,16.0,0.0,108.0,626.0,246.0,84.0,81.0,90.0,18.0,69.0,76.0,6913.0,117.0,125.0,357.0,2199.0,81.0,106.0,27.0,43.0,93.0,31.0,85.0,26.0,290.0,817.0,4.0,35.0,451.0,546.0,52.0,554.0,62.0,2.0,6.0,154.0,7.0,211.0,245.0,549.0,55.0,62.0,263.0,3366.0,6.0,25.0,156.0,42.0,185.0,387.0,50.0,16.0,0.0,1.0,8.0,0.0,1.0,295.0,185.0,3.0,0.0,178.0,81.0,0.0,1.0,740.0,12.0,460.0,437.0,5.0,201.0,283.0,915.0,8.0,414.0,273.0,359.0,58.0,68.0,59.0,237.0,148.0,69.0,1235.0,13.0,238.0,7.0,6.0,51.0,34.0,18.0,0.0,1.0,1.0,1.0,0.0,169.0,15.0,762.0,3.0,1.0,3.0,0.0,0.0,0.0,0.0,1.0,0.0,0.0,0.0,2.0,10.0,1.0,0.0,2.0,3.0,0.0,0.0,1.0,1.0,0.0,4.0,0.0,0.0,0.0,1.0,1.0,0.0,0.0,6.0,1.0,2.0,0.0,0.0,6.0,3.0,0.0,0.0,1.0,1.0,12.0,1.0,3.0,0.0,1.0,0.0,0.0,0.0,0.0,1.0,0.0,0.0,0.0,0.0,0.0,0.0,1.0,0.0,0.0,4.0,0.0,0.0,2.0,0.0,0.0,0.0,0.0,0.0,0.0,5.0,1.0,151.0,931.0,7.0,35.0,58.0,30.0,45.0,400.0,105.0,29.0,122.0,41.0,78.0,12.0,217.0,260.0,53.0,10.0,12.0,50.0,59.0,68.0,21.0,0.0,1.0,68.0,3.0,120.0,2.0,96.0,11.0,1.0,1.0,4.0,66.0,0.0,22.0,24.0,4.0,10.0,788.0,1.0,70.0,229.0,15.0,20.0,0.0,4.0,8.0,142.0
2007-06-01,12.0,0.0,4.0,19.0,1.0,27.0,31.0,0.0,0.0,0.0,0.0,7.0,1.0,0.0,0.0,0.0,0.0,0.0,0.0,162.0,0.0,0.0,0.0,1.0,0.0,2.0,48.0,0.0,16.0,1.0,2.0,3.0,0.0,0.0,2.0,36.0,59.0,2.0,11.0,17.0,19.0,8.0,5.0,64.0,0.0,22.0,48.0,12.0,59.0,35.0,45.0,23.0,12.0,0.0,142.0,0.0,65.0,81.0,34.0,18.0,25.0,217.0,28.0,18.0,45.0,615.0,12.0,9.0,3.0,7.0,9.0,14.0,24.0,16.0,14.0,1.0,22.0,11.0,16.0,1.0,172.0,36.0,4.0,5.0,2.0,62.0,222.0,1870.0,124.0,29.0,52.0,9.0,1.0,17.0,1.0,29.0,5.0,64.0,4.0,12.0,233.0,42.0,25.0,35.0,1608.0,35.0,29.0,16.0,1.0,18.0,12.0,12.0,30.0,14.0,9.0,2141.0,13.0,96.0,18.0,242.0,13.0,18.0,39.0,2.0,2.0,108.0,58.0,15.0,29.0,12.0,35.0,270.0,9.0,15.0,1.0,2.0,1.0,8.0,8.0,3.0,1.0,7.0,4.0,21.0,28.0,16.0,89.0,37.0,11.0,106.0,1151.0,27.0,19.0,31.0,58.0,14.0,6.0,3.0,47.0,13.0,12.0,70.0,11.0,27.0,8.0,16.0,15.0,9.0,52.0,1.0,1.0,6.0,13.0,473.0,3.0,19.0,56.0,94.0,18.0,50.0,5.0,5.0,1365.0,194.0,57.0,56.0,175.0,70.0,27.0,71.0,5.0,349.0,385.0,1.0,2.0,63.0,41.0,4.0,75.0,149.0,0.0,17.0,101.0,25.0,895.0,60.0,166.0,59.0,3.0,8.0,1.0,2.0,0.0,41.0,5.0,0.0,10.0,38.0,1.0,1.0,16.0,5.0,1.0,52.0,9.0,1.0,0.0,12.0,80.0,41.0,26.0,65.0,8.0,16.0,13.0,18.0,2.0,0.0,0.0,19.0,172.0,7.0,5.0,9.0,0.0,10.0,0.0,8.0,0.0,2.0,7.0,37.0,0.0,1.0,1.0,6.0,1.0,16.0,55.0,0.0,0.0,0.0,0.0,4.0,14.0,8.0,38.0,2.0,8.0,11.0,0.0,1.0,12.0,16.0,0.0,3.0,14.0,49.0,8.0,0.0,3.0,317.0,11.0,0.0,0.0,1.0,0.0,0.0,14.0,1.0,33.0,6.0,1.0,2.0,13.0,5.0,5.0,0.0,30.0,3.0,1.0,1.0,2.0,0.0,1.0,0.0,0.0,0.0,14.0,0.0,0.0,3.0,50.0,0.0,97.0,19.0,35.0,126.0,2.0,52.0,5.0,2.0,23.0,5.0,2.0,1.0,141.0,208.0,5.0,70.0,30.0,10.0,0.0,346.0,63.0,50.0,38.0,14.0,2.0,34.0,187.0,34.0,23.0,27.0,21.0,5.0,14.0,46.0,2919.0,6.0,23.0,69.0,421.0,9.0,1.0,1.0,4.0,16.0,10.0,14.0,2.0,22.0,143.0,0.0,3.0,56.0,56.0,7.0,94.0,14.0,2.0,1.0,33.0,2.0,29.0,36.0,55.0,6.0,0.0,22.0,425.0,0.0,2.0,7.0,2.0,15.0,217.0,7.0,0.0,0.0,0.0,1.0,2.0,0.0,32.0,15.0,1.0,0.0,38.0,3.0,0.0,1.0,225.0,9.0,28.0,68.0,1.0,18.0,32.0,128.0,6.0,158.0,25.0,35.0,11.0,4.0,1.0,18.0,14.0,0.0,108.0,0.0,32.0,1.0,1.0,4.0,6.0,1.0,1.0,0.0,0.0,0.0,0.0,13.0,6.0,35.0,0.0,1.0,1.0,0.0,1.0,0.0,0.0,0.0,0.0,0.0,0.0,0.0,4.0,0.0,0.0,0.0,1.0,0.0,0.0,0.0,0.0,0.0,1.0,0.0,0.0,0.0,0.0,0.0,0.0,0.0,0.0,0.0,1.0,0.0,0.0,0.0,0.0,0.0,0.0,0.0,0.0,2.0,0.0,1.0,0.0,0.0,0.0,0.0,0.0,0.0,1.0,0.0,1.0,0.0,0.0,0.0,0.0,0.0,0.0,0.0,1.0,0.0,0.0,0.0,0.0,0.0,0.0,0.0,0.0,0.0,10.0,0.0,21.0,101.0,3.0,9.0,15.0,2.0,5.0,49.0,21.0,17.0,62.0,33.0,35.0,9.0,80.0,232.0,25.0,0.0,14.0,26.0,49.0,15.0,6.0,1.0,0.0,33.0,0.0,28.0,3.0,31.0,5.0,0.0,1.0,1.0,19.0,0.0,6.0,24.0,0.0,1.0,576.0,0.0,28.0,60.0,10.0,11.0,1.0,1.0,9.0,61.0
2007-07-01,6.0,2.0,1.0,8.0,1.0,28.0,23.0,0.0,0.0,0.0,0.0,2.0,0.0,0.0,0.0,0.0,0.0,0.0,0.0,139.0,10.0,0.0,1.0,1.0,0.0,0.0,116.0,6.0,16.0,2.0,4.0,2.0,0.0,4.0,0.0,37.0,82.0,0.0,25.0,19.0,12.0,3.0,4.0,49.0,2.0,28.0,48.0,24.0,40.0,17.0,34.0,12.0,6.0,0.0,57.0,0.0,58.0,52.0,19.0,13.0,25.0,60.0,8.0,5.0,92.0,334.0,6.0,5.0,8.0,27.0,1.0,3.0,15.0,1.0,22.0,0.0,31.0,5.0,7.0,1.0,56.0,24.0,12.0,0.0,0.0,25.0,59.0,412.0,64.0,10.0,13.0,6.0,3.0,6.0,0.0,10.0,4.0,24.0,0.0,13.0,124.0,19.0,8.0,4.0,319.0,9.0,17.0,21.0,5.0,15.0,24.0,17.0,17.0,8.0,8.0,1810.0,11.0,89.0,45.0,352.0,3.0,17.0,131.0,2.0,4.0,122.0,47.0,29.0,24.0,9.0,10.0,142.0,18.0,23.0,0.0,0.0,5.0,18.0,21.0,4.0,8.0,12.0,5.0,15.0,35.0,13.0,88.0,27.0,16.0,120.0,1363.0,21.0,48.0,29.0,70.0,43.0,14.0,3.0,21.0,25.0,1.0,55.0,10.0,7.0,10.0,10.0,12.0,25.0,70.0,2.0,2.0,9.0,9.0,588.0,4.0,11.0,37.0,75.0,18.0,18.0,10.0,2.0,478.0,87.0,37.0,13.0,99.0,94.0,30.0,90.0,10.0,464.0,202.0,6.0,3.0,49.0,44.0,41.0,160.0,185.0,0.0,50.0,112.0,23.0,977.0,86.0,165.0,81.0,4.0,2.0,3.0,1.0,1.0,84.0,4.0,1.0,11.0,48.0,0.0,2.0,6.0,1.0,14.0,27.0,13.0,2.0,1.0,6.0,127.0,28.0,8.0,74.0,9.0,21.0,3.0,30.0,3.0,1.0,4.0,21.0,258.0,3.0,1.0,0.0,0.0,6.0,4.0,10.0,1.0,2.0,13.0,9.0,0.0,0.0,9.0,0.0,3.0,8.0,28.0,0.0,0.0,0.0,0.0,5.0,5.0,6.0,7.0,0.0,0.0,10.0,0.0,0.0,3.0,5.0,0.0,0.0,4.0,20.0,9.0,0.0,0.0,63.0,1.0,0.0,0.0,1.0,0.0,0.0,3.0,1.0,20.0,2.0,1.0,2.0,2.0,2.0,3.0,0.0,5.0,1.0,0.0,3.0,0.0,0.0,0.0,0.0,0.0,0.0,0.0,0.0,0.0,1.0,13.0,2.0,29.0,10.0,18.0,37.0,4.0,43.0,2.0,1.0,13.0,1.0,0.0,3.0,118.0,198.0,7.0,23.0,20.0,8.0,1.0,184.0,22.0,5.0,13.0,4.0,1.0,16.0,95.0,19.0,3.0,22.0,5.0,3.0,4.0,11.0,1494.0,5.0,8.0,27.0,124.0,2.0,0.0,1.0,3.0,5.0,4.0,4.0,4.0,14.0,56.0,0.0,1.0,5.0,11.0,2.0,18.0,3.0,1.0,1.0,18.0,0.0,8.0,14.0,74.0,3.0,2.0,10.0,109.0,0.0,0.0,2.0,8.0,6.0,33.0,7.0,0.0,0.0,0.0,0.0,0.0,0.0,8.0,3.0,3.0,0.0,22.0,1.0,0.0,0.0,83.0,3.0,5.0,22.0,0.0,16.0,13.0,82.0,6.0,56.0,10.0,7.0,5.0,2.0,1.0,6.0,8.0,0.0,7.0,0.0,11.0,0.0,0.0,5.0,0.0,1.0,0.0,0.0,1.0,0.0,0.0,3.0,0.0,6.0,1.0,0.0,0.0,0.0,0.0,0.0,0.0,0.0,0.0,0.0,0.0,0.0,3.0,0.0,0.0,0.0,1.0,0.0,0.0,0.0,1.0,0.0,0.0,0.0,0.0,0.0,1.0,0.0,0.0,0.0,0.0,0.0,0.0,0.0,1.0,0.0,0.0,0.0,0.0,0.0,0.0,0.0,0.0,0.0,0.0,0.0,0.0,0.0,0.0,0.0,0.0,0.0,1.0,0.0,0.0,0.0,0.0,0.0,0.0,0.0,2.0,0.0,0.0,0.0,0.0,0.0,0.0,0.0,0.0,0.0,4.0,0.0,5.0,27.0,0.0,8.0,5.0,0.0,3.0,17.0,4.0,15.0,26.0,12.0,42.0,5.0,17.0,122.0,6.0,2.0,1.0,22.0,44.0,2.0,3.0,0.0,0.0,25.0,1.0,6.0,0.0,10.0,0.0,1.0,0.0,2.0,3.0,0.0,3.0,4.0,0.0,2.0,347.0,0.0,15.0,25.0,0.0,10.0,0.0,2.0,10.0,78.0
2007-08-01,4.0,0.0,2.0,4.0,0.0,12.0,33.0,5.0,0.0,0.0,0.0,2.0,1.0,0.0,0.0,1.0,0.0,0.0,0.0,91.0,4.0,0.0,0.0,0.0,0.0,0.0,72.0,6.0,1.0,3.0,0.0,3.0,0.0,23.0,1.0,7.0,89.0,6.0,36.0,36.0,27.0,9.0,7.0,44.0,2.0,18.0,23.0,26.0,37.0,26.0,50.0,7.0,15.0,0.0,49.0,1.0,90.0,23.0,17.0,13.0,12.0,16.0,5.0,2.0,30.0,212.0,5.0,9.0,3.0,2.0,5.0,7.0,8.0,1.0,4.0,1.0,14.0,3.0,0.0,0.0,23.0,8.0,2.0,0.0,0.0,17.0,33.0,148.0,55.0,6.0,2.0,2.0,1.0,3.0,0.0,1.0,1.0,7.0,0.0,8.0,48.0,9.0,3.0,1.0,110.0,5.0,22.0,34.0,2.0,10.0,30.0,30.0,8.0,0.0,5.0,1009.0,12.0,73.0,75.0,202.0,3.0,6.0,173.0,44.0,20.0,133.0,34.0,15.0,7.0,1.0,8.0,21.0,7.0,26.0,0.0,2.0,2.0,22.0,29.0,3.0,34.0,8.0,1.0,15.0,18.0,20.0,40.0,12.0,15.0,52.0,870.0,6.0,126.0,35.0,26.0,24.0,10.0,3.0,13.0,8.0,0.0,23.0,9.0,13.0,10.0,2.0,5.0,7.0,44.0,0.0,2.0,14.0,5.0,290.0,1.0,1.0,9.0,13.0,2.0,11.0,7.0,1.0,120.0,20.0,13.0,9.0,31.0,47.0,11.0,44.0,5.0,251.0,60.0,2.0,1.0,30.0,19.0,20.0,95.0,147.0,0.0,74.0,60.0,3.0,802.0,45.0,133.0,17.0,0.0,3.0,5.0,0.0,1.0,16.0,3.0,3.0,6.0,77.0,2.0,2.0,2.0,0.0,1.0,50.0,9.0,0.0,0.0,5.0,56.0,9.0,12.0,64.0,7.0,15.0,7.0,24.0,1.0,0.0,3.0,10.0,120.0,0.0,1.0,2.0,1.0,22.0,1.0,12.0,2.0,1.0,4.0,11.0,0.0,1.0,3.0,1.0,0.0,0.0,9.0,0.0,0.0,0.0,0.0,2.0,1.0,4.0,0.0,0.0,1.0,6.0,0.0,0.0,1.0,2.0,0.0,1.0,2.0,9.0,6.0,0.0,1.0,20.0,2.0,0.0,0.0,0.0,0.0,0.0,6.0,1.0,7.0,1.0,2.0,0.0,0.0,1.0,1.0,0.0,2.0,0.0,1.0,0.0,0.0,0.0,0.0,0.0,0.0,0.0,0.0,0.0,0.0,0.0,1.0,1.0,11.0,2.0,3.0,6.0,2.0,21.0,10.0,0.0,3.0,3.0,0.0,2.0,52.0,38.0,6.0,6.0,5.0,2.0,1.0,54.0,1.0,1.0,3.0,1.0,0.0,8.0,21.0,8.0,2.0,1.0,0.0,0.0,9.0,4.0,778.0,4.0,0.0,13.0,78.0,1.0,0.0,0.0,1.0,1.0,0.0,1.0,3.0,2.0,13.0,0.0,0.0,1.0,8.0,4.0,3.0,1.0,0.0,0.0,6.0,1.0,0.0,2.0,2.0,0.0,0.0,2.0,51.0,0.0,1.0,0.0,4.0,0.0,7.0,2.0,0.0,0.0,0.0,0.0,0.0,0.0,10.0,2.0,2.0,0.0,8.0,3.0,0.0,0.0,7.0,0.0,0.0,13.0,1.0,8.0,5.0,38.0,0.0,14.0,0.0,2.0,0.0,0.0,0.0,2.0,2.0,0.0,6.0,1.0,8.0,0.0,0.0,3.0,1.0,1.0,0.0,0.0,0.0,0.0,0.0,1.0,1.0,2.0,0.0,0.0,0.0,1.0,0.0,0.0,0.0,0.0,0.0,0.0,0.0,0.0,2.0,0.0,0.0,0.0,0.0,0.0,0.0,0.0,0.0,0.0,0.0,0.0,0.0,0.0,0.0,0.0,0.0,0.0,0.0,0.0,1.0,0.0,0.0,0.0,0.0,0.0,0.0,0.0,0.0,0.0,0.0,0.0,0.0,0.0,0.0,0.0,0.0,0.0,0.0,0.0,0.0,0.0,0.0,0.0,1.0,0.0,0.0,0.0,1.0,0.0,0.0,0.0,0.0,0.0,0.0,0.0,0.0,0.0,1.0,0.0,2.0,17.0,0.0,1.0,2.0,0.0,2.0,4.0,1.0,18.0,24.0,5.0,42.0,3.0,4.0,59.0,3.0,2.0,2.0,7.0,19.0,1.0,4.0,1.0,0.0,12.0,0.0,4.0,0.0,4.0,0.0,0.0,1.0,1.0,15.0,0.0,1.0,5.0,0.0,1.0,239.0,0.0,5.0,11.0,1.0,2.0,0.0,0.0,8.0,36.0
2007-09-01,3.0,0.0,2.0,1.0,2.0,30.0,67.0,4.0,0.0,0.0,0.0,1.0,1.0,0.0,0.0,0.0,0.0,0.0,0.0,118.0,2.0,0.0,0.0,1.0,0.0,0.0,53.0,3.0,0.0,14.0,3.0,0.0,0.0,11.0,1.0,2.0,176.0,11.0,18.0,31.0,46.0,6.0,17.0,43.0,1.0,31.0,25.0,21.0,19.0,21.0,76.0,2.0,4.0,0.0,72.0,0.0,61.0,22.0,15.0,56.0,5.0,13.0,7.0,2.0,2.0,114.0,2.0,11.0,2.0,4.0,2.0,4.0,16.0,2.0,2.0,2.0,3.0,2.0,2.0,0.0,9.0,7.0,6.0,1.0,1.0,5.0,5.0,47.0,51.0,1.0,0.0,1.0,0.0,2.0,1.0,4.0,1.0,1.0,0.0,24.0,12.0,3.0,3.0,0.0,34.0,5.0,14.0,23.0,4.0,22.0,14.0,23.0,8.0,0.0,11.0,525.0,4.0,51.0,125.0,88.0,2.0,5.0,123.0,58.0,60.0,54.0,12.0,3.0,2.0,0.0,15.0,14.0,2.0,38.0,1.0,2.0,2.0,49.0,19.0,3.0,58.0,26.0,2.0,0.0,9.0,7.0,26.0,7.0,5.0,73.0,501.0,3.0,73.0,42.0,4.0,5.0,11.0,3.0,2.0,4.0,1.0,16.0,0.0,1.0,7.0,8.0,10.0,9.0,17.0,1.0,2.0,9.0,11.0,92.0,3.0,9.0,1.0,5.0,5.0,3.0,3.0,2.0,58.0,8.0,19.0,9.0,5.0,36.0,8.0,11.0,4.0,150.0,24.0,0.0,0.0,15.0,15.0,10.0,38.0,62.0,0.0,20.0,34.0,6.0,432.0,37.0,44.0,9.0,3.0,1.0,2.0,1.0,0.0,16.0,2.0,2.0,15.0,50.0,3.0,0.0,3.0,0.0,0.0,21.0,6.0,0.0,0.0,8.0,20.0,5.0,5.0,31.0,3.0,17.0,7.0,16.0,1.0,0.0,0.0,5.0,73.0,1.0,0.0,2.0,0.0,26.0,0.0,8.0,2.0,3.0,11.0,7.0,0.0,1.0,1.0,0.0,1.0,0.0,5.0,0.0,0.0,0.0,0.0,0.0,0.0,3.0,0.0,0.0,1.0,7.0,0.0,0.0,0.0,1.0,2.0,0.0,1.0,40.0,2.0,0.0,0.0,11.0,0.0,0.0,0.0,0.0,0.0,0.0,1.0,2.0,6.0,2.0,2.0,0.0,2.0,1.0,0.0,0.0,0.0,0.0,2.0,1.0,0.0,0.0,0.0,0.0,0.0,0.0,3.0,0.0,0.0,1.0,2.0,0.0,8.0,2.0,4.0,7.0,1.0,7.0,8.0,0.0,1.0,1.0,1.0,2.0,40.0,38.0,6.0,3.0,1.0,3.0,0.0,29.0,0.0,2.0,1.0,0.0,0.0,3.0,7.0,6.0,0.0,4.0,4.0,1.0,3.0,7.0,588.0,0.0,3.0,15.0,85.0,2.0,0.0,5.0,0.0,0.0,2.0,3.0,1.0,6.0,14.0,0.0,1.0,2.0,9.0,1.0,4.0,2.0,1.0,1.0,9.0,3.0,2.0,4.0,2.0,1.0,1.0,2.0,96.0,1.0,1.0,2.0,5.0,0.0,3.0,0.0,1.0,0.0,0.0,0.0,0.0,0.0,25.0,12.0,3.0,0.0,12.0,0.0,0.0,0.0,6.0,0.0,1.0,11.0,2.0,6.0,2.0,56.0,0.0,6.0,2.0,0.0,0.0,1.0,0.0,0.0,4.0,2.0,6.0,1.0,17.0,0.0,1.0,7.0,2.0,0.0,0.0,1.0,0.0,0.0,0.0,1.0,0.0,2.0,1.0,0.0,2.0,0.0,0.0,1.0,0.0,0.0,0.0,0.0,0.0,0.0,0.0,0.0,0.0,0.0,1.0,0.0,0.0,0.0,0.0,0.0,0.0,0.0,0.0,0.0,0.0,0.0,0.0,0.0,0.0,0.0,0.0,1.0,0.0,0.0,0.0,0.0,0.0,0.0,0.0,0.0,0.0,0.0,0.0,0.0,0.0,0.0,0.0,0.0,0.0,0.0,0.0,0.0,0.0,0.0,0.0,0.0,0.0,0.0,2.0,0.0,0.0,0.0,0.0,0.0,0.0,0.0,0.0,0.0,0.0,0.0,5.0,6.0,0.0,1.0,1.0,0.0,2.0,3.0,0.0,11.0,23.0,2.0,2.0,2.0,2.0,31.0,0.0,18.0,0.0,5.0,22.0,1.0,3.0,0.0,0.0,13.0,1.0,0.0,1.0,1.0,0.0,3.0,1.0,0.0,6.0,0.0,0.0,6.0,0.0,2.0,164.0,1.0,6.0,10.0,2.0,2.0,0.0,1.0,5.0,21.0
2007-10-01,27.0,1.0,2.0,17.0,5.0,42.0,120.0,3.0,0.0,0.0,0.0,8.0,2.0,1.0,0.0,1.0,0.0,0.0,0.0,164.0,0.0,0.0,0.0,0.0,1.0,0.0,24.0,2.0,3.0,28.0,15.0,9.0,1.0,15.0,4.0,2.0,199.0,11.0,1.0,51.0,28.0,17.0,18.0,45.0,1.0,122.0,62.0,156.0,99.0,33.0,136.0,9.0,2.0,0.0,46.0,0.0,169.0,45.0,9.0,80.0,23.0,49.0,47.0,1.0,8.0,56.0,5.0,3.0,2.0,3.0,7.0,13.0,35.0,3.0,0.0,8.0,0.0,1.0,0.0,0.0,4.0,9.0,8.0,3.0,2.0,10.0,5.0,28.0,24.0,2.0,0.0,0.0,0.0,1.0,0.0,4.0,0.0,1.0,0.0,10.0,6.0,2.0,1.0,2.0,28.0,3.0,21.0,19.0,8.0,21.0,7.0,25.0,21.0,3.0,6.0,492.0,3.0,60.0,187.0,210.0,0.0,1.0,76.0,18.0,2.0,29.0,25.0,2.0,1.0,3.0,7.0,3.0,1.0,49.0,2.0,0.0,11.0,67.0,77.0,2.0,27.0,35.0,1.0,13.0,46.0,3.0,18.0,7.0,7.0,57.0,406.0,2.0,105.0,60.0,13.0,15.0,4.0,13.0,1.0,6.0,0.0,9.0,1.0,1.0,6.0,4.0,3.0,6.0,11.0,1.0,0.0,6.0,11.0,63.0,0.0,4.0,1.0,9.0,6.0,4.0,3.0,2.0,77.0,13.0,25.0,3.0,18.0,21.0,5.0,18.0,2.0,149.0,26.0,0.0,3.0,5.0,21.0,17.0,33.0,38.0,2.0,7.0,40.0,2.0,402.0,15.0,24.0,6.0,0.0,2.0,1.0,3.0,1.0,4.0,0.0,1.0,12.0,35.0,2.0,1.0,1.0,1.0,0.0,72.0,10.0,1.0,1.0,8.0,39.0,13.0,8.0,30.0,0.0,26.0,2.0,21.0,1.0,1.0,4.0,6.0,56.0,2.0,7.0,11.0,0.0,19.0,1.0,26.0,0.0,17.0,10.0,11.0,1.0,1.0,2.0,2.0,1.0,1.0,32.0,0.0,2.0,0.0,7.0,5.0,43.0,9.0,2.0,0.0,1.0,10.0,0.0,1.0,1.0,4.0,3.0,1.0,0.0,30.0,1.0,0.0,1.0,28.0,0.0,0.0,0.0,3.0,0.0,0.0,7.0,2.0,11.0,12.0,3.0,1.0,0.0,3.0,0.0,0.0,1.0,1.0,0.0,1.0,3.0,0.0,0.0,0.0,0.0,0.0,0.0,0.0,0.0,2.0,2.0,0.0,5.0,4.0,7.0,9.0,1.0,10.0,2.0,1.0,2.0,0.0,0.0,1.0,42.0,31.0,3.0,5.0,0.0,5.0,0.0,31.0,3.0,2.0,0.0,0.0,0.0,2.0,8.0,20.0,1.0,6.0,4.0,0.0,12.0,8.0,919.0,2.0,4.0,17.0,56.0,1.0,1.0,15.0,1.0,2.0,3.0,6.0,5.0,2.0,17.0,0.0,3.0,7.0,3.0,12.0,7.0,4.0,0.0,2.0,7.0,2.0,7.0,8.0,12.0,4.0,1.0,11.0,142.0,1.0,1.0,5.0,10.0,1.0,0.0,5.0,1.0,0.0,2.0,5.0,0.0,1.0,25.0,5.0,5.0,0.0,17.0,1.0,0.0,0.0,9.0,0.0,3.0,11.0,1.0,18.0,15.0,70.0,3.0,20.0,1.0,2.0,0.0,1.0,0.0,7.0,5.0,0.0,13.0,0.0,17.0,0.0,0.0,7.0,1.0,0.0,1.0,0.0,0.0,0.0,0.0,4.0,3.0,0.0,0.0,0.0,0.0,0.0,0.0,0.0,0.0,0.0,0.0,0.0,0.0,0.0,7.0,1.0,0.0,1.0,0.0,0.0,0.0,0.0,1.0,0.0,0.0,0.0,0.0,0.0,2.0,3.0,0.0,0.0,1.0,0.0,0.0,0.0,1.0,1.0,0.0,0.0,0.0,0.0,1.0,0.0,0.0,0.0,1.0,0.0,0.0,0.0,0.0,0.0,0.0,0.0,0.0,0.0,0.0,0.0,0.0,0.0,0.0,0.0,0.0,0.0,0.0,0.0,0.0,0.0,0.0,0.0,0.0,0.0,0.0,5.0,4.0,13.0,0.0,1.0,7.0,2.0,6.0,30.0,4.0,17.0,73.0,8.0,15.0,3.0,6.0,34.0,0.0,29.0,1.0,13.0,32.0,10.0,10.0,1.0,3.0,32.0,0.0,1.0,1.0,4.0,0.0,3.0,0.0,2.0,21.0,0.0,13.0,19.0,1.0,2.0,358.0,0.0,11.0,12.0,1.0,11.0,1.0,3.0,5.0,66.0
2007-11-01,47.0,6.0,2.0,38.0,7.0,161.0,202.0,15.0,0.0,0.0,0.0,53.0,7.0,1.0,0.0,0.0,0.0,0.0,0.0,325.0,0.0,2.0,0.0,0.0,0.0,0.0,29.0,1.0,6.0,44.0,24.0,10.0,0.0,6.0,2.0,5.0,161.0,8.0,10.0,63.0,44.0,49.0,16.0,179.0,3.0,50.0,40.0,385.0,205.0,89.0,261.0,32.0,5.0,0.0,48.0,2.0,273.0,73.0,27.0,62.0,86.0,100.0,68.0,4.0,12.0,59.0,1.0,2.0,2.0,4.0,13.0,15.0,23.0,2.0,0.0,3.0,1.0,2.0,5.0,0.0,8.0,7.0,10.0,6.0,3.0,6.0,4.0,40.0,7.0,3.0,0.0,0.0,0.0,1.0,2.0,5.0,1.0,2.0,0.0,0.0,5.0,6.0,1.0,14.0,37.0,5.0,13.0,25.0,11.0,10.0,18.0,59.0,21.0,3.0,9.0,498.0,2.0,35.0,120.0,95.0,5.0,1.0,12.0,9.0,5.0,25.0,5.0,1.0,0.0,0.0,3.0,2.0,0.0,32.0,0.0,0.0,24.0,52.0,24.0,2.0,24.0,30.0,7.0,3.0,35.0,2.0,18.0,3.0,6.0,47.0,375.0,2.0,108.0,71.0,27.0,7.0,6.0,1.0,12.0,13.0,0.0,11.0,1.0,2.0,1.0,5.0,3.0,0.0,3.0,2.0,0.0,9.0,4.0,38.0,2.0,2.0,5.0,16.0,3.0,4.0,1.0,0.0,64.0,9.0,7.0,13.0,10.0,12.0,5.0,29.0,4.0,128.0,25.0,0.0,0.0,12.0,14.0,17.0,17.0,24.0,1.0,4.0,44.0,0.0,361.0,18.0,31.0,4.0,1.0,1.0,3.0,3.0,0.0,2.0,2.0,1.0,17.0,59.0,1.0,0.0,1.0,0.0,0.0,107.0,6.0,1.0,0.0,20.0,91.0,27.0,3.0,37.0,2.0,9.0,7.0,60.0,0.0,0.0,1.0,8.0,62.0,5.0,2.0,15.0,0.0,64.0,2.0,29.0,4.0,1.0,17.0,9.0,0.0,1.0,8.0,3.0,0.0,34.0,39.0,0.0,1.0,0.0,0.0,2.0,39.0,8.0,1.0,0.0,7.0,23.0,0.0,2.0,5.0,7.0,2.0,0.0,0.0,26.0,1.0,1.0,0.0,37.0,1.0,0.0,3.0,1.0,7.0,0.0,16.0,4.0,22.0,16.0,3.0,0.0,3.0,4.0,0.0,0.0,0.0,1.0,1.0,3.0,0.0,1.0,1.0,0.0,0.0,0.0,4.0,0.0,0.0,4.0,3.0,1.0,2.0,9.0,5.0,3.0,1.0,14.0,0.0,0.0,0.0,1.0,0.0,1.0,74.0,40.0,4.0,7.0,0.0,16.0,5.0,52.0,10.0,3.0,0.0,2.0,0.0,6.0,23.0,26.0,2.0,6.0,2.0,8.0,6.0,7.0,2109.0,1.0,9.0,42.0,187.0,2.0,2.0,9.0,5.0,0.0,3.0,6.0,0.0,6.0,36.0,0.0,4.0,5.0,6.0,16.0,31.0,12.0,1.0,3.0,31.0,5.0,4.0,23.0,21.0,2.0,4.0,38.0,196.0,14.0,8.0,9.0,8.0,1.0,4.0,13.0,2.0,0.0,2.0,2.0,0.0,0.0,41.0,5.0,3.0,0.0,25.0,2.0,0.0,0.0,12.0,1.0,4.0,19.0,4.0,25.0,22.0,185.0,7.0,15.0,1.0,13.0,0.0,0.0,0.0,6.0,14.0,0.0,29.0,4.0,28.0,1.0,1.0,10.0,1.0,1.0,0.0,0.0,1.0,0.0,1.0,5.0,0.0,9.0,2.0,0.0,0.0,0.0,0.0,0.0,0.0,0.0,0.0,0.0,0.0,0.0,6.0,1.0,0.0,1.0,1.0,0.0,2.0,0.0,3.0,0.0,5.0,0.0,0.0,0.0,0.0,0.0,0.0,0.0,2.0,0.0,0.0,0.0,0.0,0.0,0.0,0.0,0.0,0.0,0.0,2.0,0.0,0.0,0.0,0.0,0.0,0.0,0.0,0.0,1.0,0.0,0.0,0.0,0.0,0.0,0.0,1.0,1.0,0.0,0.0,1.0,0.0,0.0,0.0,0.0,0.0,0.0,0.0,1.0,7.0,20.0,17.0,39.0,2.0,3.0,6.0,1.0,9.0,45.0,5.0,108.0,177.0,36.0,25.0,2.0,22.0,41.0,2.0,42.0,3.0,52.0,31.0,14.0,16.0,1.0,1.0,58.0,2.0,2.0,28.0,10.0,1.0,2.0,1.0,0.0,18.0,0.0,53.0,37.0,1.0,2.0,513.0,0.0,79.0,22.0,3.0,12.0,4.0,5.0,2.0,64.0
2007-12-01,299.0,7.0,11.0,45.0,22.0,311.0,281.0,9.0,0.0,0.0,1.0,55.0,2.0,0.0,0.0,0.0,0.0,0.0,1.0,294.0,0.0,0.0,0.0,0.0,0.0,3.0,67.0,6.0,4.0,4.0,23.0,11.0,0.0,5.0,3.0,3.0,179.0,22.0,12.0,24.0,39.0,47.0,23.0,182.0,16.0,179.0,26.0,149.0,243.0,160.0,451.0,167.0,2.0,0.0,107.0,0.0,100.0,87.0,126.0,136.0,87.0,132.0,26.0,18.0,1.0,50.0,16.0,2.0,16.0,42.0,11.0,34.0,41.0,15.0,6.0,10.0,1.0,8.0,3.0,2.0,9.0,8.0,7.0,4.0,11.0,6.0,0.0,44.0,19.0,16.0,0.0,22.0,0.0,2.0,9.0,6.0,9.0,3.0,0.0,21.0,6.0,2.0,0.0,0.0,23.0,29.0,8.0,16.0,7.0,1.0,6.0,51.0,21.0,0.0,0.0,553.0,1.0,17.0,57.0,43.0,1.0,1.0,3.0,0.0,6.0,11.0,4.0,1.0,0.0,0.0,1.0,1.0,12.0,47.0,1.0,1.0,15.0,48.0,21.0,5.0,52.0,18.0,13.0,3.0,25.0,10.0,12.0,26.0,2.0,72.0,412.0,12.0,80.0,65.0,3.0,2.0,2.0,1.0,11.0,20.0,0.0,26.0,3.0,6.0,3.0,3.0,3.0,7.0,5.0,0.0,0.0,5.0,14.0,18.0,2.0,19.0,22.0,4.0,4.0,2.0,2.0,2.0,48.0,15.0,35.0,24.0,13.0,15.0,16.0,10.0,5.0,113.0,35.0,0.0,2.0,7.0,5.0,10.0,1.0,26.0,0.0,7.0,65.0,7.0,279.0,21.0,8.0,0.0,3.0,0.0,7.0,3.0,0.0,5.0,5.0,2.0,20.0,75.0,2.0,2.0,4.0,7.0,8.0,86.0,1.0,1.0,1.0,39.0,120.0,24.0,1.0,23.0,1.0,9.0,6.0,55.0,2.0,0.0,1.0,2.0,35.0,7.0,2.0,10.0,0.0,44.0,0.0,43.0,1.0,1.0,21.0,6.0,0.0,0.0,13.0,5.0,1.0,71.0,42.0,0.0,2.0,0.0,0.0,2.0,16.0,3.0,9.0,81.0,9.0,4.0,0.0,0.0,4.0,9.0,1.0,0.0,1.0,59.0,2.0,0.0,0.0,54.0,1.0,0.0,0.0,2.0,0.0,0.0,41.0,2.0,17.0,5.0,132.0,0.0,2.0,13.0,0.0,0.0,1.0,0.0,0.0,3.0,0.0,0.0,0.0,0.0,0.0,0.0,1.0,1.0,1.0,0.0,1.0,0.0,4.0,1.0,5.0,8.0,0.0,21.0,4.0,0.0,1.0,4.0,2.0,0.0,94.0,29.0,3.0,12.0,0.0,40.0,45.0,124.0,4.0,1.0,4.0,1.0,0.0,3.0,20.0,22.0,3.0,15.0,17.0,2.0,5.0,6.0,3393.0,8.0,17.0,29.0,197.0,9.0,1.0,7.0,2.0,4.0,8.0,5.0,0.0,30.0,16.0,2.0,99.0,20.0,64.0,26.0,19.0,2.0,0.0,1.0,36.0,2.0,4.0,12.0,49.0,1.0,1.0,29.0,217.0,3.0,5.0,3.0,15.0,2.0,8.0,4.0,0.0,4.0,1.0,1.0,0.0,3.0,13.0,7.0,6.0,0.0,31.0,0.0,0.0,0.0,19.0,1.0,2.0,32.0,0.0,22.0,24.0,131.0,1.0,13.0,1.0,6.0,1.0,3.0,1.0,13.0,18.0,1.0,38.0,2.0,27.0,0.0,0.0,3.0,3.0,0.0,0.0,0.0,1.0,0.0,1.0,13.0,3.0,4.0,0.0,0.0,0.0,0.0,1.0,0.0,0.0,1.0,0.0,0.0,0.0,0.0,2.0,2.0,0.0,0.0,0.0,0.0,0.0,0.0,0.0,0.0,1.0,0.0,0.0,0.0,1.0,2.0,0.0,0.0,2.0,0.0,0.0,0.0,0.0,2.0,1.0,0.0,0.0,0.0,0.0,1.0,0.0,0.0,0.0,0.0,0.0,0.0,0.0,0.0,1.0,0.0,0.0,0.0,0.0,0.0,0.0,0.0,0.0,0.0,2.0,0.0,0.0,0.0,0.0,0.0,0.0,0.0,0.0,1.0,7.0,288.0,106.0,439.0,1.0,4.0,27.0,3.0,19.0,61.0,10.0,147.0,128.0,51.0,29.0,10.0,73.0,60.0,3.0,52.0,4.0,51.0,39.0,69.0,63.0,0.0,0.0,92.0,15.0,6.0,72.0,14.0,1.0,15.0,0.0,7.0,35.0,1.0,43.0,103.0,5.0,4.0,768.0,4.0,73.0,57.0,3.0,6.0,1.0,2.0,3.0,42.0
2008-01-01,462.0,60.0,44.0,117.0,29.0,471.0,235.0,30.0,1.0,0.0,1.0,56.0,25.0,2.0,0.0,2.0,0.0,0.0,5.0,1139.0,6.0,66.0,12.0,2.0,25.0,3.0,63.0,17.0,1.0,15.0,369.0,49.0,0.0,3.0,3.0,5.0,331.0,90.0,23.0,34.0,26.0,146.0,40.0,373.0,218.0,210.0,152.0,227.0,567.0,185.0,634.0,632.0,24.0,0.0,105.0,1.0,489.0,266.0,270.0,224.0,199.0,662.0,140.0,63.0,0.0,116.0,16.0,0.0,11.0,14.0,4.0,36.0,178.0,15.0,12.0,16.0,4.0,5.0,4.0,7.0,23.0,6.0,54.0,10.0,4.0,5.0,10.0,92.0,11.0,3.0,1.0,6.0,1.0,2.0,14.0,10.0,11.0,3.0,0.0,5.0,11.0,3.0,1.0,2.0,16.0,3.0,97.0,240.0,11.0,5.0,19.0,112.0,45.0,0.0,2.0,929.0,12.0,43.0,85.0,190.0,6.0,2.0,34.0,18.0,39.0,246.0,17.0,15.0,16.0,8.0,2.0,5.0,84.0,77.0,8.0,15.0,23.0,439.0,26.0,20.0,150.0,28.0,27.0,10.0,85.0,5.0,36.0,9.0,36.0,108.0,911.0,10.0,69.0,80.0,16.0,16.0,13.0,17.0,15.0,7.0,13.0,88.0,2.0,0.0,0.0,5.0,5.0,1.0,8.0,1.0,2.0,2.0,18.0,17.0,4.0,41.0,20.0,17.0,19.0,18.0,0.0,14.0,85.0,13.0,32.0,79.0,3.0,57.0,13.0,10.0,15.0,126.0,36.0,0.0,0.0,0.0,24.0,1.0,6.0,16.0,1.0,7.0,25.0,33.0,293.0,14.0,14.0,13.0,7.0,0.0,18.0,39.0,1.0,73.0,12.0,2.0,52.0,253.0,6.0,4.0,3.0,2.0,1.0,131.0,5.0,3.0,0.0,74.0,496.0,22.0,7.0,14.0,3.0,29.0,6.0,58.0,1.0,0.0,3.0,2.0,78.0,6.0,4.0,14.0,1.0,269.0,1.0,36.0,3.0,3.0,30.0,4.0,2.0,1.0,8.0,10.0,1.0,203.0,35.0,0.0,0.0,0.0,0.0,2.0,232.0,10.0,31.0,0.0,8.0,54.0,2.0,6.0,16.0,1.0,2.0,0.0,3.0,197.0,12.0,0.0,2.0,248.0,4.0,0.0,1.0,1.0,2.0,0.0,52.0,5.0,30.0,176.0,129.0,0.0,9.0,0.0,1.0,0.0,1.0,4.0,1.0,1.0,1.0,1.0,0.0,2.0,0.0,0.0,1.0,1.0,1.0,5.0,3.0,2.0,2.0,9.0,16.0,19.0,158.0,22.0,11.0,2.0,0.0,11.0,2.0,2.0,105.0,83.0,3.0,80.0,6.0,34.0,5.0,561.0,13.0,5.0,57.0,11.0,0.0,7.0,78.0,83.0,4.0,215.0,22.0,22.0,33.0,103.0,14501.0,1.0,7.0,13.0,24.0,3.0,1.0,1.0,0.0,17.0,19.0,2.0,5.0,10.0,100.0,1.0,8.0,4.0,1.0,2.0,25.0,3.0,0.0,2.0,116.0,3.0,12.0,14.0,11.0,11.0,3.0,47.0,171.0,2.0,9.0,3.0,5.0,1.0,3.0,6.0,5.0,0.0,0.0,0.0,0.0,0.0,17.0,7.0,16.0,0.0,6.0,7.0,1.0,0.0,3.0,0.0,6.0,50.0,2.0,26.0,20.0,163.0,17.0,14.0,3.0,5.0,5.0,0.0,4.0,3.0,7.0,1.0,18.0,0.0,26.0,2.0,1.0,6.0,2.0,1.0,1.0,0.0,1.0,0.0,0.0,3.0,6.0,15.0,0.0,1.0,0.0,0.0,1.0,0.0,0.0,0.0,0.0,0.0,0.0,0.0,14.0,0.0,0.0,0.0,1.0,1.0,0.0,0.0,0.0,0.0,1.0,0.0,0.0,0.0,0.0,1.0,0.0,0.0,2.0,0.0,0.0,2.0,0.0,0.0,0.0,0.0,0.0,1.0,1.0,3.0,0.0,0.0,2.0,1.0,0.0,0.0,0.0,0.0,2.0,0.0,0.0,0.0,0.0,0.0,0.0,0.0,3.0,0.0,10.0,0.0,0.0,0.0,0.0,0.0,0.0,0.0,0.0,2.0,16.0,0.0,24.0,47.0,0.0,2.0,8.0,2.0,3.0,18.0,11.0,53.0,175.0,359.0,33.0,2.0,28.0,134.0,6.0,189.0,4.0,218.0,84.0,52.0,6.0,1.0,0.0,134.0,20.0,1.0,42.0,10.0,0.0,12.0,5.0,19.0,236.0,3.0,210.0,179.0,4.0,13.0,1891.0,55.0,65.0,89.0,9.0,57.0,1.0,1.0,10.0,147.0
2008-02-01,289.0,50.0,85.0,184.0,21.0,299.0,104.0,42.0,0.0,0.0,3.0,127.0,24.0,0.0,0.0,0.0,0.0,5.0,4.0,1509.0,4.0,123.0,19.0,0.0,7.0,17.0,151.0,19.0,6.0,12.0,270.0,332.0,0.0,13.0,2.0,12.0,275.0,73.0,34.0,90.0,36.0,111.0,59.0,200.0,78.0,163.0,167.0,100.0,382.0,115.0,324.0,449.0,25.0,0.0,80.0,0.0,234.0,501.0,191.0,248.0,133.0,692.0,69.0,79.0,6.0,105.0,24.0,1.0,11.0,24.0,5.0,82.0,339.0,15.0,142.0,28.0,9.0,5.0,1.0,14.0,40.0,19.0,108.0,10.0,3.0,2.0,8.0,183.0,14.0,0.0,6.0,6.0,1.0,10.0,16.0,2.0,7.0,3.0,1.0,8.0,27.0,1.0,2.0,1.0,57.0,5.0,23.0,345.0,65.0,15.0,38.0,118.0,124.0,8.0,21.0,1764.0,15.0,92.0,155.0,335.0,9.0,2.0,121.0,18.0,64.0,477.0,5.0,136.0,38.0,9.0,6.0,9.0,28.0,110.0,11.0,21.0,68.0,85.0,45.0,90.0,88.0,77.0,139.0,5.0,149.0,47.0,60.0,19.0,68.0,279.0,1359.0,9.0,184.0,495.0,54.0,39.0,35.0,48.0,35.0,11.0,35.0,61.0,6.0,5.0,3.0,18.0,3.0,4.0,9.0,25.0,0.0,3.0,19.0,31.0,4.0,69.0,39.0,97.0,82.0,57.0,0.0,15.0,58.0,13.0,46.0,95.0,3.0,67.0,17.0,13.0,15.0,279.0,46.0,1.0,3.0,3.0,24.0,0.0,9.0,16.0,0.0,7.0,35.0,24.0,271.0,22.0,32.0,22.0,89.0,11.0,35.0,78.0,1.0,16.0,25.0,4.0,57.0,259.0,17.0,16.0,4.0,2.0,1.0,114.0,4.0,4.0,1.0,154.0,1724.0,70.0,9.0,19.0,16.0,39.0,52.0,34.0,1.0,1.0,3.0,6.0,60.0,2.0,29.0,3.0,1.0,419.0,2.0,42.0,3.0,1.0,66.0,24.0,2.0,1.0,16.0,5.0,33.0,79.0,39.0,0.0,0.0,0.0,7.0,20.0,791.0,26.0,35.0,8.0,20.0,41.0,0.0,0.0,25.0,9.0,0.0,45.0,28.0,295.0,74.0,1.0,2.0,458.0,2.0,0.0,2.0,3.0,1.0,0.0,70.0,107.0,44.0,83.0,733.0,3.0,12.0,3.0,2.0,1.0,4.0,1.0,1.0,2.0,0.0,0.0,1.0,0.0,0.0,0.0,2.0,1.0,2.0,13.0,7.0,3.0,8.0,92.0,23.0,174.0,181.0,67.0,89.0,17.0,0.0,13.0,1.0,3.0,156.0,163.0,2.0,332.0,5.0,66.0,34.0,1041.0,60.0,4.0,218.0,8.0,0.0,16.0,102.0,68.0,7.0,788.0,20.0,40.0,55.0,182.0,19783.0,10.0,12.0,12.0,39.0,5.0,2.0,3.0,2.0,22.0,41.0,5.0,5.0,14.0,129.0,0.0,2.0,7.0,10.0,5.0,48.0,4.0,1.0,0.0,187.0,3.0,19.0,49.0,16.0,7.0,4.0,106.0,167.0,1.0,2.0,15.0,8.0,0.0,2.0,4.0,4.0,0.0,0.0,0.0,0.0,1.0,13.0,1.0,6.0,0.0,21.0,6.0,0.0,0.0,7.0,1.0,6.0,65.0,3.0,20.0,20.0,132.0,7.0,17.0,2.0,14.0,14.0,1.0,3.0,16.0,9.0,0.0,13.0,0.0,17.0,0.0,0.0,5.0,2.0,0.0,0.0,0.0,0.0,0.0,1.0,7.0,5.0,22.0,0.0,1.0,1.0,0.0,0.0,0.0,0.0,1.0,0.0,0.0,0.0,1.0,11.0,0.0,0.0,0.0,0.0,0.0,1.0,0.0,2.0,0.0,2.0,0.0,0.0,0.0,1.0,2.0,0.0,0.0,1.0,0.0,0.0,0.0,0.0,1.0,0.0,1.0,0.0,0.0,0.0,0.0,0.0,1.0,1.0,0.0,0.0,0.0,0.0,0.0,1.0,0.0,0.0,0.0,0.0,1.0,0.0,1.0,0.0,0.0,10.0,0.0,0.0,0.0,0.0,0.0,0.0,0.0,0.0,2.0,8.0,1.0,19.0,29.0,2.0,0.0,5.0,0.0,1.0,16.0,5.0,37.0,96.0,264.0,63.0,0.0,39.0,161.0,6.0,187.0,9.0,247.0,38.0,69.0,10.0,2.0,3.0,186.0,2.0,2.0,45.0,6.0,1.0,18.0,24.0,72.0,228.0,8.0,174.0,104.0,5.0,36.0,2859.0,43.0,55.0,214.0,23.0,188.0,9.0,3.0,28.0,135.0
2008-03-01,150.0,259.0,103.0,243.0,52.0,220.0,109.0,74.0,0.0,0.0,0.0,161.0,18.0,3.0,0.0,0.0,0.0,0.0,9.0,1396.0,11.0,72.0,20.0,2.0,24.0,50.0,246.0,3.0,3.0,37.0,103.0,449.0,0.0,1.0,4.0,4.0,336.0,98.0,42.0,127.0,50.0,94.0,84.0,101.0,15.0,140.0,126.0,111.0,215.0,87.0,199.0,385.0,20.0,0.0,93.0,2.0,286.0,590.0,169.0,192.0,116.0,552.0,44.0,135.0,6.0,204.0,44.0,7.0,8.0,33.0,9.0,152.0,545.0,57.0,126.0,69.0,34.0,9.0,4.0,11.0,121.0,22.0,91.0,46.0,12.0,29.0,10.0,470.0,59.0,14.0,12.0,3.0,0.0,16.0,7.0,8.0,11.0,6.0,6.0,44.0,80.0,4.0,8.0,2.0,76.0,10.0,14.0,182.0,50.0,34.0,72.0,191.0,169.0,23.0,102.0,3370.0,13.0,188.0,360.0,139.0,5.0,13.0,214.0,7.0,65.0,268.0,13.0,708.0,73.0,2.0,71.0,81.0,20.0,282.0,39.0,3.0,100.0,173.0,199.0,309.0,84.0,216.0,158.0,21.0,308.0,110.0,209.0,114.0,78.0,358.0,1180.0,40.0,168.0,305.0,81.0,145.0,94.0,68.0,50.0,10.0,40.0,134.0,10.0,33.0,6.0,113.0,57.0,25.0,67.0,36.0,1.0,8.0,1.0,152.0,2.0,62.0,78.0,283.0,248.0,152.0,3.0,139.0,331.0,26.0,126.0,63.0,48.0,150.0,96.0,44.0,28.0,731.0,69.0,0.0,23.0,96.0,20.0,4.0,59.0,94.0,0.0,13.0,125.0,19.0,500.0,48.0,51.0,208.0,137.0,87.0,216.0,154.0,21.0,128.0,26.0,20.0,94.0,997.0,86.0,47.0,37.0,4.0,1.0,403.0,28.0,43.0,1.0,239.0,2644.0,297.0,41.0,145.0,123.0,172.0,88.0,181.0,13.0,2.0,7.0,38.0,139.0,44.0,76.0,19.0,6.0,522.0,20.0,108.0,24.0,7.0,190.0,170.0,4.0,3.0,58.0,20.0,132.0,97.0,185.0,0.0,2.0,2.0,7.0,197.0,959.0,237.0,86.0,25.0,66.0,124.0,2.0,11.0,89.0,25.0,9.0,386.0,253.0,370.0,545.0,0.0,15.0,2134.0,37.0,1.0,11.0,9.0,4.0,0.0,190.0,393.0,283.0,64.0,943.0,6.0,69.0,18.0,3.0,2.0,15.0,1.0,0.0,1.0,3.0,4.0,3.0,2.0,1.0,0.0,23.0,5.0,7.0,333.0,50.0,17.0,49.0,486.0,97.0,825.0,510.0,222.0,265.0,36.0,29.0,103.0,5.0,6.0,1128.0,435.0,15.0,2042.0,28.0,134.0,187.0,2423.0,197.0,77.0,507.0,27.0,9.0,85.0,813.0,428.0,67.0,3973.0,181.0,91.0,261.0,752.0,56088.0,14.0,8.0,11.0,139.0,8.0,0.0,3.0,6.0,62.0,90.0,59.0,13.0,43.0,215.0,2.0,5.0,2.0,15.0,16.0,70.0,12.0,0.0,0.0,514.0,14.0,36.0,74.0,10.0,23.0,8.0,249.0,323.0,0.0,2.0,33.0,6.0,1.0,2.0,7.0,4.0,1.0,0.0,1.0,0.0,0.0,19.0,26.0,2.0,2.0,117.0,23.0,0.0,1.0,62.0,0.0,8.0,143.0,8.0,22.0,42.0,154.0,13.0,32.0,11.0,65.0,26.0,2.0,9.0,80.0,7.0,4.0,38.0,2.0,32.0,0.0,0.0,5.0,3.0,0.0,0.0,0.0,0.0,0.0,2.0,9.0,8.0,65.0,0.0,0.0,2.0,0.0,2.0,0.0,0.0,0.0,0.0,0.0,0.0,0.0,19.0,1.0,1.0,0.0,1.0,0.0,1.0,1.0,1.0,0.0,1.0,0.0,0.0,0.0,1.0,4.0,1.0,0.0,4.0,0.0,4.0,0.0,0.0,2.0,0.0,0.0,0.0,0.0,1.0,0.0,2.0,1.0,3.0,0.0,0.0,0.0,0.0,0.0,2.0,0.0,2.0,0.0,1.0,0.0,0.0,4.0,1.0,0.0,9.0,0.0,0.0,0.0,1.0,0.0,0.0,0.0,0.0,1.0,9.0,5.0,27.0,42.0,17.0,6.0,3.0,4.0,5.0,56.0,16.0,78.0,82.0,169.0,83.0,4.0,79.0,138.0,29.0,103.0,15.0,196.0,50.0,57.0,11.0,18.0,5.0,145.0,5.0,8.0,69.0,24.0,8.0,57.0,18.0,91.0,73.0,22.0,329.0,101.0,3.0,50.0,5302.0,29.0,103.0,524.0,63.0,437.0,20.0,20.0,131.0,222.0
2008-04-01,93.0,362.0,104.0,85.0,30.0,124.0,94.0,58.0,0.0,0.0,0.0,190.0,18.0,8.0,0.0,1.0,2.0,2.0,10.0,1178.0,9.0,52.0,9.0,1.0,13.0,21.0,469.0,5.0,12.0,2.0,145.0,184.0,0.0,3.0,5.0,15.0,352.0,81.0,31.0,57.0,58.0,88.0,70.0,22.0,19.0,114.0,105.0,148.0,165.0,201.0,138.0,139.0,27.0,0.0,88.0,2.0,169.0,553.0,116.0,162.0,134.0,468.0,54.0,143.0,18.0,396.0,49.0,5.0,14.0,50.0,22.0,155.0,213.0,55.0,103.0,33.0,30.0,28.0,7.0,14.0,156.0,17.0,47.0,34.0,9.0,25.0,25.0,346.0,52.0,7.0,15.0,4.0,0.0,14.0,11.0,5.0,18.0,15.0,2.0,28.0,135.0,15.0,22.0,0.0,120.0,58.0,41.0,78.0,78.0,43.0,147.0,254.0,132.0,36.0,127.0,10654.0,23.0,601.0,465.0,106.0,20.0,39.0,224.0,13.0,31.0,306.0,65.0,679.0,99.0,16.0,53.0,103.0,22.0,380.0,82.0,6.0,160.0,287.0,408.0,186.0,67.0,317.0,43.0,53.0,296.0,139.0,395.0,422.0,213.0,902.0,2693.0,92.0,217.0,275.0,108.0,174.0,134.0,49.0,74.0,65.0,162.0,335.0,45.0,198.0,40.0,57.0,86.0,61.0,164.0,74.0,10.0,54.0,23.0,302.0,36.0,300.0,109.0,266.0,197.0,428.0,31.0,129.0,742.0,76.0,242.0,222.0,110.0,346.0,211.0,122.0,106.0,2626.0,253.0,1.0,75.0,550.0,116.0,25.0,177.0,815.0,1.0,19.0,510.0,8.0,1499.0,126.0,245.0,737.0,307.0,324.0,1024.0,403.0,404.0,365.0,72.0,69.0,214.0,3385.0,542.0,172.0,76.0,0.0,3.0,2222.0,70.0,56.0,11.0,340.0,2201.0,407.0,180.0,317.0,225.0,542.0,110.0,395.0,39.0,17.0,11.0,151.0,773.0,103.0,174.0,33.0,100.0,382.0,21.0,119.0,34.0,8.0,562.0,435.0,5.0,26.0,140.0,108.0,114.0,147.0,720.0,0.0,5.0,2.0,3.0,307.0,532.0,331.0,270.0,100.0,84.0,141.0,3.0,16.0,124.0,50.0,16.0,231.0,558.0,343.0,909.0,1.0,50.0,6468.0,81.0,6.0,14.0,18.0,4.0,0.0,450.0,780.0,906.0,60.0,686.0,14.0,138.0,55.0,20.0,3.0,13.0,1.0,3.0,3.0,3.0,4.0,0.0,2.0,0.0,3.0,45.0,6.0,8.0,695.0,38.0,37.0,134.0,1069.0,220.0,878.0,553.0,314.0,673.0,196.0,99.0,223.0,6.0,22.0,3224.0,669.0,15.0,2504.0,79.0,181.0,215.0,3723.0,286.0,102.0,436.0,16.0,8.0,105.0,1255.0,906.0,155.0,3916.0,247.0,51.0,559.0,754.0,52790.0,4.0,12.0,26.0,153.0,56.0,5.0,9.0,12.0,100.0,117.0,82.0,22.0,55.0,358.0,2.0,3.0,5.0,18.0,23.0,42.0,17.0,1.0,2.0,487.0,15.0,59.0,46.0,76.0,45.0,16.0,236.0,404.0,3.0,4.0,12.0,11.0,2.0,2.0,9.0,20.0,4.0,2.0,1.0,0.0,1.0,28.0,33.0,11.0,0.0,122.0,13.0,1.0,2.0,85.0,2.0,22.0,159.0,7.0,35.0,29.0,207.0,23.0,151.0,10.0,76.0,5.0,2.0,8.0,42.0,32.0,1.0,52.0,4.0,35.0,0.0,2.0,8.0,5.0,3.0,0.0,0.0,2.0,0.0,0.0,6.0,7.0,146.0,0.0,3.0,0.0,0.0,0.0,0.0,0.0,0.0,1.0,0.0,0.0,0.0,18.0,0.0,0.0,1.0,4.0,1.0,2.0,0.0,0.0,0.0,3.0,0.0,2.0,0.0,3.0,5.0,0.0,0.0,5.0,0.0,0.0,0.0,1.0,0.0,0.0,0.0,0.0,0.0,0.0,0.0,1.0,0.0,0.0,1.0,0.0,1.0,1.0,1.0,0.0,0.0,0.0,0.0,0.0,1.0,0.0,1.0,1.0,0.0,12.0,0.0,0.0,0.0,0.0,0.0,0.0,1.0,0.0,0.0,11.0,3.0,21.0,27.0,24.0,10.0,9.0,1.0,5.0,27.0,4.0,45.0,50.0,69.0,29.0,11.0,58.0,129.0,16.0,43.0,12.0,150.0,51.0,11.0,14.0,8.0,1.0,154.0,1.0,4.0,47.0,33.0,4.0,66.0,28.0,43.0,92.0,8.0,450.0,164.0,23.0,79.0,8990.0,35.0,131.0,513.0,25.0,319.0,19.0,17.0,43.0,298.0
2008-05-01,42.0,89.0,27.0,35.0,3.0,11.0,31.0,13.0,0.0,2.0,0.0,142.0,26.0,0.0,0.0,0.0,0.0,0.0,25.0,522.0,2.0,14.0,5.0,1.0,5.0,2.0,620.0,13.0,11.0,8.0,13.0,121.0,1.0,6.0,1.0,1.0,108.0,18.0,16.0,29.0,21.0,19.0,37.0,27.0,13.0,30.0,47.0,60.0,66.0,50.0,50.0,45.0,29.0,0.0,39.0,0.0,83.0,176.0,50.0,72.0,37.0,322.0,19.0,57.0,4.0,187.0,22.0,3.0,7.0,7.0,24.0,33.0,49.0,38.0,35.0,10.0,4.0,10.0,5.0,7.0,40.0,8.0,30.0,4.0,0.0,22.0,24.0,106.0,20.0,2.0,51.0,2.0,0.0,8.0,0.0,12.0,6.0,5.0,0.0,41.0,31.0,14.0,71.0,1.0,66.0,26.0,58.0,24.0,19.0,24.0,57.0,126.0,97.0,74.0,49.0,11447.0,32.0,268.0,221.0,45.0,15.0,19.0,101.0,6.0,9.0,151.0,51.0,71.0,21.0,8.0,8.0,30.0,8.0,279.0,58.0,21.0,98.0,117.0,221.0,74.0,73.0,159.0,73.0,65.0,144.0,145.0,689.0,238.0,183.0,843.0,4019.0,61.0,102.0,61.0,43.0,84.0,46.0,64.0,31.0,9.0,65.0,95.0,3.0,100.0,15.0,29.0,26.0,57.0,73.0,23.0,4.0,28.0,37.0,128.0,11.0,66.0,145.0,98.0,115.0,230.0,37.0,44.0,409.0,54.0,105.0,173.0,54.0,198.0,352.0,81.0,111.0,2410.0,168.0,1.0,81.0,136.0,70.0,16.0,97.0,827.0,10.0,41.0,248.0,5.0,1757.0,165.0,126.0,454.0,105.0,195.0,693.0,247.0,161.0,198.0,53.0,96.0,224.0,4938.0,356.0,196.0,16.0,0.0,2.0,510.0,83.0,18.0,8.0,174.0,1465.0,500.0,169.0,257.0,80.0,276.0,75.0,438.0,25.0,20.0,8.0,62.0,613.0,134.0,133.0,43.0,38.0,231.0,3.0,76.0,35.0,7.0,468.0,268.0,13.0,18.0,118.0,50.0,11.0,107.0,560.0,0.0,0.0,0.0,2.0,175.0,76.0,39.0,255.0,247.0,23.0,82.0,2.0,5.0,44.0,18.0,3.0,32.0,228.0,121.0,611.0,1.0,19.0,4651.0,44.0,5.0,9.0,4.0,4.0,1.0,319.0,209.0,648.0,36.0,265.0,6.0,42.0,28.0,8.0,4.0,1.0,1.0,3.0,0.0,2.0,2.0,0.0,1.0,1.0,0.0,13.0,1.0,3.0,248.0,25.0,11.0,164.0,466.0,139.0,254.0,215.0,223.0,477.0,143.0,125.0,203.0,9.0,5.0,2152.0,601.0,3.0,1262.0,74.0,108.0,27.0,1556.0,146.0,20.0,277.0,6.0,4.0,19.0,511.0,515.0,59.0,1374.0,31.0,13.0,117.0,269.0,15029.0,1.0,7.0,18.0,64.0,11.0,0.0,2.0,0.0,24.0,30.0,16.0,9.0,28.0,158.0,3.0,0.0,1.0,5.0,6.0,4.0,7.0,0.0,0.0,92.0,11.0,14.0,23.0,10.0,9.0,2.0,48.0,223.0,1.0,0.0,0.0,1.0,0.0,0.0,3.0,7.0,0.0,0.0,2.0,0.0,0.0,10.0,2.0,6.0,0.0,37.0,12.0,0.0,0.0,39.0,0.0,16.0,38.0,1.0,11.0,4.0,91.0,5.0,163.0,0.0,9.0,5.0,1.0,0.0,5.0,25.0,1.0,5.0,2.0,27.0,0.0,1.0,11.0,0.0,0.0,0.0,0.0,0.0,0.0,0.0,5.0,4.0,140.0,1.0,0.0,0.0,0.0,0.0,0.0,0.0,0.0,0.0,0.0,0.0,0.0,8.0,1.0,0.0,1.0,1.0,0.0,0.0,0.0,0.0,0.0,1.0,0.0,1.0,0.0,0.0,1.0,0.0,0.0,2.0,0.0,0.0,1.0,0.0,0.0,0.0,0.0,0.0,0.0,0.0,1.0,1.0,0.0,0.0,0.0,0.0,0.0,0.0,0.0,1.0,0.0,0.0,0.0,0.0,0.0,0.0,0.0,0.0,0.0,12.0,1.0,0.0,0.0,0.0,0.0,0.0,0.0,0.0,0.0,1.0,0.0,3.0,12.0,2.0,4.0,2.0,0.0,3.0,5.0,5.0,10.0,5.0,29.0,11.0,4.0,29.0,56.0,2.0,14.0,8.0,35.0,16.0,6.0,9.0,3.0,0.0,51.0,0.0,1.0,11.0,9.0,4.0,46.0,21.0,23.0,47.0,3.0,308.0,82.0,3.0,29.0,3932.0,25.0,50.0,239.0,10.0,164.0,9.0,6.0,11.0,170.0
2008-06-01,6.0,13.0,15.0,9.0,0.0,6.0,18.0,4.0,0.0,0.0,0.0,92.0,2.0,1.0,0.0,2.0,0.0,0.0,23.0,91.0,0.0,1.0,0.0,0.0,0.0,0.0,336.0,10.0,73.0,45.0,6.0,44.0,0.0,4.0,2.0,1.0,41.0,15.0,12.0,20.0,11.0,4.0,38.0,11.0,5.0,14.0,35.0,23.0,42.0,71.0,33.0,19.0,4.0,0.0,29.0,1.0,21.0,59.0,13.0,11.0,2.0,149.0,11.0,21.0,5.0,107.0,4.0,1.0,4.0,3.0,0.0,5.0,11.0,5.0,14.0,7.0,5.0,3.0,4.0,0.0,14.0,2.0,1.0,0.0,0.0,15.0,13.0,77.0,18.0,0.0,14.0,1.0,0.0,0.0,0.0,2.0,2.0,7.0,1.0,28.0,20.0,4.0,16.0,0.0,42.0,14.0,17.0,6.0,5.0,9.0,28.0,67.0,47.0,21.0,22.0,3858.0,13.0,133.0,97.0,14.0,6.0,22.0,97.0,18.0,4.0,69.0,17.0,2.0,5.0,4.0,2.0,7.0,2.0,150.0,29.0,7.0,41.0,56.0,107.0,14.0,21.0,31.0,13.0,29.0,30.0,35.0,271.0,65.0,79.0,279.0,1619.0,15.0,28.0,9.0,6.0,14.0,11.0,37.0,14.0,2.0,15.0,51.0,2.0,27.0,4.0,8.0,17.0,29.0,57.0,2.0,6.0,10.0,10.0,41.0,7.0,7.0,69.0,36.0,24.0,54.0,14.0,11.0,133.0,24.0,24.0,14.0,20.0,71.0,90.0,26.0,25.0,932.0,84.0,17.0,10.0,9.0,7.0,8.0,51.0,217.0,0.0,56.0,44.0,2.0,693.0,56.0,70.0,25.0,19.0,18.0,109.0,19.0,25.0,45.0,9.0,30.0,71.0,1059.0,53.0,75.0,11.0,0.0,0.0,110.0,27.0,5.0,0.0,74.0,191.0,153.0,37.0,159.0,20.0,8.0,20.0,293.0,7.0,12.0,5.0,14.0,297.0,31.0,38.0,18.0,16.0,52.0,13.0,24.0,8.0,0.0,543.0,86.0,6.0,6.0,45.0,50.0,7.0,26.0,139.0,0.0,3.0,0.0,1.0,59.0,5.0,7.0,77.0,97.0,7.0,39.0,1.0,2.0,21.0,15.0,4.0,33.0,44.0,74.0,155.0,0.0,4.0,1218.0,15.0,0.0,1.0,2.0,3.0,0.0,91.0,64.0,242.0,7.0,46.0,3.0,8.0,11.0,3.0,0.0,0.0,0.0,0.0,1.0,0.0,0.0,0.0,0.0,0.0,0.0,0.0,0.0,0.0,44.0,8.0,2.0,55.0,88.0,35.0,72.0,41.0,32.0,167.0,222.0,77.0,60.0,1.0,3.0,915.0,194.0,0.0,290.0,40.0,32.0,9.0,141.0,42.0,1.0,55.0,1.0,0.0,1.0,105.0,42.0,6.0,141.0,3.0,1.0,15.0,61.0,2558.0,0.0,2.0,4.0,22.0,4.0,0.0,1.0,1.0,4.0,9.0,2.0,13.0,6.0,61.0,1.0,1.0,1.0,1.0,5.0,2.0,0.0,0.0,0.0,15.0,9.0,4.0,10.0,3.0,9.0,2.0,13.0,94.0,2.0,1.0,2.0,1.0,0.0,2.0,4.0,3.0,0.0,0.0,1.0,0.0,0.0,4.0,0.0,1.0,0.0,15.0,1.0,0.0,0.0,8.0,0.0,5.0,12.0,2.0,7.0,0.0,22.0,0.0,61.0,0.0,1.0,1.0,0.0,0.0,2.0,11.0,0.0,2.0,1.0,11.0,0.0,0.0,3.0,0.0,0.0,0.0,0.0,0.0,0.0,1.0,1.0,1.0,32.0,0.0,0.0,0.0,0.0,0.0,0.0,0.0,0.0,0.0,0.0,0.0,0.0,3.0,0.0,0.0,0.0,0.0,0.0,0.0,0.0,0.0,0.0,0.0,0.0,1.0,1.0,0.0,1.0,0.0,0.0,2.0,0.0,0.0,1.0,0.0,0.0,0.0,1.0,0.0,0.0,0.0,0.0,0.0,0.0,0.0,0.0,0.0,1.0,0.0,0.0,1.0,0.0,0.0,0.0,0.0,0.0,0.0,0.0,0.0,0.0,3.0,0.0,0.0,0.0,0.0,0.0,0.0,0.0,0.0,0.0,0.0,1.0,6.0,6.0,2.0,4.0,0.0,0.0,2.0,6.0,2.0,10.0,16.0,9.0,2.0,2.0,4.0,19.0,2.0,3.0,2.0,7.0,8.0,1.0,2.0,2.0,0.0,23.0,1.0,0.0,10.0,1.0,2.0,8.0,11.0,3.0,14.0,2.0,75.0,28.0,3.0,14.0,1164.0,29.0,23.0,49.0,9.0,70.0,2.0,1.0,4.0,51.0
2008-07-01,8.0,3.0,2.0,1.0,0.0,1.0,6.0,1.0,0.0,0.0,0.0,65.0,0.0,24.0,0.0,5.0,0.0,0.0,35.0,59.0,0.0,0.0,1.0,0.0,0.0,0.0,776.0,44.0,90.0,35.0,13.0,14.0,0.0,1.0,1.0,2.0,21.0,16.0,12.0,5.0,6.0,6.0,11.0,7.0,2.0,3.0,13.0,14.0,23.0,36.0,12.0,7.0,2.0,0.0,15.0,0.0,17.0,17.0,4.0,4.0,1.0,31.0,2.0,1.0,1.0,38.0,0.0,0.0,4.0,0.0,0.0,1.0,6.0,0.0,7.0,4.0,1.0,2.0,2.0,0.0,4.0,0.0,0.0,3.0,0.0,3.0,2.0,17.0,7.0,0.0,3.0,1.0,2.0,0.0,0.0,3.0,0.0,3.0,0.0,10.0,5.0,2.0,7.0,0.0,10.0,5.0,3.0,2.0,0.0,9.0,7.0,16.0,16.0,5.0,9.0,726.0,5.0,47.0,28.0,1.0,0.0,13.0,49.0,0.0,3.0,13.0,6.0,0.0,2.0,4.0,0.0,2.0,0.0,119.0,5.0,0.0,12.0,31.0,27.0,3.0,22.0,8.0,5.0,10.0,11.0,14.0,56.0,21.0,36.0,75.0,598.0,4.0,9.0,7.0,1.0,2.0,1.0,4.0,1.0,3.0,0.0,18.0,3.0,12.0,2.0,2.0,8.0,6.0,18.0,3.0,1.0,14.0,3.0,24.0,0.0,6.0,22.0,15.0,2.0,11.0,19.0,1.0,47.0,8.0,15.0,3.0,9.0,27.0,19.0,23.0,28.0,372.0,46.0,4.0,7.0,2.0,3.0,5.0,16.0,45.0,5.0,6.0,45.0,1.0,585.0,16.0,53.0,7.0,4.0,1.0,21.0,5.0,0.0,6.0,0.0,4.0,4.0,110.0,23.0,5.0,8.0,0.0,0.0,41.0,5.0,0.0,0.0,20.0,36.0,76.0,16.0,90.0,7.0,6.0,8.0,155.0,4.0,0.0,3.0,9.0,157.0,3.0,7.0,7.0,6.0,12.0,2.0,4.0,6.0,1.0,296.0,35.0,1.0,1.0,6.0,27.0,1.0,2.0,17.0,0.0,0.0,0.0,0.0,2.0,6.0,0.0,18.0,10.0,0.0,4.0,0.0,0.0,5.0,2.0,0.0,2.0,3.0,8.0,29.0,0.0,0.0,111.0,0.0,1.0,1.0,0.0,0.0,0.0,27.0,17.0,38.0,1.0,10.0,1.0,0.0,4.0,0.0,0.0,0.0,0.0,0.0,0.0,0.0,0.0,1.0,0.0,0.0,0.0,0.0,0.0,0.0,6.0,2.0,0.0,12.0,13.0,0.0,6.0,3.0,17.0,38.0,49.0,33.0,17.0,0.0,0.0,320.0,64.0,0.0,10.0,11.0,6.0,2.0,35.0,6.0,0.0,13.0,0.0,0.0,1.0,14.0,4.0,0.0,35.0,2.0,1.0,3.0,24.0,994.0,2.0,0.0,4.0,16.0,2.0,0.0,0.0,2.0,2.0,8.0,0.0,1.0,3.0,36.0,0.0,4.0,1.0,3.0,6.0,1.0,2.0,0.0,4.0,8.0,3.0,3.0,8.0,5.0,3.0,2.0,8.0,73.0,1.0,1.0,0.0,11.0,0.0,0.0,4.0,2.0,1.0,0.0,2.0,0.0,0.0,0.0,2.0,4.0,0.0,1.0,0.0,0.0,0.0,2.0,0.0,1.0,6.0,0.0,5.0,4.0,26.0,0.0,16.0,0.0,1.0,0.0,0.0,0.0,1.0,5.0,0.0,1.0,0.0,3.0,0.0,0.0,13.0,1.0,0.0,0.0,0.0,0.0,0.0,0.0,1.0,0.0,13.0,0.0,0.0,0.0,0.0,0.0,0.0,0.0,0.0,0.0,0.0,0.0,0.0,1.0,0.0,0.0,0.0,0.0,0.0,0.0,0.0,0.0,0.0,1.0,0.0,0.0,0.0,0.0,0.0,0.0,0.0,2.0,0.0,0.0,0.0,0.0,0.0,0.0,0.0,0.0,0.0,0.0,0.0,0.0,0.0,1.0,0.0,0.0,0.0,0.0,0.0,0.0,0.0,0.0,0.0,0.0,0.0,0.0,0.0,0.0,0.0,0.0,0.0,0.0,0.0,0.0,0.0,0.0,0.0,0.0,0.0,2.0,0.0,1.0,5.0,0.0,0.0,0.0,0.0,0.0,2.0,1.0,2.0,9.0,2.0,0.0,0.0,3.0,7.0,0.0,1.0,1.0,0.0,5.0,1.0,0.0,2.0,0.0,4.0,2.0,0.0,3.0,0.0,0.0,8.0,0.0,3.0,4.0,0.0,13.0,11.0,1.0,0.0,378.0,11.0,19.0,19.0,1.0,13.0,0.0,0.0,2.0,21.0
2008-08-01,2.0,4.0,2.0,8.0,0.0,0.0,3.0,0.0,0.0,0.0,0.0,43.0,0.0,21.0,0.0,0.0,0.0,0.0,29.0,20.0,0.0,0.0,1.0,0.0,0.0,0.0,426.0,19.0,28.0,47.0,2.0,10.0,0.0,3.0,1.0,0.0,29.0,6.0,2.0,5.0,3.0,8.0,5.0,2.0,3.0,2.0,6.0,10.0,15.0,9.0,8.0,3.0,6.0,0.0,15.0,0.0,8.0,5.0,2.0,3.0,0.0,30.0,4.0,1.0,0.0,38.0,2.0,0.0,4.0,1.0,0.0,0.0,4.0,1.0,0.0,0.0,1.0,0.0,1.0,0.0,2.0,0.0,0.0,2.0,0.0,0.0,1.0,3.0,6.0,0.0,0.0,0.0,0.0,1.0,0.0,4.0,0.0,1.0,0.0,0.0,1.0,0.0,3.0,0.0,3.0,2.0,1.0,1.0,0.0,10.0,2.0,9.0,2.0,13.0,3.0,354.0,4.0,30.0,17.0,2.0,3.0,3.0,28.0,1.0,0.0,3.0,0.0,1.0,0.0,0.0,0.0,0.0,0.0,60.0,4.0,1.0,6.0,16.0,10.0,1.0,8.0,3.0,1.0,2.0,10.0,6.0,15.0,9.0,15.0,33.0,264.0,6.0,4.0,1.0,0.0,1.0,8.0,0.0,2.0,2.0,0.0,8.0,1.0,8.0,2.0,0.0,2.0,12.0,10.0,1.0,2.0,7.0,7.0,12.0,2.0,1.0,0.0,2.0,1.0,4.0,2.0,0.0,35.0,5.0,7.0,3.0,8.0,4.0,4.0,13.0,4.0,181.0,21.0,1.0,3.0,0.0,0.0,2.0,4.0,11.0,5.0,0.0,11.0,1.0,291.0,12.0,43.0,7.0,1.0,2.0,4.0,1.0,1.0,3.0,1.0,0.0,2.0,27.0,3.0,1.0,2.0,1.0,0.0,7.0,2.0,1.0,0.0,9.0,32.0,69.0,16.0,55.0,7.0,12.0,3.0,87.0,2.0,3.0,2.0,9.0,90.0,1.0,5.0,7.0,1.0,3.0,0.0,7.0,13.0,1.0,71.0,30.0,0.0,0.0,7.0,7.0,0.0,0.0,11.0,0.0,0.0,0.0,0.0,1.0,3.0,0.0,1.0,2.0,2.0,4.0,0.0,0.0,16.0,3.0,0.0,1.0,2.0,5.0,9.0,0.0,0.0,37.0,0.0,0.0,0.0,1.0,0.0,0.0,22.0,0.0,25.0,2.0,21.0,0.0,0.0,10.0,0.0,0.0,0.0,0.0,0.0,0.0,0.0,0.0,0.0,0.0,0.0,0.0,0.0,0.0,0.0,1.0,1.0,2.0,6.0,4.0,0.0,5.0,3.0,28.0,12.0,14.0,18.0,6.0,2.0,0.0,209.0,39.0,0.0,3.0,2.0,3.0,1.0,78.0,3.0,0.0,2.0,0.0,0.0,1.0,4.0,7.0,0.0,18.0,0.0,0.0,4.0,13.0,414.0,1.0,4.0,5.0,7.0,2.0,0.0,0.0,0.0,0.0,0.0,0.0,5.0,2.0,24.0,1.0,0.0,0.0,0.0,5.0,1.0,0.0,0.0,1.0,4.0,1.0,1.0,2.0,2.0,2.0,2.0,3.0,35.0,2.0,1.0,0.0,3.0,0.0,0.0,3.0,2.0,0.0,0.0,0.0,0.0,0.0,0.0,0.0,2.0,0.0,1.0,0.0,0.0,0.0,2.0,0.0,0.0,4.0,0.0,4.0,1.0,11.0,4.0,8.0,1.0,1.0,0.0,0.0,0.0,15.0,5.0,0.0,0.0,1.0,2.0,0.0,0.0,19.0,0.0,0.0,1.0,0.0,1.0,0.0,0.0,3.0,1.0,8.0,0.0,0.0,0.0,0.0,0.0,0.0,0.0,0.0,0.0,0.0,0.0,0.0,1.0,0.0,0.0,0.0,0.0,0.0,0.0,0.0,0.0,0.0,0.0,0.0,0.0,0.0,0.0,0.0,0.0,0.0,0.0,0.0,0.0,0.0,0.0,0.0,0.0,0.0,0.0,0.0,0.0,0.0,0.0,0.0,1.0,0.0,0.0,0.0,0.0,0.0,0.0,0.0,0.0,0.0,0.0,0.0,0.0,0.0,0.0,0.0,1.0,0.0,0.0,0.0,0.0,0.0,0.0,0.0,0.0,0.0,1.0,0.0,0.0,8.0,1.0,0.0,0.0,0.0,1.0,1.0,2.0,2.0,1.0,2.0,0.0,0.0,2.0,5.0,0.0,45.0,1.0,0.0,0.0,1.0,2.0,0.0,0.0,9.0,1.0,0.0,1.0,2.0,0.0,5.0,2.0,10.0,2.0,1.0,4.0,5.0,0.0,0.0,278.0,7.0,7.0,8.0,1.0,7.0,0.0,0.0,0.0,35.0
2008-09-01,3.0,1.0,0.0,5.0,1.0,0.0,8.0,1.0,1.0,0.0,0.0,86.0,0.0,13.0,0.0,0.0,0.0,0.0,15.0,19.0,0.0,0.0,0.0,0.0,0.0,0.0,353.0,12.0,14.0,27.0,0.0,4.0,0.0,0.0,0.0,0.0,52.0,17.0,3.0,26.0,4.0,5.0,6.0,2.0,0.0,3.0,2.0,5.0,20.0,9.0,13.0,1.0,39.0,0.0,13.0,0.0,3.0,5.0,0.0,4.0,0.0,37.0,4.0,2.0,4.0,16.0,0.0,2.0,1.0,0.0,0.0,1.0,1.0,1.0,0.0,0.0,0.0,0.0,0.0,0.0,1.0,0.0,1.0,1.0,0.0,0.0,2.0,8.0,8.0,0.0,2.0,0.0,0.0,0.0,0.0,3.0,0.0,0.0,0.0,2.0,0.0,3.0,0.0,0.0,0.0,0.0,0.0,0.0,2.0,5.0,1.0,2.0,3.0,1.0,3.0,233.0,4.0,16.0,18.0,20.0,3.0,3.0,10.0,0.0,2.0,0.0,0.0,0.0,0.0,0.0,0.0,2.0,0.0,25.0,3.0,0.0,3.0,11.0,2.0,0.0,1.0,1.0,3.0,0.0,1.0,0.0,5.0,4.0,5.0,15.0,116.0,1.0,3.0,0.0,0.0,0.0,1.0,2.0,0.0,0.0,1.0,8.0,1.0,2.0,0.0,1.0,0.0,15.0,8.0,2.0,0.0,5.0,9.0,6.0,1.0,0.0,1.0,2.0,0.0,4.0,3.0,0.0,20.0,2.0,2.0,1.0,6.0,4.0,2.0,6.0,2.0,78.0,10.0,0.0,0.0,0.0,1.0,1.0,3.0,7.0,3.0,2.0,9.0,2.0,330.0,14.0,15.0,8.0,5.0,0.0,0.0,2.0,0.0,0.0,0.0,0.0,2.0,17.0,2.0,0.0,4.0,25.0,0.0,2.0,1.0,0.0,1.0,9.0,72.0,18.0,7.0,29.0,6.0,9.0,1.0,49.0,1.0,0.0,1.0,6.0,61.0,1.0,9.0,4.0,0.0,1.0,1.0,4.0,13.0,0.0,31.0,21.0,0.0,0.0,9.0,3.0,0.0,0.0,10.0,0.0,0.0,0.0,0.0,0.0,5.0,0.0,0.0,0.0,2.0,4.0,0.0,2.0,8.0,5.0,0.0,2.0,2.0,1.0,3.0,0.0,0.0,26.0,0.0,0.0,0.0,1.0,0.0,0.0,62.0,1.0,12.0,5.0,2.0,0.0,2.0,8.0,0.0,0.0,0.0,2.0,0.0,0.0,0.0,0.0,0.0,1.0,0.0,0.0,0.0,0.0,0.0,0.0,0.0,0.0,1.0,1.0,1.0,5.0,5.0,10.0,9.0,11.0,25.0,1.0,0.0,1.0,115.0,3.0,0.0,1.0,5.0,3.0,0.0,88.0,0.0,0.0,3.0,0.0,0.0,1.0,5.0,4.0,1.0,58.0,1.0,0.0,0.0,4.0,365.0,2.0,2.0,2.0,10.0,1.0,0.0,0.0,1.0,0.0,1.0,1.0,0.0,4.0,23.0,0.0,4.0,0.0,2.0,0.0,2.0,0.0,0.0,0.0,11.0,3.0,1.0,3.0,2.0,2.0,0.0,0.0,27.0,1.0,1.0,0.0,3.0,0.0,0.0,0.0,0.0,1.0,0.0,0.0,0.0,0.0,1.0,1.0,1.0,0.0,0.0,0.0,0.0,0.0,0.0,0.0,0.0,4.0,1.0,1.0,2.0,5.0,1.0,2.0,0.0,2.0,0.0,0.0,1.0,3.0,5.0,0.0,0.0,1.0,5.0,0.0,0.0,18.0,0.0,1.0,0.0,0.0,0.0,0.0,0.0,1.0,1.0,5.0,0.0,0.0,0.0,0.0,0.0,0.0,0.0,0.0,0.0,0.0,0.0,0.0,0.0,0.0,0.0,0.0,0.0,0.0,0.0,0.0,0.0,0.0,0.0,0.0,0.0,0.0,0.0,0.0,0.0,0.0,0.0,0.0,0.0,0.0,0.0,0.0,0.0,0.0,0.0,0.0,0.0,0.0,0.0,0.0,0.0,0.0,0.0,0.0,0.0,0.0,1.0,0.0,0.0,0.0,0.0,0.0,0.0,0.0,0.0,0.0,0.0,0.0,0.0,0.0,0.0,0.0,0.0,0.0,0.0,0.0,2.0,0.0,1.0,3.0,2.0,1.0,0.0,0.0,0.0,2.0,4.0,8.0,0.0,2.0,1.0,0.0,2.0,1.0,1.0,63.0,0.0,0.0,7.0,1.0,3.0,0.0,0.0,6.0,1.0,1.0,2.0,0.0,0.0,0.0,1.0,2.0,1.0,0.0,9.0,7.0,0.0,1.0,219.0,4.0,3.0,4.0,2.0,15.0,1.0,1.0,1.0,21.0
2008-10-01,3.0,1.0,0.0,3.0,0.0,2.0,24.0,1.0,0.0,0.0,12.0,103.0,5.0,20.0,0.0,0.0,0.0,0.0,79.0,17.0,1.0,0.0,5.0,1.0,0.0,0.0,217.0,16.0,7.0,21.0,0.0,46.0,0.0,3.0,1.0,0.0,96.0,18.0,1.0,14.0,7.0,11.0,17.0,3.0,0.0,2.0,9.0,41.0,16.0,6.0,16.0,3.0,173.0,0.0,27.0,0.0,5.0,19.0,8.0,6.0,1.0,42.0,8.0,1.0,0.0,4.0,0.0,0.0,0.0,0.0,0.0,0.0,1.0,1.0,0.0,0.0,0.0,2.0,2.0,2.0,2.0,1.0,0.0,2.0,0.0,0.0,1.0,7.0,2.0,0.0,1.0,0.0,0.0,0.0,0.0,4.0,0.0,0.0,0.0,1.0,2.0,0.0,1.0,0.0,1.0,1.0,0.0,0.0,1.0,4.0,0.0,4.0,8.0,2.0,1.0,184.0,5.0,12.0,2.0,7.0,6.0,1.0,7.0,2.0,0.0,1.0,0.0,0.0,0.0,2.0,0.0,1.0,1.0,17.0,1.0,0.0,1.0,4.0,1.0,2.0,3.0,0.0,0.0,1.0,8.0,5.0,21.0,2.0,2.0,12.0,91.0,0.0,0.0,0.0,0.0,0.0,1.0,0.0,2.0,0.0,5.0,8.0,3.0,0.0,0.0,1.0,0.0,3.0,5.0,0.0,0.0,0.0,8.0,5.0,1.0,0.0,1.0,6.0,0.0,0.0,1.0,0.0,11.0,3.0,2.0,1.0,2.0,7.0,1.0,4.0,4.0,57.0,12.0,0.0,2.0,0.0,2.0,2.0,2.0,9.0,0.0,2.0,16.0,2.0,192.0,10.0,2.0,7.0,7.0,1.0,5.0,2.0,3.0,2.0,0.0,3.0,4.0,24.0,1.0,3.0,7.0,50.0,0.0,2.0,1.0,2.0,1.0,18.0,340.0,83.0,3.0,25.0,1.0,7.0,1.0,66.0,1.0,2.0,0.0,8.0,100.0,2.0,8.0,10.0,0.0,2.0,0.0,11.0,14.0,0.0,110.0,30.0,0.0,0.0,25.0,10.0,0.0,0.0,4.0,0.0,0.0,0.0,0.0,2.0,5.0,0.0,0.0,1.0,5.0,5.0,0.0,0.0,6.0,5.0,0.0,0.0,4.0,2.0,3.0,0.0,0.0,27.0,0.0,0.0,0.0,1.0,0.0,0.0,143.0,4.0,25.0,49.0,4.0,0.0,3.0,8.0,0.0,0.0,0.0,0.0,0.0,0.0,0.0,1.0,0.0,0.0,0.0,0.0,0.0,0.0,0.0,5.0,1.0,0.0,3.0,0.0,1.0,3.0,4.0,3.0,3.0,45.0,32.0,5.0,0.0,0.0,195.0,25.0,0.0,3.0,1.0,7.0,0.0,91.0,6.0,1.0,3.0,0.0,0.0,0.0,19.0,8.0,1.0,33.0,1.0,0.0,6.0,4.0,547.0,2.0,1.0,5.0,8.0,0.0,0.0,4.0,0.0,0.0,0.0,2.0,1.0,3.0,11.0,1.0,4.0,0.0,2.0,1.0,2.0,1.0,0.0,0.0,3.0,2.0,2.0,2.0,1.0,4.0,0.0,3.0,42.0,0.0,0.0,2.0,2.0,0.0,0.0,0.0,0.0,0.0,0.0,0.0,0.0,1.0,0.0,0.0,1.0,0.0,0.0,3.0,0.0,0.0,1.0,1.0,0.0,4.0,1.0,6.0,3.0,11.0,5.0,6.0,0.0,2.0,0.0,1.0,0.0,1.0,7.0,0.0,1.0,0.0,15.0,0.0,0.0,1.0,0.0,1.0,0.0,0.0,0.0,0.0,0.0,2.0,2.0,15.0,0.0,1.0,0.0,0.0,0.0,0.0,0.0,0.0,0.0,0.0,0.0,0.0,0.0,0.0,0.0,1.0,0.0,0.0,0.0,0.0,0.0,0.0,1.0,0.0,0.0,0.0,0.0,0.0,0.0,0.0,0.0,0.0,0.0,0.0,0.0,0.0,0.0,0.0,0.0,0.0,0.0,0.0,0.0,1.0,0.0,0.0,0.0,0.0,0.0,0.0,0.0,0.0,0.0,0.0,1.0,0.0,0.0,0.0,0.0,0.0,0.0,0.0,0.0,0.0,0.0,0.0,0.0,0.0,0.0,0.0,3.0,1.0,1.0,8.0,6.0,0.0,0.0,0.0,0.0,4.0,0.0,20.0,0.0,0.0,3.0,0.0,0.0,4.0,1.0,65.0,2.0,0.0,2.0,2.0,0.0,0.0,1.0,5.0,0.0,1.0,0.0,0.0,0.0,3.0,1.0,3.0,3.0,0.0,6.0,3.0,0.0,2.0,517.0,0.0,6.0,9.0,2.0,11.0,1.0,1.0,0.0,24.0
2008-11-01,14.0,24.0,4.0,11.0,0.0,1.0,68.0,4.0,0.0,0.0,37.0,313.0,8.0,30.0,0.0,0.0,0.0,0.0,88.0,34.0,0.0,1.0,102.0,2.0,0.0,1.0,275.0,13.0,23.0,4.0,3.0,25.0,0.0,2.0,1.0,1.0,127.0,10.0,2.0,15.0,7.0,6.0,15.0,12.0,6.0,9.0,7.0,29.0,30.0,9.0,23.0,14.0,203.0,0.0,50.0,0.0,18.0,34.0,37.0,11.0,5.0,48.0,4.0,7.0,1.0,3.0,0.0,0.0,1.0,0.0,8.0,18.0,4.0,0.0,1.0,0.0,1.0,2.0,0.0,0.0,1.0,8.0,1.0,10.0,0.0,1.0,10.0,10.0,4.0,0.0,0.0,0.0,1.0,0.0,0.0,2.0,0.0,0.0,0.0,0.0,6.0,0.0,1.0,0.0,1.0,1.0,0.0,0.0,0.0,2.0,7.0,8.0,6.0,0.0,1.0,183.0,5.0,17.0,6.0,3.0,1.0,0.0,3.0,6.0,1.0,2.0,0.0,2.0,2.0,2.0,0.0,1.0,0.0,17.0,1.0,0.0,0.0,11.0,2.0,2.0,1.0,3.0,0.0,2.0,14.0,7.0,17.0,1.0,6.0,7.0,104.0,1.0,0.0,1.0,0.0,0.0,1.0,0.0,1.0,2.0,2.0,11.0,1.0,0.0,0.0,0.0,4.0,1.0,0.0,0.0,0.0,2.0,1.0,3.0,0.0,2.0,2.0,5.0,2.0,2.0,0.0,0.0,6.0,0.0,5.0,0.0,4.0,2.0,6.0,3.0,7.0,55.0,8.0,1.0,1.0,0.0,3.0,2.0,0.0,6.0,0.0,4.0,9.0,3.0,198.0,1.0,3.0,4.0,6.0,3.0,9.0,3.0,0.0,3.0,3.0,0.0,10.0,67.0,3.0,6.0,7.0,24.0,0.0,2.0,1.0,1.0,0.0,8.0,566.0,103.0,2.0,36.0,0.0,10.0,6.0,32.0,2.0,0.0,2.0,9.0,104.0,20.0,23.0,56.0,0.0,13.0,2.0,4.0,14.0,0.0,194.0,37.0,0.0,0.0,27.0,4.0,0.0,2.0,10.0,0.0,0.0,0.0,0.0,1.0,5.0,2.0,3.0,2.0,25.0,6.0,3.0,1.0,46.0,7.0,0.0,2.0,93.0,4.0,14.0,0.0,0.0,56.0,4.0,0.0,1.0,1.0,0.0,0.0,237.0,4.0,22.0,115.0,14.0,2.0,1.0,9.0,0.0,0.0,2.0,1.0,1.0,0.0,0.0,0.0,0.0,0.0,0.0,0.0,0.0,0.0,0.0,21.0,2.0,0.0,7.0,6.0,3.0,6.0,3.0,7.0,10.0,165.0,77.0,4.0,5.0,7.0,386.0,61.0,0.0,2.0,0.0,2.0,0.0,82.0,3.0,1.0,12.0,0.0,0.0,0.0,25.0,17.0,1.0,48.0,7.0,0.0,10.0,4.0,958.0,1.0,1.0,13.0,9.0,1.0,2.0,1.0,2.0,0.0,0.0,0.0,1.0,0.0,6.0,0.0,1.0,2.0,0.0,1.0,2.0,0.0,1.0,1.0,3.0,1.0,0.0,3.0,2.0,2.0,0.0,7.0,83.0,0.0,0.0,1.0,1.0,0.0,0.0,0.0,0.0,0.0,1.0,0.0,0.0,0.0,0.0,2.0,2.0,0.0,0.0,2.0,0.0,0.0,4.0,0.0,2.0,8.0,0.0,5.0,8.0,4.0,2.0,12.0,0.0,4.0,1.0,0.0,0.0,12.0,9.0,0.0,1.0,3.0,18.0,0.0,0.0,0.0,0.0,0.0,0.0,0.0,0.0,0.0,0.0,5.0,2.0,19.0,0.0,0.0,0.0,0.0,0.0,0.0,0.0,0.0,0.0,0.0,0.0,0.0,3.0,0.0,0.0,0.0,1.0,0.0,0.0,1.0,0.0,0.0,0.0,0.0,0.0,0.0,0.0,0.0,0.0,0.0,1.0,0.0,0.0,0.0,0.0,1.0,0.0,0.0,0.0,0.0,0.0,0.0,0.0,0.0,0.0,0.0,0.0,0.0,0.0,0.0,0.0,0.0,0.0,0.0,0.0,0.0,0.0,0.0,0.0,0.0,1.0,0.0,0.0,0.0,0.0,0.0,0.0,0.0,0.0,0.0,2.0,1.0,1.0,16.0,8.0,3.0,0.0,0.0,1.0,10.0,2.0,27.0,1.0,7.0,10.0,0.0,5.0,9.0,0.0,113.0,2.0,7.0,5.0,4.0,3.0,0.0,1.0,4.0,0.0,2.0,2.0,0.0,0.0,1.0,37.0,7.0,9.0,0.0,12.0,4.0,0.0,2.0,707.0,0.0,4.0,10.0,12.0,62.0,2.0,0.0,1.0,15.0
2008-12-01,101.0,81.0,19.0,28.0,15.0,60.0,115.0,13.0,0.0,0.0,25.0,618.0,11.0,15.0,0.0,2.0,0.0,0.0,131.0,149.0,2.0,3.0,81.0,5.0,3.0,1.0,255.0,13.0,27.0,8.0,6.0,22.0,0.0,2.0,1.0,0.0,122.0,17.0,6.0,13.0,3.0,9.0,28.0,52.0,24.0,43.0,13.0,75.0,68.0,22.0,175.0,57.0,24.0,0.0,62.0,2.0,81.0,60.0,77.0,32.0,56.0,58.0,5.0,8.0,2.0,9.0,1.0,0.0,2.0,2.0,0.0,8.0,9.0,3.0,13.0,2.0,1.0,0.0,1.0,0.0,7.0,7.0,5.0,6.0,1.0,0.0,0.0,12.0,1.0,0.0,0.0,0.0,0.0,2.0,0.0,14.0,2.0,0.0,0.0,2.0,8.0,1.0,0.0,0.0,5.0,3.0,6.0,10.0,1.0,2.0,7.0,20.0,11.0,1.0,1.0,238.0,1.0,29.0,12.0,24.0,0.0,1.0,4.0,1.0,18.0,10.0,1.0,4.0,0.0,8.0,0.0,2.0,4.0,34.0,2.0,4.0,11.0,71.0,8.0,1.0,25.0,8.0,7.0,1.0,24.0,0.0,26.0,4.0,10.0,14.0,183.0,4.0,6.0,10.0,4.0,1.0,3.0,0.0,2.0,3.0,1.0,10.0,2.0,0.0,0.0,0.0,0.0,0.0,0.0,0.0,0.0,0.0,5.0,2.0,0.0,3.0,0.0,6.0,1.0,7.0,3.0,1.0,6.0,3.0,2.0,1.0,3.0,9.0,1.0,3.0,7.0,39.0,19.0,0.0,0.0,1.0,1.0,2.0,3.0,12.0,0.0,0.0,5.0,1.0,191.0,3.0,4.0,4.0,0.0,2.0,4.0,2.0,1.0,22.0,4.0,4.0,12.0,77.0,3.0,2.0,14.0,12.0,2.0,13.0,2.0,6.0,3.0,8.0,305.0,41.0,3.0,16.0,1.0,20.0,5.0,32.0,1.0,0.0,2.0,3.0,147.0,79.0,5.0,310.0,0.0,39.0,0.0,16.0,16.0,0.0,152.0,45.0,0.0,0.0,20.0,5.0,6.0,7.0,10.0,0.0,0.0,0.0,1.0,1.0,9.0,4.0,3.0,5.0,17.0,9.0,0.0,1.0,18.0,5.0,3.0,1.0,170.0,33.0,19.0,0.0,1.0,79.0,3.0,1.0,0.0,3.0,0.0,0.0,117.0,12.0,62.0,16.0,28.0,3.0,0.0,3.0,2.0,1.0,0.0,2.0,0.0,2.0,0.0,0.0,0.0,0.0,0.0,0.0,0.0,0.0,0.0,4.0,1.0,1.0,16.0,5.0,2.0,7.0,14.0,45.0,24.0,217.0,113.0,25.0,4.0,10.0,703.0,84.0,0.0,13.0,0.0,6.0,1.0,75.0,8.0,1.0,4.0,1.0,0.0,3.0,21.0,22.0,8.0,159.0,8.0,1.0,4.0,18.0,2125.0,4.0,1.0,17.0,11.0,0.0,1.0,0.0,1.0,4.0,6.0,0.0,1.0,2.0,42.0,0.0,2.0,1.0,2.0,1.0,6.0,0.0,2.0,0.0,33.0,1.0,0.0,2.0,8.0,0.0,2.0,21.0,107.0,0.0,0.0,2.0,5.0,1.0,1.0,0.0,0.0,0.0,0.0,2.0,0.0,0.0,8.0,2.0,4.0,0.0,1.0,3.0,0.0,0.0,3.0,0.0,2.0,15.0,3.0,3.0,4.0,40.0,6.0,9.0,2.0,1.0,1.0,0.0,0.0,16.0,44.0,1.0,5.0,1.0,28.0,0.0,0.0,1.0,0.0,0.0,0.0,0.0,0.0,0.0,0.0,0.0,0.0,21.0,0.0,0.0,0.0,0.0,1.0,0.0,0.0,1.0,0.0,0.0,0.0,0.0,8.0,0.0,0.0,0.0,1.0,0.0,0.0,0.0,0.0,0.0,3.0,0.0,0.0,0.0,0.0,2.0,0.0,0.0,1.0,0.0,0.0,0.0,1.0,0.0,0.0,0.0,0.0,0.0,0.0,0.0,0.0,0.0,0.0,0.0,0.0,0.0,0.0,0.0,0.0,0.0,0.0,0.0,1.0,0.0,0.0,0.0,1.0,0.0,0.0,0.0,0.0,0.0,0.0,0.0,0.0,0.0,0.0,1.0,9.0,0.0,2.0,16.0,2.0,0.0,2.0,0.0,3.0,7.0,1.0,52.0,25.0,61.0,16.0,0.0,13.0,28.0,2.0,110.0,3.0,32.0,11.0,18.0,10.0,0.0,39.0,35.0,4.0,0.0,12.0,4.0,1.0,6.0,19.0,3.0,44.0,1.0,34.0,41.0,0.0,1.0,1041.0,6.0,11.0,25.0,11.0,35.0,2.0,2.0,3.0,44.0
2009-01-01,56.0,167.0,66.0,89.0,120.0,29.0,221.0,29.0,4.0,3.0,48.0,2926.0,63.0,36.0,0.0,0.0,0.0,0.0,123.0,108.0,2.0,0.0,111.0,7.0,0.0,0.0,588.0,25.0,21.0,37.0,13.0,42.0,0.0,4.0,2.0,4.0,307.0,64.0,10.0,62.0,9.0,35.0,26.0,32.0,5.0,25.0,50.0,56.0,41.0,53.0,82.0,43.0,169.0,0.0,227.0,0.0,46.0,104.0,120.0,13.0,6.0,91.0,12.0,5.0,0.0,11.0,1.0,3.0,0.0,5.0,0.0,14.0,37.0,5.0,13.0,2.0,2.0,2.0,0.0,3.0,18.0,20.0,5.0,7.0,0.0,3.0,3.0,40.0,4.0,1.0,3.0,1.0,0.0,3.0,3.0,61.0,0.0,5.0,1.0,4.0,10.0,1.0,1.0,0.0,12.0,1.0,4.0,4.0,1.0,1.0,1.0,24.0,1.0,6.0,4.0,485.0,5.0,21.0,2.0,3.0,10.0,0.0,3.0,0.0,0.0,1.0,0.0,0.0,0.0,16.0,1.0,4.0,3.0,16.0,1.0,1.0,4.0,0.0,0.0,0.0,1.0,0.0,0.0,0.0,15.0,0.0,16.0,4.0,1.0,17.0,131.0,2.0,4.0,1.0,1.0,0.0,0.0,0.0,3.0,2.0,0.0,12.0,0.0,2.0,0.0,0.0,0.0,5.0,1.0,1.0,0.0,3.0,1.0,13.0,0.0,1.0,14.0,12.0,0.0,1.0,0.0,1.0,15.0,2.0,3.0,1.0,4.0,5.0,4.0,3.0,6.0,51.0,5.0,0.0,0.0,0.0,3.0,0.0,5.0,12.0,0.0,7.0,8.0,0.0,199.0,1.0,8.0,2.0,4.0,4.0,4.0,5.0,0.0,0.0,1.0,2.0,12.0,54.0,11.0,4.0,61.0,28.0,10.0,2.0,0.0,46.0,56.0,38.0,672.0,506.0,45.0,118.0,4.0,59.0,82.0,413.0,6.0,1.0,11.0,25.0,283.0,75.0,119.0,2570.0,0.0,53.0,6.0,401.0,546.0,2.0,776.0,186.0,0.0,1.0,59.0,13.0,2.0,5.0,16.0,0.0,0.0,0.0,1.0,8.0,14.0,108.0,14.0,34.0,102.0,24.0,0.0,2.0,258.0,20.0,6.0,3.0,213.0,4.0,65.0,1.0,1.0,507.0,9.0,0.0,0.0,5.0,13.0,1.0,496.0,22.0,596.0,92.0,184.0,38.0,1.0,6.0,1.0,0.0,5.0,5.0,0.0,0.0,0.0,4.0,0.0,0.0,0.0,0.0,0.0,0.0,2.0,21.0,4.0,2.0,34.0,6.0,11.0,19.0,14.0,455.0,764.0,720.0,278.0,35.0,9.0,8.0,648.0,113.0,2.0,13.0,2.0,15.0,9.0,97.0,37.0,9.0,13.0,1.0,0.0,8.0,26.0,32.0,70.0,118.0,2.0,5.0,4.0,12.0,1295.0,2.0,102.0,45.0,71.0,3.0,20.0,2.0,0.0,3.0,1.0,0.0,5.0,6.0,51.0,1.0,0.0,2.0,1.0,1.0,1.0,4.0,1.0,2.0,7.0,2.0,1.0,20.0,25.0,3.0,0.0,15.0,91.0,0.0,1.0,1.0,3.0,0.0,0.0,1.0,1.0,0.0,2.0,5.0,1.0,0.0,43.0,7.0,6.0,0.0,6.0,2.0,0.0,0.0,5.0,1.0,2.0,33.0,1.0,11.0,10.0,184.0,12.0,10.0,4.0,8.0,4.0,1.0,0.0,12.0,19.0,0.0,9.0,4.0,25.0,0.0,1.0,1.0,1.0,0.0,1.0,0.0,0.0,1.0,1.0,11.0,1.0,19.0,0.0,0.0,0.0,0.0,0.0,0.0,0.0,0.0,0.0,0.0,0.0,0.0,25.0,0.0,0.0,0.0,3.0,0.0,0.0,0.0,0.0,0.0,1.0,0.0,0.0,0.0,3.0,0.0,0.0,0.0,6.0,0.0,0.0,0.0,0.0,0.0,0.0,0.0,0.0,0.0,0.0,4.0,0.0,0.0,0.0,0.0,0.0,0.0,0.0,0.0,2.0,0.0,0.0,0.0,1.0,1.0,0.0,1.0,0.0,0.0,1.0,0.0,0.0,0.0,0.0,0.0,0.0,0.0,0.0,0.0,43.0,5.0,5.0,20.0,0.0,2.0,3.0,0.0,11.0,6.0,1.0,66.0,5.0,13.0,23.0,3.0,46.0,17.0,4.0,110.0,50.0,30.0,8.0,68.0,46.0,6.0,186.0,106.0,33.0,1.0,5.0,6.0,0.0,6.0,60.0,13.0,51.0,0.0,81.0,49.0,8.0,3.0,1790.0,36.0,26.0,36.0,5.0,162.0,1.0,1.0,0.0,82.0
2009-02-01,57.0,192.0,173.0,214.0,209.0,50.0,273.0,73.0,9.0,3.0,18.0,6028.0,81.0,10.0,0.0,0.0,0.0,0.0,54.0,124.0,0.0,0.0,14.0,7.0,0.0,4.0,535.0,25.0,58.0,80.0,92.0,91.0,2.0,4.0,9.0,21.0,467.0,42.0,25.0,35.0,11.0,56.0,54.0,75.0,1.0,116.0,68.0,46.0,72.0,42.0,104.0,39.0,132.0,1.0,218.0,0.0,84.0,91.0,83.0,11.0,3.0,90.0,12.0,13.0,2.0,14.0,9.0,3.0,1.0,2.0,1.0,26.0,84.0,23.0,19.0,9.0,0.0,1.0,3.0,1.0,15.0,22.0,6.0,6.0,6.0,10.0,8.0,65.0,4.0,1.0,4.0,2.0,1.0,3.0,0.0,29.0,0.0,2.0,20.0,7.0,28.0,3.0,7.0,0.0,62.0,1.0,8.0,2.0,6.0,1.0,3.0,40.0,14.0,6.0,2.0,862.0,6.0,81.0,11.0,9.0,62.0,11.0,10.0,0.0,1.0,6.0,0.0,0.0,2.0,38.0,3.0,3.0,3.0,18.0,5.0,1.0,3.0,0.0,3.0,2.0,0.0,0.0,0.0,1.0,36.0,3.0,10.0,3.0,5.0,11.0,145.0,2.0,17.0,2.0,2.0,1.0,2.0,1.0,2.0,7.0,0.0,5.0,1.0,0.0,2.0,1.0,1.0,1.0,0.0,2.0,1.0,1.0,3.0,8.0,0.0,2.0,9.0,18.0,3.0,4.0,0.0,3.0,20.0,2.0,1.0,3.0,3.0,6.0,3.0,7.0,7.0,83.0,3.0,0.0,1.0,0.0,1.0,0.0,3.0,25.0,0.0,3.0,16.0,0.0,208.0,1.0,9.0,5.0,1.0,2.0,8.0,6.0,5.0,5.0,1.0,3.0,10.0,69.0,6.0,8.0,236.0,137.0,66.0,4.0,5.0,175.0,74.0,71.0,1638.0,887.0,123.0,386.0,17.0,145.0,126.0,927.0,4.0,3.0,8.0,142.0,616.0,106.0,240.0,3802.0,8.0,184.0,1.0,325.0,802.0,18.0,4099.0,886.0,1.0,2.0,56.0,113.0,0.0,4.0,20.0,0.0,3.0,0.0,2.0,20.0,34.0,123.0,4.0,142.0,198.0,86.0,1.0,9.0,395.0,21.0,2.0,15.0,243.0,32.0,264.0,0.0,1.0,1491.0,31.0,0.0,1.0,4.0,31.0,0.0,635.0,15.0,1606.0,247.0,309.0,88.0,8.0,41.0,0.0,4.0,1.0,0.0,0.0,0.0,1.0,0.0,0.0,0.0,0.0,0.0,2.0,1.0,0.0,49.0,9.0,3.0,104.0,10.0,23.0,22.0,8.0,1210.0,861.0,791.0,176.0,106.0,11.0,4.0,2489.0,77.0,4.0,16.0,3.0,12.0,0.0,63.0,50.0,2.0,12.0,0.0,0.0,5.0,22.0,23.0,108.0,31.0,7.0,1.0,2.0,9.0,1421.0,9.0,51.0,50.0,113.0,6.0,6.0,3.0,1.0,5.0,7.0,5.0,4.0,5.0,112.0,0.0,8.0,5.0,1.0,6.0,1.0,1.0,0.0,0.0,15.0,2.0,1.0,4.0,26.0,2.0,0.0,5.0,152.0,1.0,0.0,1.0,7.0,0.0,4.0,2.0,1.0,0.0,0.0,2.0,0.0,0.0,73.0,0.0,6.0,0.0,5.0,1.0,0.0,1.0,18.0,3.0,4.0,17.0,1.0,20.0,16.0,104.0,13.0,17.0,2.0,13.0,1.0,1.0,1.0,9.0,29.0,0.0,4.0,2.0,23.0,0.0,0.0,5.0,0.0,0.0,0.0,1.0,1.0,0.0,2.0,6.0,5.0,33.0,2.0,1.0,0.0,0.0,1.0,0.0,0.0,0.0,0.0,0.0,0.0,0.0,20.0,0.0,0.0,3.0,0.0,0.0,0.0,0.0,0.0,0.0,1.0,0.0,0.0,0.0,0.0,0.0,0.0,0.0,1.0,0.0,0.0,1.0,0.0,0.0,0.0,2.0,1.0,0.0,0.0,1.0,0.0,0.0,1.0,0.0,0.0,0.0,0.0,0.0,1.0,0.0,0.0,0.0,0.0,0.0,1.0,0.0,0.0,0.0,8.0,0.0,0.0,0.0,0.0,0.0,0.0,1.0,0.0,1.0,484.0,2.0,11.0,26.0,9.0,5.0,1.0,1.0,49.0,19.0,3.0,86.0,1.0,33.0,39.0,0.0,103.0,21.0,3.0,94.0,82.0,66.0,19.0,137.0,96.0,15.0,122.0,255.0,159.0,3.0,9.0,16.0,0.0,2.0,62.0,44.0,94.0,3.0,56.0,82.0,2.0,5.0,2809.0,24.0,31.0,40.0,2.0,341.0,3.0,3.0,7.0,87.0
2009-03-01,110.0,232.0,457.0,311.0,155.0,308.0,492.0,153.0,6.0,6.0,7.0,5008.0,71.0,12.0,0.0,0.0,0.0,0.0,39.0,117.0,1.0,0.0,5.0,9.0,1.0,1.0,453.0,25.0,45.0,45.0,93.0,96.0,1.0,3.0,4.0,37.0,513.0,50.0,19.0,36.0,19.0,54.0,65.0,195.0,13.0,114.0,77.0,39.0,48.0,100.0,135.0,94.0,61.0,0.0,314.0,1.0,144.0,71.0,78.0,10.0,7.0,131.0,26.0,24.0,1.0,14.0,16.0,5.0,7.0,5.0,11.0,144.0,126.0,30.0,43.0,23.0,11.0,10.0,20.0,8.0,100.0,24.0,11.0,13.0,2.0,10.0,26.0,195.0,6.0,4.0,3.0,5.0,1.0,7.0,2.0,39.0,0.0,4.0,172.0,55.0,72.0,2.0,3.0,0.0,79.0,2.0,15.0,19.0,5.0,8.0,1.0,128.0,17.0,11.0,30.0,1689.0,45.0,254.0,45.0,116.0,56.0,30.0,57.0,9.0,2.0,39.0,7.0,2.0,9.0,9.0,6.0,78.0,21.0,23.0,18.0,2.0,27.0,3.0,7.0,3.0,1.0,3.0,1.0,0.0,45.0,7.0,40.0,18.0,5.0,58.0,374.0,1.0,29.0,7.0,2.0,3.0,1.0,2.0,6.0,11.0,0.0,13.0,3.0,1.0,0.0,4.0,2.0,1.0,3.0,0.0,0.0,8.0,1.0,20.0,0.0,7.0,41.0,23.0,1.0,11.0,2.0,0.0,32.0,3.0,4.0,3.0,8.0,35.0,7.0,6.0,26.0,130.0,13.0,0.0,0.0,1.0,0.0,1.0,21.0,72.0,0.0,7.0,121.0,3.0,388.0,11.0,13.0,12.0,23.0,10.0,29.0,15.0,27.0,19.0,8.0,5.0,19.0,329.0,23.0,13.0,838.0,323.0,282.0,43.0,15.0,392.0,124.0,232.0,3762.0,1590.0,554.0,1756.0,65.0,358.0,220.0,1546.0,31.0,7.0,28.0,569.0,2558.0,447.0,374.0,3534.0,50.0,223.0,21.0,782.0,1054.0,44.0,11966.0,1228.0,0.0,15.0,75.0,47.0,2.0,11.0,57.0,0.0,16.0,1.0,8.0,51.0,34.0,157.0,78.0,281.0,207.0,282.0,2.0,37.0,353.0,104.0,5.0,107.0,694.0,30.0,788.0,2.0,6.0,5415.0,93.0,1.0,4.0,4.0,32.0,1.0,1011.0,62.0,2808.0,394.0,339.0,131.0,105.0,260.0,6.0,2.0,1.0,2.0,0.0,7.0,0.0,1.0,0.0,0.0,0.0,0.0,0.0,3.0,6.0,313.0,25.0,17.0,265.0,20.0,146.0,145.0,51.0,1049.0,186.0,389.0,74.0,188.0,16.0,16.0,5795.0,336.0,1.0,6.0,5.0,17.0,2.0,52.0,118.0,0.0,20.0,2.0,0.0,2.0,18.0,41.0,152.0,26.0,3.0,1.0,133.0,4.0,1041.0,18.0,110.0,165.0,336.0,13.0,10.0,3.0,1.0,19.0,52.0,7.0,3.0,13.0,411.0,4.0,8.0,3.0,8.0,20.0,4.0,4.0,2.0,2.0,70.0,3.0,3.0,28.0,68.0,12.0,3.0,8.0,212.0,0.0,5.0,12.0,141.0,8.0,12.0,0.0,0.0,0.0,1.0,0.0,0.0,1.0,34.0,5.0,8.0,0.0,12.0,1.0,0.0,0.0,46.0,1.0,6.0,58.0,8.0,32.0,32.0,201.0,5.0,15.0,3.0,86.0,1.0,3.0,2.0,16.0,65.0,0.0,16.0,3.0,40.0,1.0,0.0,10.0,1.0,0.0,0.0,1.0,2.0,0.0,1.0,70.0,5.0,58.0,1.0,0.0,0.0,0.0,1.0,0.0,0.0,0.0,0.0,0.0,0.0,0.0,23.0,0.0,0.0,0.0,1.0,0.0,0.0,0.0,0.0,0.0,1.0,0.0,0.0,0.0,2.0,3.0,0.0,1.0,2.0,0.0,1.0,0.0,2.0,0.0,0.0,0.0,0.0,0.0,0.0,1.0,1.0,0.0,0.0,0.0,0.0,0.0,0.0,0.0,0.0,0.0,0.0,0.0,2.0,0.0,0.0,1.0,0.0,0.0,4.0,0.0,0.0,0.0,0.0,0.0,0.0,0.0,0.0,0.0,2192.0,5.0,20.0,82.0,6.0,22.0,5.0,26.0,136.0,104.0,8.0,125.0,4.0,16.0,90.0,18.0,273.0,98.0,7.0,78.0,179.0,233.0,88.0,464.0,240.0,42.0,50.0,1060.0,536.0,15.0,36.0,86.0,4.0,6.0,78.0,90.0,125.0,0.0,131.0,100.0,1.0,16.0,4376.0,91.0,50.0,159.0,6.0,687.0,6.0,4.0,16.0,114.0
2009-04-01,25.0,86.0,59.0,160.0,111.0,185.0,222.0,47.0,0.0,0.0,4.0,1314.0,83.0,4.0,0.0,0.0,0.0,0.0,11.0,47.0,0.0,0.0,0.0,7.0,0.0,0.0,188.0,46.0,10.0,18.0,28.0,45.0,0.0,1.0,2.0,12.0,244.0,22.0,9.0,20.0,13.0,27.0,18.0,140.0,29.0,160.0,52.0,42.0,40.0,72.0,84.0,29.0,31.0,1.0,138.0,0.0,50.0,75.0,44.0,8.0,5.0,181.0,10.0,17.0,0.0,14.0,4.0,10.0,3.0,3.0,8.0,40.0,57.0,58.0,35.0,11.0,3.0,8.0,10.0,12.0,54.0,20.0,5.0,14.0,0.0,10.0,8.0,211.0,5.0,8.0,2.0,3.0,0.0,7.0,0.0,66.0,0.0,14.0,130.0,193.0,20.0,3.0,2.0,0.0,24.0,0.0,4.0,9.0,3.0,1.0,2.0,101.0,16.0,0.0,7.0,560.0,8.0,75.0,16.0,20.0,14.0,2.0,27.0,3.0,0.0,13.0,3.0,1.0,9.0,5.0,2.0,50.0,15.0,37.0,1.0,1.0,9.0,0.0,3.0,0.0,1.0,1.0,3.0,0.0,2.0,2.0,43.0,13.0,7.0,26.0,285.0,3.0,24.0,4.0,7.0,1.0,5.0,2.0,6.0,11.0,0.0,5.0,0.0,2.0,0.0,0.0,2.0,12.0,1.0,1.0,1.0,3.0,3.0,27.0,3.0,4.0,22.0,11.0,2.0,20.0,19.0,0.0,12.0,7.0,4.0,8.0,13.0,30.0,6.0,2.0,22.0,133.0,27.0,0.0,0.0,0.0,4.0,1.0,4.0,20.0,1.0,14.0,69.0,1.0,368.0,1.0,9.0,8.0,19.0,2.0,15.0,6.0,24.0,7.0,14.0,8.0,37.0,223.0,16.0,9.0,468.0,140.0,381.0,100.0,17.0,225.0,138.0,147.0,3032.0,731.0,643.0,1924.0,9.0,219.0,242.0,1229.0,20.0,7.0,28.0,282.0,1493.0,187.0,115.0,1578.0,47.0,128.0,18.0,450.0,488.0,8.0,5854.0,1559.0,3.0,6.0,56.0,47.0,2.0,10.0,103.0,0.0,8.0,2.0,2.0,18.0,52.0,108.0,220.0,127.0,79.0,214.0,1.0,50.0,152.0,82.0,7.0,86.0,747.0,59.0,629.0,0.0,2.0,6453.0,38.0,2.0,1.0,4.0,12.0,0.0,649.0,33.0,1613.0,117.0,301.0,28.0,110.0,179.0,39.0,2.0,3.0,2.0,0.0,3.0,1.0,1.0,0.0,0.0,0.0,0.0,1.0,1.0,0.0,154.0,61.0,42.0,277.0,12.0,254.0,207.0,56.0,456.0,62.0,135.0,47.0,112.0,27.0,7.0,6210.0,508.0,4.0,12.0,9.0,21.0,0.0,41.0,154.0,0.0,8.0,2.0,0.0,30.0,8.0,19.0,106.0,12.0,1.0,1.0,30.0,7.0,654.0,16.0,181.0,178.0,429.0,17.0,3.0,6.0,0.0,18.0,25.0,2.0,11.0,23.0,498.0,21.0,6.0,3.0,10.0,2.0,10.0,1.0,0.0,2.0,97.0,1.0,1.0,29.0,12.0,56.0,2.0,11.0,195.0,2.0,4.0,30.0,117.0,2.0,1.0,4.0,2.0,0.0,0.0,1.0,2.0,1.0,37.0,2.0,4.0,0.0,10.0,1.0,0.0,0.0,48.0,0.0,3.0,96.0,18.0,20.0,33.0,201.0,5.0,44.0,9.0,12.0,0.0,1.0,4.0,6.0,22.0,3.0,31.0,1.0,25.0,0.0,2.0,0.0,0.0,4.0,0.0,0.0,1.0,0.0,1.0,138.0,2.0,59.0,0.0,0.0,0.0,0.0,0.0,0.0,0.0,1.0,0.0,0.0,0.0,0.0,8.0,0.0,0.0,1.0,0.0,0.0,0.0,0.0,0.0,0.0,2.0,0.0,0.0,0.0,0.0,0.0,0.0,0.0,0.0,0.0,1.0,0.0,0.0,0.0,0.0,0.0,1.0,0.0,0.0,1.0,0.0,0.0,0.0,0.0,0.0,0.0,0.0,0.0,0.0,0.0,0.0,0.0,0.0,0.0,0.0,1.0,0.0,0.0,3.0,0.0,0.0,0.0,0.0,0.0,0.0,0.0,0.0,0.0,2211.0,10.0,18.0,189.0,13.0,29.0,6.0,17.0,182.0,329.0,10.0,86.0,6.0,13.0,185.0,37.0,451.0,248.0,61.0,41.0,191.0,265.0,88.0,846.0,170.0,144.0,92.0,6060.0,384.0,30.0,27.0,194.0,8.0,4.0,21.0,103.0,110.0,2.0,70.0,43.0,3.0,15.0,4327.0,78.0,47.0,103.0,12.0,485.0,5.0,4.0,43.0,115.0
2009-05-01,41.0,53.0,41.0,51.0,68.0,276.0,136.0,35.0,1.0,0.0,7.0,687.0,83.0,0.0,0.0,0.0,0.0,0.0,14.0,65.0,0.0,0.0,0.0,9.0,0.0,5.0,105.0,35.0,20.0,17.0,11.0,35.0,0.0,2.0,0.0,1.0,134.0,9.0,14.0,16.0,4.0,20.0,13.0,5.0,27.0,90.0,50.0,43.0,46.0,43.0,54.0,20.0,16.0,0.0,103.0,0.0,68.0,53.0,18.0,11.0,8.0,219.0,22.0,21.0,0.0,10.0,9.0,3.0,1.0,8.0,5.0,27.0,53.0,102.0,47.0,28.0,5.0,1.0,16.0,23.0,56.0,57.0,15.0,6.0,7.0,16.0,8.0,163.0,9.0,6.0,4.0,5.0,0.0,11.0,1.0,90.0,0.0,7.0,45.0,302.0,19.0,1.0,2.0,0.0,35.0,3.0,3.0,4.0,0.0,1.0,2.0,41.0,3.0,1.0,1.0,334.0,2.0,26.0,3.0,0.0,1.0,1.0,7.0,1.0,1.0,0.0,2.0,1.0,21.0,7.0,0.0,23.0,14.0,33.0,1.0,0.0,5.0,3.0,4.0,10.0,0.0,0.0,4.0,2.0,6.0,0.0,23.0,4.0,0.0,12.0,179.0,1.0,9.0,2.0,0.0,5.0,15.0,2.0,10.0,18.0,0.0,10.0,0.0,0.0,3.0,2.0,7.0,9.0,5.0,0.0,0.0,2.0,1.0,11.0,0.0,4.0,43.0,14.0,2.0,28.0,76.0,2.0,20.0,12.0,2.0,48.0,28.0,18.0,5.0,4.0,19.0,82.0,13.0,0.0,1.0,2.0,3.0,1.0,11.0,47.0,0.0,27.0,67.0,2.0,430.0,3.0,11.0,11.0,4.0,4.0,6.0,16.0,5.0,12.0,18.0,6.0,30.0,167.0,20.0,13.0,679.0,86.0,413.0,109.0,15.0,60.0,145.0,99.0,1670.0,211.0,221.0,689.0,21.0,66.0,140.0,457.0,8.0,5.0,6.0,51.0,892.0,113.0,28.0,413.0,15.0,63.0,7.0,235.0,300.0,1.0,1719.0,1085.0,3.0,2.0,44.0,63.0,4.0,13.0,91.0,0.0,1.0,3.0,1.0,16.0,37.0,145.0,793.0,72.0,20.0,202.0,3.0,29.0,102.0,58.0,2.0,24.0,475.0,77.0,464.0,0.0,11.0,3875.0,44.0,1.0,1.0,4.0,2.0,0.0,311.0,42.0,1231.0,130.0,190.0,45.0,123.0,70.0,34.0,1.0,0.0,3.0,0.0,0.0,1.0,1.0,0.0,0.0,0.0,0.0,1.0,0.0,3.0,44.0,42.0,26.0,175.0,13.0,193.0,152.0,53.0,128.0,37.0,72.0,24.0,151.0,19.0,5.0,7550.0,407.0,3.0,4.0,6.0,29.0,0.0,19.0,168.0,0.0,0.0,0.0,0.0,26.0,14.0,9.0,69.0,8.0,0.0,0.0,6.0,8.0,343.0,18.0,172.0,152.0,361.0,4.0,1.0,7.0,0.0,16.0,11.0,6.0,6.0,38.0,398.0,1.0,6.0,13.0,10.0,0.0,8.0,5.0,0.0,0.0,38.0,2.0,0.0,9.0,15.0,26.0,12.0,4.0,88.0,1.0,4.0,3.0,7.0,1.0,2.0,3.0,0.0,1.0,0.0,1.0,4.0,3.0,56.0,1.0,2.0,0.0,11.0,0.0,1.0,1.0,66.0,0.0,3.0,29.0,4.0,9.0,17.0,93.0,0.0,110.0,16.0,2.0,9.0,1.0,7.0,8.0,10.0,0.0,42.0,1.0,5.0,0.0,0.0,1.0,0.0,0.0,0.0,0.0,0.0,0.0,0.0,42.0,2.0,56.0,0.0,0.0,0.0,0.0,0.0,0.0,0.0,0.0,0.0,0.0,0.0,0.0,6.0,0.0,0.0,0.0,2.0,0.0,0.0,0.0,0.0,0.0,0.0,0.0,0.0,0.0,0.0,1.0,0.0,0.0,0.0,0.0,0.0,0.0,0.0,0.0,0.0,0.0,1.0,0.0,0.0,0.0,0.0,0.0,0.0,0.0,0.0,0.0,0.0,0.0,0.0,0.0,0.0,0.0,0.0,0.0,0.0,1.0,1.0,0.0,0.0,2.0,0.0,1.0,0.0,1.0,1.0,0.0,0.0,0.0,904.0,15.0,15.0,210.0,9.0,41.0,20.0,14.0,140.0,489.0,19.0,67.0,8.0,17.0,370.0,18.0,492.0,580.0,38.0,29.0,177.0,271.0,157.0,764.0,90.0,227.0,19.0,4626.0,223.0,16.0,37.0,502.0,2.0,31.0,22.0,72.0,86.0,0.0,65.0,50.0,2.0,5.0,3062.0,83.0,34.0,114.0,13.0,267.0,3.0,2.0,53.0,130.0
2009-06-01,33.0,21.0,39.0,44.0,14.0,203.0,45.0,16.0,0.0,0.0,1.0,221.0,75.0,3.0,0.0,0.0,0.0,0.0,3.0,41.0,0.0,0.0,0.0,3.0,0.0,6.0,50.0,15.0,5.0,26.0,8.0,42.0,0.0,0.0,0.0,6.0,109.0,7.0,12.0,12.0,7.0,13.0,7.0,13.0,18.0,10.0,19.0,14.0,18.0,19.0,21.0,6.0,31.0,0.0,62.0,1.0,31.0,28.0,18.0,19.0,2.0,213.0,6.0,11.0,0.0,12.0,6.0,0.0,1.0,2.0,0.0,12.0,26.0,24.0,18.0,8.0,6.0,0.0,7.0,21.0,24.0,16.0,3.0,5.0,2.0,8.0,5.0,157.0,6.0,1.0,12.0,10.0,0.0,32.0,0.0,62.0,0.0,38.0,18.0,263.0,7.0,1.0,0.0,0.0,21.0,3.0,0.0,10.0,0.0,1.0,2.0,37.0,15.0,0.0,1.0,179.0,3.0,14.0,2.0,3.0,0.0,0.0,20.0,1.0,1.0,2.0,4.0,0.0,17.0,6.0,1.0,10.0,0.0,5.0,0.0,1.0,10.0,11.0,2.0,1.0,1.0,3.0,1.0,1.0,1.0,0.0,13.0,7.0,3.0,7.0,91.0,0.0,18.0,5.0,0.0,0.0,5.0,0.0,8.0,2.0,0.0,1.0,1.0,2.0,0.0,1.0,0.0,40.0,3.0,0.0,1.0,1.0,4.0,18.0,0.0,1.0,85.0,8.0,0.0,32.0,30.0,1.0,24.0,13.0,1.0,48.0,85.0,10.0,4.0,2.0,15.0,28.0,20.0,0.0,0.0,4.0,3.0,0.0,26.0,36.0,0.0,20.0,49.0,1.0,56.0,2.0,9.0,5.0,0.0,1.0,3.0,4.0,0.0,8.0,1.0,4.0,7.0,84.0,17.0,1.0,391.0,51.0,457.0,82.0,7.0,24.0,33.0,46.0,516.0,95.0,50.0,235.0,1.0,17.0,26.0,156.0,4.0,5.0,9.0,11.0,445.0,38.0,12.0,65.0,2.0,31.0,1.0,54.0,35.0,2.0,466.0,184.0,1.0,1.0,17.0,20.0,3.0,10.0,47.0,0.0,1.0,0.0,0.0,4.0,10.0,54.0,459.0,38.0,9.0,51.0,0.0,4.0,40.0,10.0,3.0,11.0,100.0,25.0,83.0,0.0,3.0,747.0,10.0,0.0,1.0,1.0,1.0,0.0,110.0,23.0,172.0,22.0,50.0,4.0,19.0,15.0,3.0,0.0,1.0,0.0,0.0,0.0,0.0,0.0,0.0,0.0,0.0,0.0,0.0,0.0,0.0,6.0,4.0,1.0,8.0,8.0,37.0,45.0,13.0,63.0,7.0,26.0,23.0,40.0,5.0,4.0,2719.0,220.0,7.0,3.0,6.0,13.0,0.0,14.0,91.0,0.0,1.0,3.0,0.0,4.0,8.0,4.0,12.0,6.0,0.0,2.0,3.0,3.0,227.0,8.0,53.0,22.0,128.0,1.0,0.0,5.0,0.0,8.0,2.0,3.0,0.0,15.0,97.0,0.0,1.0,14.0,1.0,1.0,3.0,1.0,0.0,0.0,4.0,0.0,0.0,1.0,3.0,0.0,3.0,1.0,38.0,2.0,0.0,1.0,1.0,2.0,1.0,0.0,0.0,1.0,0.0,1.0,0.0,0.0,8.0,2.0,3.0,0.0,5.0,0.0,0.0,0.0,26.0,0.0,1.0,5.0,0.0,3.0,3.0,22.0,2.0,43.0,2.0,0.0,0.0,0.0,0.0,2.0,4.0,0.0,9.0,0.0,4.0,0.0,0.0,1.0,1.0,0.0,0.0,0.0,1.0,0.0,1.0,5.0,0.0,21.0,0.0,0.0,0.0,0.0,0.0,0.0,0.0,0.0,0.0,0.0,0.0,0.0,4.0,0.0,0.0,1.0,0.0,0.0,0.0,0.0,0.0,0.0,0.0,0.0,0.0,0.0,0.0,0.0,0.0,0.0,0.0,0.0,0.0,0.0,0.0,0.0,0.0,0.0,0.0,0.0,0.0,0.0,0.0,0.0,0.0,0.0,0.0,1.0,0.0,0.0,0.0,0.0,0.0,0.0,0.0,0.0,0.0,0.0,0.0,0.0,0.0,0.0,0.0,0.0,0.0,0.0,1.0,0.0,0.0,0.0,77.0,16.0,5.0,81.0,11.0,11.0,4.0,6.0,25.0,112.0,3.0,25.0,4.0,9.0,157.0,31.0,151.0,508.0,36.0,21.0,92.0,82.0,77.0,188.0,48.0,38.0,4.0,1243.0,31.0,10.0,24.0,249.0,2.0,28.0,4.0,23.0,37.0,0.0,34.0,26.0,0.0,6.0,1690.0,33.0,18.0,46.0,2.0,50.0,0.0,0.0,20.0,62.0
2009-07-01,21.0,7.0,27.0,38.0,4.0,170.0,37.0,11.0,1.0,0.0,0.0,99.0,38.0,5.0,0.0,0.0,0.0,0.0,7.0,44.0,0.0,0.0,0.0,4.0,0.0,18.0,70.0,3.0,4.0,74.0,3.0,24.0,0.0,0.0,0.0,3.0,53.0,5.0,5.0,14.0,3.0,11.0,3.0,7.0,23.0,6.0,6.0,8.0,6.0,7.0,2.0,2.0,18.0,0.0,37.0,0.0,8.0,10.0,1.0,8.0,0.0,141.0,0.0,6.0,1.0,5.0,1.0,1.0,0.0,2.0,0.0,2.0,4.0,5.0,3.0,1.0,3.0,3.0,2.0,3.0,15.0,5.0,2.0,0.0,1.0,3.0,2.0,101.0,1.0,5.0,6.0,15.0,4.0,54.0,1.0,32.0,0.0,63.0,75.0,138.0,1.0,1.0,0.0,0.0,4.0,0.0,0.0,1.0,1.0,0.0,4.0,5.0,3.0,0.0,3.0,108.0,2.0,6.0,3.0,1.0,1.0,0.0,29.0,1.0,0.0,0.0,0.0,3.0,4.0,2.0,1.0,4.0,0.0,1.0,2.0,0.0,5.0,1.0,1.0,0.0,0.0,3.0,1.0,0.0,1.0,1.0,19.0,10.0,6.0,2.0,60.0,3.0,6.0,5.0,0.0,0.0,3.0,0.0,1.0,0.0,0.0,5.0,0.0,0.0,1.0,1.0,1.0,26.0,6.0,0.0,2.0,2.0,1.0,26.0,1.0,15.0,82.0,11.0,1.0,16.0,5.0,1.0,20.0,13.0,1.0,8.0,41.0,10.0,14.0,2.0,20.0,44.0,13.0,0.0,1.0,1.0,4.0,1.0,23.0,17.0,0.0,40.0,11.0,0.0,89.0,6.0,6.0,2.0,2.0,1.0,0.0,1.0,3.0,1.0,2.0,3.0,6.0,46.0,3.0,2.0,70.0,12.0,117.0,24.0,17.0,22.0,7.0,34.0,162.0,45.0,61.0,258.0,0.0,15.0,11.0,70.0,2.0,4.0,3.0,13.0,408.0,33.0,12.0,65.0,1.0,9.0,1.0,19.0,4.0,0.0,248.0,47.0,1.0,6.0,10.0,10.0,1.0,1.0,37.0,0.0,0.0,0.0,1.0,1.0,3.0,20.0,255.0,26.0,11.0,19.0,0.0,0.0,20.0,1.0,1.0,2.0,27.0,11.0,42.0,0.0,1.0,197.0,2.0,0.0,0.0,1.0,0.0,0.0,27.0,15.0,34.0,14.0,15.0,0.0,3.0,1.0,0.0,0.0,1.0,0.0,0.0,0.0,0.0,0.0,0.0,0.0,0.0,0.0,0.0,0.0,0.0,1.0,2.0,0.0,2.0,1.0,4.0,14.0,6.0,32.0,4.0,14.0,11.0,9.0,2.0,2.0,793.0,55.0,1.0,1.0,4.0,1.0,0.0,1.0,44.0,0.0,1.0,0.0,0.0,1.0,3.0,2.0,6.0,2.0,0.0,0.0,1.0,0.0,175.0,4.0,24.0,16.0,47.0,2.0,0.0,3.0,1.0,2.0,0.0,0.0,0.0,4.0,26.0,1.0,2.0,4.0,1.0,0.0,1.0,1.0,0.0,0.0,4.0,0.0,0.0,3.0,4.0,1.0,1.0,1.0,18.0,0.0,0.0,0.0,0.0,0.0,0.0,0.0,0.0,0.0,0.0,0.0,0.0,0.0,4.0,0.0,0.0,0.0,0.0,1.0,0.0,0.0,7.0,0.0,2.0,12.0,2.0,1.0,0.0,25.0,3.0,26.0,2.0,4.0,2.0,0.0,0.0,3.0,1.0,0.0,6.0,1.0,1.0,0.0,0.0,3.0,0.0,0.0,0.0,0.0,0.0,0.0,1.0,1.0,3.0,5.0,0.0,0.0,0.0,0.0,0.0,0.0,0.0,0.0,0.0,0.0,0.0,0.0,3.0,0.0,0.0,0.0,0.0,0.0,0.0,0.0,0.0,0.0,0.0,0.0,0.0,0.0,0.0,0.0,0.0,0.0,0.0,0.0,0.0,0.0,0.0,0.0,0.0,0.0,0.0,0.0,0.0,0.0,0.0,0.0,0.0,0.0,0.0,0.0,0.0,0.0,0.0,0.0,0.0,0.0,0.0,0.0,0.0,0.0,0.0,0.0,0.0,0.0,0.0,0.0,0.0,0.0,0.0,0.0,0.0,0.0,20.0,7.0,6.0,59.0,4.0,4.0,8.0,3.0,17.0,38.0,0.0,58.0,10.0,13.0,77.0,44.0,134.0,506.0,30.0,7.0,58.0,29.0,41.0,57.0,36.0,10.0,0.0,612.0,12.0,5.0,10.0,128.0,6.0,16.0,1.0,14.0,25.0,1.0,12.0,12.0,4.0,14.0,1173.0,3.0,14.0,18.0,10.0,12.0,1.0,2.0,10.0,52.0
2009-08-01,15.0,0.0,31.0,69.0,4.0,141.0,54.0,5.0,0.0,0.0,1.0,70.0,47.0,2.0,0.0,0.0,0.0,0.0,1.0,31.0,0.0,0.0,0.0,0.0,0.0,40.0,110.0,2.0,9.0,45.0,0.0,3.0,0.0,0.0,1.0,0.0,57.0,5.0,7.0,6.0,7.0,8.0,3.0,12.0,21.0,2.0,10.0,1.0,2.0,4.0,2.0,2.0,5.0,0.0,38.0,0.0,2.0,4.0,2.0,10.0,1.0,100.0,4.0,4.0,0.0,2.0,0.0,1.0,0.0,2.0,0.0,13.0,5.0,2.0,3.0,2.0,1.0,1.0,1.0,0.0,11.0,12.0,0.0,1.0,0.0,3.0,1.0,79.0,1.0,1.0,5.0,0.0,6.0,40.0,0.0,6.0,0.0,127.0,22.0,38.0,2.0,0.0,0.0,0.0,14.0,2.0,0.0,0.0,0.0,0.0,2.0,15.0,3.0,0.0,0.0,64.0,1.0,4.0,1.0,4.0,1.0,0.0,0.0,0.0,0.0,1.0,0.0,0.0,4.0,4.0,0.0,5.0,1.0,3.0,4.0,0.0,1.0,0.0,1.0,1.0,0.0,0.0,3.0,1.0,2.0,3.0,10.0,4.0,6.0,11.0,75.0,0.0,6.0,0.0,1.0,0.0,1.0,0.0,0.0,0.0,0.0,2.0,0.0,3.0,4.0,0.0,0.0,15.0,8.0,0.0,0.0,0.0,1.0,12.0,1.0,0.0,37.0,5.0,2.0,6.0,0.0,1.0,12.0,7.0,3.0,6.0,19.0,4.0,15.0,2.0,11.0,80.0,5.0,0.0,1.0,0.0,10.0,12.0,19.0,20.0,0.0,38.0,28.0,1.0,251.0,10.0,9.0,1.0,0.0,2.0,2.0,2.0,0.0,2.0,2.0,2.0,13.0,37.0,3.0,0.0,9.0,1.0,36.0,34.0,13.0,9.0,0.0,20.0,64.0,17.0,40.0,146.0,0.0,5.0,7.0,92.0,1.0,0.0,2.0,12.0,256.0,6.0,3.0,35.0,0.0,2.0,0.0,12.0,3.0,0.0,194.0,25.0,0.0,4.0,6.0,3.0,0.0,0.0,26.0,0.0,0.0,0.0,1.0,1.0,4.0,8.0,11.0,13.0,1.0,9.0,0.0,0.0,6.0,7.0,4.0,2.0,4.0,4.0,10.0,0.0,1.0,66.0,2.0,0.0,0.0,0.0,0.0,0.0,22.0,5.0,5.0,6.0,15.0,0.0,0.0,4.0,0.0,0.0,0.0,0.0,0.0,0.0,0.0,0.0,0.0,0.0,0.0,0.0,0.0,0.0,0.0,1.0,1.0,0.0,0.0,1.0,1.0,3.0,3.0,68.0,7.0,8.0,16.0,10.0,1.0,0.0,356.0,30.0,0.0,1.0,0.0,4.0,1.0,1.0,11.0,0.0,0.0,0.0,0.0,1.0,1.0,1.0,2.0,1.0,0.0,0.0,0.0,0.0,51.0,8.0,15.0,10.0,25.0,0.0,1.0,0.0,0.0,3.0,1.0,0.0,2.0,3.0,8.0,0.0,0.0,2.0,1.0,1.0,0.0,0.0,0.0,0.0,3.0,0.0,0.0,4.0,5.0,0.0,0.0,0.0,13.0,0.0,0.0,0.0,1.0,0.0,0.0,1.0,0.0,0.0,0.0,0.0,0.0,1.0,1.0,0.0,0.0,0.0,0.0,1.0,0.0,0.0,3.0,0.0,1.0,3.0,0.0,0.0,1.0,12.0,0.0,7.0,0.0,3.0,3.0,0.0,0.0,1.0,1.0,0.0,2.0,0.0,2.0,0.0,0.0,11.0,0.0,0.0,0.0,0.0,1.0,0.0,0.0,0.0,0.0,3.0,0.0,0.0,1.0,0.0,0.0,0.0,0.0,0.0,1.0,0.0,0.0,0.0,1.0,0.0,0.0,0.0,0.0,0.0,0.0,0.0,0.0,0.0,0.0,0.0,0.0,0.0,0.0,0.0,0.0,0.0,2.0,0.0,0.0,0.0,0.0,0.0,0.0,0.0,0.0,0.0,0.0,0.0,0.0,0.0,0.0,0.0,0.0,0.0,0.0,0.0,0.0,0.0,0.0,0.0,0.0,0.0,0.0,0.0,0.0,0.0,0.0,0.0,0.0,0.0,0.0,0.0,0.0,0.0,0.0,0.0,11.0,1.0,0.0,69.0,3.0,0.0,3.0,1.0,12.0,12.0,2.0,168.0,16.0,50.0,90.0,60.0,104.0,334.0,35.0,8.0,19.0,14.0,33.0,17.0,48.0,3.0,4.0,275.0,17.0,3.0,13.0,82.0,5.0,6.0,2.0,6.0,14.0,1.0,7.0,6.0,1.0,1.0,1621.0,8.0,15.0,21.0,2.0,9.0,2.0,2.0,8.0,17.0
2009-09-01,28.0,1.0,37.0,90.0,4.0,110.0,59.0,2.0,1.0,1.0,0.0,58.0,35.0,2.0,1.0,0.0,0.0,0.0,0.0,9.0,0.0,0.0,0.0,0.0,0.0,41.0,94.0,7.0,13.0,14.0,1.0,2.0,0.0,0.0,1.0,1.0,43.0,5.0,12.0,28.0,1.0,5.0,4.0,2.0,8.0,0.0,5.0,5.0,1.0,3.0,2.0,0.0,2.0,0.0,34.0,0.0,5.0,1.0,2.0,5.0,0.0,109.0,1.0,10.0,0.0,2.0,0.0,0.0,0.0,0.0,0.0,18.0,1.0,7.0,1.0,1.0,1.0,0.0,1.0,0.0,1.0,11.0,1.0,1.0,0.0,0.0,0.0,23.0,0.0,1.0,1.0,0.0,21.0,8.0,0.0,1.0,0.0,48.0,10.0,17.0,1.0,0.0,0.0,0.0,9.0,8.0,0.0,0.0,0.0,1.0,0.0,1.0,3.0,2.0,0.0,73.0,2.0,2.0,0.0,7.0,0.0,1.0,1.0,0.0,1.0,2.0,0.0,0.0,14.0,3.0,0.0,0.0,1.0,3.0,1.0,0.0,2.0,1.0,0.0,0.0,2.0,0.0,0.0,0.0,0.0,2.0,4.0,3.0,3.0,6.0,55.0,0.0,6.0,2.0,1.0,0.0,0.0,0.0,2.0,0.0,0.0,6.0,0.0,0.0,0.0,0.0,0.0,11.0,6.0,1.0,1.0,0.0,0.0,11.0,1.0,1.0,6.0,5.0,0.0,2.0,1.0,0.0,7.0,3.0,1.0,0.0,5.0,1.0,14.0,0.0,2.0,39.0,1.0,0.0,1.0,0.0,1.0,4.0,15.0,12.0,0.0,5.0,10.0,3.0,222.0,6.0,10.0,1.0,2.0,1.0,2.0,0.0,0.0,0.0,4.0,0.0,10.0,26.0,0.0,3.0,5.0,2.0,3.0,11.0,1.0,4.0,0.0,5.0,22.0,10.0,23.0,67.0,2.0,4.0,3.0,48.0,2.0,0.0,2.0,7.0,174.0,2.0,4.0,63.0,0.0,26.0,0.0,16.0,5.0,1.0,119.0,19.0,2.0,3.0,6.0,1.0,0.0,2.0,16.0,0.0,0.0,0.0,0.0,3.0,3.0,1.0,4.0,4.0,2.0,11.0,0.0,1.0,7.0,10.0,2.0,0.0,2.0,2.0,2.0,0.0,0.0,25.0,2.0,0.0,0.0,0.0,0.0,0.0,6.0,2.0,7.0,2.0,11.0,3.0,2.0,3.0,0.0,0.0,0.0,0.0,0.0,0.0,0.0,0.0,0.0,0.0,0.0,0.0,0.0,0.0,0.0,6.0,0.0,0.0,0.0,0.0,0.0,3.0,1.0,10.0,3.0,5.0,1.0,3.0,1.0,0.0,126.0,22.0,0.0,0.0,0.0,2.0,0.0,2.0,8.0,0.0,0.0,0.0,0.0,1.0,0.0,0.0,0.0,8.0,0.0,0.0,1.0,0.0,45.0,6.0,2.0,18.0,22.0,0.0,0.0,2.0,1.0,0.0,1.0,0.0,0.0,4.0,20.0,0.0,0.0,1.0,1.0,0.0,5.0,0.0,0.0,0.0,4.0,1.0,0.0,0.0,1.0,0.0,0.0,1.0,12.0,0.0,2.0,0.0,0.0,0.0,0.0,1.0,0.0,0.0,0.0,0.0,0.0,0.0,2.0,0.0,1.0,0.0,0.0,0.0,0.0,0.0,0.0,0.0,1.0,2.0,0.0,0.0,0.0,4.0,1.0,2.0,0.0,0.0,0.0,0.0,0.0,0.0,5.0,0.0,2.0,0.0,4.0,0.0,0.0,11.0,0.0,0.0,0.0,0.0,0.0,0.0,0.0,0.0,0.0,1.0,0.0,0.0,0.0,0.0,0.0,0.0,0.0,0.0,0.0,0.0,0.0,0.0,1.0,0.0,0.0,0.0,0.0,0.0,0.0,0.0,0.0,0.0,0.0,0.0,0.0,0.0,0.0,0.0,0.0,0.0,0.0,0.0,0.0,0.0,0.0,0.0,0.0,0.0,0.0,0.0,0.0,0.0,0.0,0.0,0.0,0.0,0.0,0.0,0.0,0.0,1.0,0.0,0.0,0.0,0.0,0.0,0.0,0.0,0.0,0.0,1.0,0.0,0.0,0.0,0.0,0.0,0.0,0.0,0.0,0.0,3.0,17.0,12.0,67.0,1.0,2.0,0.0,0.0,5.0,7.0,1.0,194.0,19.0,144.0,141.0,9.0,102.0,269.0,48.0,4.0,26.0,9.0,42.0,21.0,82.0,1.0,0.0,149.0,59.0,1.0,6.0,63.0,1.0,12.0,2.0,8.0,42.0,2.0,7.0,4.0,0.0,14.0,1129.0,0.0,26.0,14.0,2.0,7.0,0.0,0.0,5.0,11.0
2009-10-01,80.0,30.0,125.0,541.0,11.0,239.0,167.0,1.0,1.0,0.0,1.0,117.0,75.0,3.0,1.0,0.0,0.0,0.0,0.0,16.0,0.0,0.0,0.0,0.0,0.0,58.0,63.0,3.0,5.0,7.0,0.0,3.0,0.0,0.0,1.0,1.0,42.0,1.0,1.0,7.0,7.0,5.0,1.0,7.0,159.0,1.0,5.0,7.0,2.0,4.0,9.0,0.0,4.0,0.0,23.0,1.0,3.0,9.0,12.0,34.0,0.0,73.0,2.0,30.0,0.0,2.0,0.0,0.0,0.0,0.0,0.0,1.0,0.0,11.0,1.0,0.0,1.0,0.0,0.0,0.0,0.0,4.0,0.0,1.0,1.0,2.0,1.0,6.0,0.0,3.0,0.0,0.0,45.0,9.0,0.0,0.0,0.0,9.0,10.0,21.0,1.0,0.0,1.0,0.0,3.0,0.0,0.0,0.0,0.0,0.0,0.0,1.0,3.0,0.0,0.0,41.0,0.0,1.0,1.0,19.0,0.0,0.0,0.0,1.0,0.0,0.0,0.0,0.0,116.0,7.0,0.0,1.0,0.0,1.0,1.0,0.0,2.0,0.0,2.0,0.0,0.0,1.0,0.0,0.0,0.0,0.0,3.0,2.0,1.0,12.0,84.0,0.0,2.0,0.0,0.0,0.0,1.0,0.0,5.0,1.0,0.0,5.0,0.0,0.0,0.0,0.0,0.0,14.0,3.0,0.0,0.0,1.0,0.0,9.0,0.0,0.0,19.0,4.0,0.0,2.0,0.0,2.0,8.0,0.0,1.0,0.0,3.0,5.0,3.0,4.0,5.0,52.0,6.0,0.0,1.0,2.0,7.0,3.0,26.0,19.0,0.0,3.0,16.0,2.0,184.0,1.0,20.0,0.0,2.0,0.0,0.0,0.0,0.0,0.0,0.0,0.0,5.0,9.0,1.0,2.0,1.0,3.0,1.0,5.0,3.0,1.0,1.0,12.0,32.0,6.0,20.0,72.0,0.0,1.0,0.0,29.0,2.0,0.0,6.0,4.0,149.0,11.0,5.0,62.0,0.0,4.0,1.0,15.0,3.0,1.0,83.0,12.0,1.0,0.0,23.0,0.0,0.0,6.0,26.0,0.0,0.0,0.0,0.0,1.0,0.0,0.0,1.0,12.0,5.0,38.0,0.0,0.0,24.0,13.0,2.0,0.0,3.0,1.0,7.0,0.0,1.0,44.0,2.0,0.0,0.0,0.0,0.0,0.0,28.0,2.0,23.0,0.0,55.0,0.0,0.0,2.0,0.0,0.0,0.0,0.0,0.0,0.0,0.0,0.0,0.0,0.0,0.0,0.0,0.0,0.0,0.0,11.0,1.0,0.0,3.0,0.0,3.0,0.0,1.0,1.0,4.0,2.0,4.0,2.0,2.0,1.0,73.0,10.0,0.0,1.0,0.0,0.0,0.0,0.0,7.0,0.0,0.0,0.0,0.0,1.0,1.0,2.0,1.0,3.0,0.0,0.0,0.0,3.0,43.0,5.0,2.0,14.0,138.0,1.0,1.0,2.0,1.0,3.0,0.0,0.0,0.0,9.0,32.0,1.0,0.0,17.0,0.0,0.0,0.0,0.0,0.0,0.0,5.0,0.0,0.0,6.0,6.0,5.0,0.0,0.0,12.0,1.0,4.0,0.0,0.0,0.0,0.0,0.0,0.0,0.0,0.0,0.0,0.0,0.0,1.0,0.0,0.0,0.0,3.0,1.0,0.0,0.0,1.0,1.0,1.0,1.0,0.0,1.0,1.0,4.0,0.0,5.0,0.0,1.0,1.0,0.0,0.0,4.0,3.0,0.0,0.0,0.0,7.0,0.0,0.0,2.0,0.0,0.0,0.0,0.0,0.0,0.0,0.0,0.0,2.0,7.0,0.0,0.0,0.0,0.0,1.0,0.0,0.0,0.0,0.0,0.0,0.0,0.0,1.0,0.0,0.0,0.0,0.0,0.0,0.0,0.0,0.0,0.0,0.0,0.0,0.0,0.0,0.0,0.0,0.0,0.0,0.0,0.0,0.0,0.0,0.0,0.0,0.0,0.0,1.0,0.0,0.0,0.0,0.0,0.0,0.0,0.0,0.0,0.0,0.0,0.0,2.0,0.0,0.0,0.0,0.0,0.0,0.0,0.0,0.0,0.0,1.0,0.0,0.0,1.0,0.0,0.0,0.0,0.0,0.0,0.0,5.0,36.0,37.0,88.0,0.0,6.0,0.0,0.0,63.0,14.0,5.0,458.0,29.0,209.0,103.0,5.0,279.0,339.0,286.0,2.0,52.0,61.0,70.0,19.0,138.0,6.0,2.0,222.0,261.0,11.0,2.0,117.0,8.0,91.0,1.0,42.0,161.0,6.0,19.0,18.0,2.0,8.0,1732.0,4.0,14.0,15.0,3.0,17.0,2.0,0.0,34.0,15.0
2009-11-01,644.0,262.0,458.0,2028.0,23.0,710.0,258.0,23.0,1.0,0.0,4.0,318.0,252.0,1.0,0.0,0.0,0.0,0.0,0.0,11.0,0.0,0.0,0.0,0.0,0.0,172.0,68.0,11.0,9.0,9.0,1.0,2.0,0.0,0.0,2.0,1.0,83.0,1.0,4.0,16.0,4.0,9.0,1.0,9.0,176.0,1.0,4.0,38.0,5.0,5.0,7.0,4.0,2.0,0.0,14.0,0.0,14.0,9.0,17.0,65.0,5.0,217.0,12.0,75.0,0.0,3.0,0.0,0.0,0.0,0.0,0.0,1.0,0.0,3.0,0.0,0.0,0.0,0.0,0.0,0.0,1.0,4.0,0.0,0.0,0.0,1.0,0.0,3.0,1.0,2.0,0.0,0.0,48.0,9.0,0.0,3.0,0.0,3.0,2.0,36.0,1.0,0.0,0.0,0.0,7.0,0.0,0.0,0.0,0.0,1.0,2.0,4.0,1.0,0.0,0.0,99.0,2.0,1.0,0.0,72.0,0.0,1.0,1.0,0.0,0.0,0.0,0.0,0.0,119.0,2.0,4.0,8.0,1.0,0.0,4.0,2.0,3.0,1.0,1.0,0.0,0.0,1.0,0.0,2.0,0.0,2.0,10.0,1.0,1.0,2.0,117.0,3.0,39.0,1.0,1.0,1.0,1.0,0.0,12.0,1.0,0.0,10.0,0.0,0.0,0.0,0.0,0.0,11.0,1.0,0.0,0.0,1.0,1.0,7.0,0.0,3.0,70.0,5.0,0.0,39.0,0.0,2.0,7.0,4.0,1.0,1.0,14.0,4.0,3.0,3.0,4.0,38.0,4.0,0.0,0.0,3.0,17.0,3.0,1.0,24.0,0.0,5.0,14.0,2.0,155.0,3.0,7.0,1.0,1.0,0.0,4.0,1.0,0.0,0.0,2.0,1.0,0.0,10.0,2.0,2.0,7.0,8.0,25.0,2.0,0.0,1.0,1.0,5.0,139.0,19.0,13.0,59.0,0.0,14.0,6.0,78.0,1.0,1.0,24.0,5.0,137.0,9.0,9.0,81.0,4.0,7.0,10.0,12.0,12.0,2.0,213.0,14.0,3.0,2.0,61.0,6.0,0.0,113.0,19.0,0.0,2.0,0.0,0.0,45.0,1.0,32.0,10.0,16.0,13.0,173.0,0.0,4.0,28.0,69.0,0.0,0.0,11.0,77.0,26.0,0.0,0.0,142.0,2.0,1.0,1.0,1.0,0.0,0.0,210.0,1.0,35.0,2.0,62.0,0.0,3.0,48.0,0.0,1.0,0.0,1.0,0.0,1.0,0.0,1.0,0.0,0.0,0.0,0.0,2.0,0.0,0.0,73.0,0.0,0.0,10.0,2.0,0.0,0.0,1.0,6.0,3.0,6.0,8.0,6.0,0.0,1.0,221.0,21.0,1.0,3.0,1.0,55.0,2.0,6.0,8.0,0.0,2.0,0.0,0.0,2.0,1.0,6.0,0.0,12.0,0.0,0.0,1.0,4.0,160.0,3.0,25.0,14.0,32.0,0.0,2.0,0.0,0.0,12.0,3.0,1.0,0.0,69.0,146.0,1.0,8.0,80.0,1.0,0.0,0.0,0.0,0.0,0.0,96.0,3.0,0.0,1.0,1.0,0.0,1.0,0.0,31.0,1.0,2.0,0.0,5.0,3.0,0.0,0.0,1.0,2.0,0.0,0.0,0.0,0.0,4.0,1.0,0.0,0.0,2.0,1.0,0.0,0.0,0.0,0.0,3.0,2.0,1.0,4.0,2.0,9.0,2.0,26.0,2.0,5.0,0.0,0.0,1.0,3.0,6.0,0.0,3.0,0.0,16.0,0.0,0.0,7.0,0.0,0.0,0.0,1.0,0.0,0.0,0.0,9.0,1.0,9.0,0.0,1.0,0.0,0.0,0.0,0.0,0.0,0.0,0.0,0.0,0.0,0.0,2.0,1.0,0.0,1.0,0.0,0.0,0.0,2.0,0.0,0.0,0.0,0.0,0.0,2.0,1.0,0.0,0.0,0.0,0.0,0.0,0.0,0.0,0.0,1.0,0.0,0.0,0.0,0.0,0.0,2.0,0.0,0.0,0.0,0.0,0.0,0.0,0.0,0.0,1.0,0.0,0.0,0.0,0.0,1.0,0.0,0.0,1.0,0.0,1.0,0.0,0.0,0.0,0.0,0.0,0.0,0.0,0.0,0.0,24.0,181.0,255.0,422.0,3.0,20.0,2.0,1.0,355.0,121.0,12.0,532.0,115.0,1416.0,129.0,26.0,1106.0,598.0,457.0,25.0,176.0,416.0,53.0,99.0,460.0,3.0,6.0,926.0,1072.0,155.0,46.0,351.0,66.0,139.0,0.0,69.0,408.0,59.0,91.0,72.0,7.0,137.0,3975.0,8.0,5.0,120.0,3.0,53.0,4.0,6.0,171.0,48.0
2009-12-01,1508.0,225.0,222.0,1785.0,127.0,1621.0,390.0,95.0,1.0,3.0,14.0,1028.0,450.0,0.0,0.0,0.0,0.0,0.0,18.0,26.0,0.0,0.0,26.0,5.0,41.0,120.0,106.0,3.0,11.0,10.0,0.0,8.0,0.0,0.0,0.0,0.0,59.0,8.0,4.0,11.0,3.0,1.0,3.0,20.0,74.0,2.0,4.0,32.0,13.0,3.0,9.0,1.0,17.0,0.0,16.0,0.0,6.0,36.0,29.0,117.0,17.0,361.0,13.0,103.0,0.0,0.0,1.0,0.0,0.0,1.0,2.0,2.0,3.0,4.0,1.0,0.0,0.0,0.0,0.0,1.0,1.0,2.0,0.0,1.0,0.0,2.0,0.0,8.0,0.0,2.0,0.0,0.0,63.0,27.0,0.0,2.0,0.0,2.0,2.0,10.0,0.0,1.0,0.0,0.0,3.0,0.0,0.0,0.0,0.0,0.0,0.0,3.0,1.0,0.0,0.0,171.0,2.0,6.0,2.0,134.0,2.0,0.0,0.0,0.0,0.0,0.0,0.0,1.0,42.0,9.0,8.0,0.0,0.0,4.0,8.0,0.0,1.0,0.0,0.0,0.0,1.0,1.0,0.0,0.0,1.0,0.0,4.0,2.0,1.0,16.0,125.0,0.0,54.0,0.0,1.0,1.0,1.0,0.0,12.0,1.0,1.0,5.0,1.0,0.0,1.0,0.0,0.0,2.0,2.0,0.0,0.0,1.0,0.0,4.0,1.0,11.0,15.0,3.0,1.0,88.0,0.0,0.0,6.0,6.0,1.0,3.0,5.0,4.0,5.0,3.0,1.0,46.0,3.0,0.0,1.0,1.0,7.0,1.0,3.0,20.0,1.0,2.0,11.0,0.0,118.0,4.0,10.0,1.0,0.0,0.0,0.0,0.0,1.0,0.0,0.0,3.0,1.0,12.0,1.0,2.0,4.0,4.0,88.0,5.0,1.0,0.0,8.0,3.0,145.0,36.0,11.0,64.0,0.0,32.0,7.0,67.0,2.0,0.0,26.0,2.0,120.0,40.0,15.0,134.0,86.0,5.0,194.0,25.0,10.0,0.0,324.0,51.0,12.0,7.0,110.0,20.0,1.0,375.0,37.0,0.0,3.0,0.0,1.0,135.0,1.0,8.0,18.0,71.0,46.0,126.0,0.0,4.0,36.0,239.0,3.0,6.0,34.0,192.0,81.0,0.0,1.0,445.0,5.0,0.0,0.0,1.0,1.0,0.0,217.0,0.0,58.0,3.0,91.0,5.0,28.0,247.0,0.0,0.0,3.0,0.0,0.0,0.0,0.0,1.0,0.0,0.0,0.0,0.0,0.0,0.0,0.0,89.0,5.0,1.0,260.0,3.0,3.0,2.0,2.0,38.0,54.0,80.0,95.0,3.0,1.0,1.0,361.0,53.0,2.0,1.0,0.0,117.0,1.0,13.0,20.0,0.0,3.0,1.0,0.0,42.0,5.0,6.0,2.0,17.0,0.0,1.0,1.0,4.0,289.0,18.0,64.0,22.0,197.0,7.0,1.0,1.0,2.0,22.0,2.0,2.0,1.0,140.0,356.0,0.0,44.0,405.0,7.0,1.0,3.0,1.0,0.0,0.0,204.0,3.0,1.0,3.0,5.0,0.0,0.0,4.0,52.0,0.0,7.0,1.0,15.0,3.0,4.0,1.0,1.0,0.0,1.0,3.0,0.0,0.0,7.0,1.0,3.0,0.0,3.0,0.0,0.0,0.0,4.0,0.0,4.0,9.0,0.0,7.0,3.0,41.0,3.0,110.0,3.0,7.0,1.0,1.0,0.0,8.0,10.0,0.0,6.0,2.0,23.0,0.0,0.0,2.0,1.0,0.0,2.0,1.0,1.0,0.0,1.0,5.0,6.0,20.0,1.0,0.0,0.0,0.0,0.0,0.0,0.0,0.0,0.0,0.0,0.0,0.0,8.0,1.0,0.0,1.0,0.0,0.0,0.0,0.0,0.0,0.0,2.0,0.0,0.0,0.0,0.0,0.0,0.0,2.0,0.0,0.0,1.0,1.0,1.0,1.0,0.0,1.0,0.0,0.0,0.0,1.0,0.0,0.0,0.0,0.0,0.0,0.0,0.0,0.0,0.0,0.0,0.0,0.0,0.0,0.0,0.0,0.0,0.0,0.0,3.0,0.0,0.0,1.0,0.0,0.0,0.0,0.0,0.0,0.0,50.0,293.0,412.0,1406.0,16.0,15.0,6.0,0.0,355.0,333.0,3.0,687.0,86.0,841.0,124.0,94.0,1070.0,948.0,238.0,55.0,96.0,1158.0,261.0,110.0,635.0,3.0,27.0,1665.0,391.0,285.0,151.0,619.0,29.0,225.0,19.0,103.0,444.0,227.0,258.0,149.0,70.0,146.0,6406.0,6.0,18.0,186.0,14.0,123.0,3.0,10.0,196.0,91.0
2010-01-01,4247.0,719.0,325.0,1309.0,436.0,1887.0,881.0,130.0,14.0,1.0,42.0,3601.0,303.0,2.0,0.0,0.0,0.0,0.0,3.0,43.0,1.0,0.0,1.0,1.0,122.0,374.0,47.0,4.0,28.0,59.0,14.0,4.0,0.0,1.0,5.0,0.0,153.0,2.0,4.0,35.0,4.0,12.0,2.0,51.0,229.0,9.0,7.0,64.0,7.0,30.0,21.0,8.0,124.0,0.0,55.0,0.0,15.0,91.0,38.0,207.0,48.0,711.0,33.0,184.0,0.0,4.0,0.0,1.0,1.0,1.0,1.0,6.0,12.0,11.0,8.0,1.0,2.0,2.0,0.0,3.0,8.0,60.0,2.0,3.0,2.0,3.0,0.0,39.0,4.0,3.0,4.0,1.0,33.0,114.0,0.0,9.0,0.0,14.0,3.0,21.0,0.0,0.0,0.0,0.0,5.0,0.0,0.0,1.0,1.0,2.0,3.0,2.0,0.0,1.0,0.0,143.0,0.0,2.0,6.0,366.0,1.0,0.0,4.0,1.0,0.0,5.0,0.0,0.0,186.0,3.0,12.0,33.0,57.0,4.0,10.0,0.0,1.0,0.0,2.0,1.0,0.0,1.0,0.0,1.0,4.0,2.0,0.0,4.0,1.0,1.0,68.0,1.0,69.0,0.0,1.0,0.0,5.0,0.0,6.0,0.0,0.0,5.0,0.0,0.0,0.0,0.0,0.0,0.0,3.0,1.0,0.0,0.0,0.0,10.0,0.0,43.0,57.0,5.0,4.0,135.0,0.0,0.0,22.0,20.0,3.0,2.0,7.0,1.0,6.0,16.0,4.0,48.0,5.0,0.0,11.0,3.0,31.0,3.0,22.0,84.0,0.0,4.0,36.0,3.0,288.0,9.0,5.0,0.0,0.0,0.0,1.0,0.0,0.0,0.0,0.0,0.0,3.0,1.0,1.0,1.0,9.0,10.0,143.0,7.0,1.0,1.0,2.0,66.0,760.0,24.0,11.0,80.0,1.0,22.0,5.0,189.0,0.0,3.0,39.0,10.0,177.0,62.0,56.0,32.0,138.0,37.0,127.0,34.0,1.0,1.0,343.0,87.0,423.0,367.0,345.0,133.0,19.0,1070.0,2068.0,3.0,31.0,3.0,3.0,313.0,14.0,7.0,211.0,104.0,225.0,454.0,9.0,39.0,58.0,831.0,15.0,80.0,91.0,1163.0,229.0,0.0,16.0,2734.0,27.0,0.0,3.0,13.0,0.0,1.0,553.0,8.0,136.0,58.0,301.0,34.0,303.0,1208.0,2.0,5.0,51.0,0.0,1.0,8.0,1.0,2.0,2.0,0.0,0.0,1.0,5.0,1.0,0.0,118.0,19.0,5.0,673.0,8.0,24.0,12.0,1.0,7.0,54.0,6.0,3.0,4.0,7.0,4.0,534.0,51.0,16.0,3.0,0.0,458.0,1.0,50.0,111.0,0.0,5.0,2.0,0.0,243.0,13.0,23.0,1.0,24.0,1.0,5.0,4.0,23.0,322.0,136.0,254.0,114.0,2026.0,70.0,19.0,90.0,3.0,72.0,44.0,24.0,26.0,1202.0,2161.0,6.0,312.0,1846.0,112.0,75.0,22.0,1.0,1.0,3.0,522.0,11.0,3.0,8.0,21.0,6.0,16.0,17.0,274.0,1.0,41.0,101.0,143.0,50.0,30.0,25.0,3.0,5.0,0.0,7.0,0.0,1.0,16.0,8.0,1.0,1.0,47.0,1.0,0.0,0.0,26.0,11.0,15.0,16.0,3.0,28.0,10.0,224.0,5.0,1263.0,78.0,35.0,13.0,6.0,82.0,31.0,22.0,4.0,154.0,4.0,57.0,1.0,3.0,6.0,19.0,2.0,0.0,0.0,0.0,1.0,0.0,51.0,16.0,107.0,1.0,6.0,0.0,0.0,3.0,2.0,0.0,0.0,0.0,2.0,0.0,0.0,19.0,0.0,0.0,0.0,1.0,0.0,0.0,1.0,1.0,0.0,10.0,2.0,0.0,1.0,3.0,2.0,0.0,1.0,6.0,0.0,0.0,1.0,1.0,1.0,2.0,2.0,4.0,0.0,0.0,3.0,4.0,1.0,0.0,1.0,0.0,1.0,1.0,0.0,3.0,0.0,0.0,0.0,1.0,0.0,0.0,0.0,0.0,0.0,9.0,0.0,0.0,0.0,1.0,0.0,0.0,1.0,0.0,1.0,229.0,255.0,395.0,6486.0,138.0,124.0,81.0,37.0,1081.0,2468.0,213.0,1341.0,277.0,598.0,214.0,306.0,751.0,1523.0,110.0,79.0,144.0,1182.0,422.0,235.0,1073.0,24.0,32.0,2010.0,800.0,1330.0,381.0,1744.0,139.0,266.0,79.0,242.0,623.0,420.0,1068.0,735.0,422.0,407.0,18985.0,85.0,158.0,1107.0,97.0,458.0,46.0,113.0,828.0,987.0
2010-02-01,2197.0,555.0,304.0,375.0,395.0,783.0,780.0,74.0,15.0,1.0,38.0,7415.0,222.0,0.0,0.0,0.0,0.0,2.0,2.0,80.0,1.0,2.0,2.0,3.0,52.0,231.0,66.0,5.0,175.0,162.0,11.0,21.0,3.0,0.0,10.0,1.0,298.0,3.0,24.0,19.0,9.0,11.0,6.0,126.0,217.0,7.0,2.0,63.0,31.0,18.0,64.0,16.0,287.0,0.0,79.0,0.0,51.0,70.0,64.0,267.0,119.0,665.0,127.0,169.0,0.0,5.0,0.0,1.0,1.0,2.0,0.0,9.0,32.0,11.0,11.0,1.0,3.0,1.0,0.0,1.0,23.0,54.0,1.0,5.0,0.0,4.0,3.0,52.0,7.0,35.0,9.0,4.0,19.0,248.0,0.0,4.0,0.0,148.0,6.0,14.0,11.0,0.0,0.0,0.0,2.0,2.0,0.0,1.0,1.0,0.0,0.0,1.0,0.0,0.0,1.0,125.0,0.0,4.0,1.0,685.0,1.0,0.0,4.0,0.0,0.0,3.0,3.0,0.0,184.0,4.0,27.0,231.0,102.0,0.0,10.0,0.0,2.0,2.0,0.0,1.0,1.0,0.0,2.0,3.0,7.0,1.0,3.0,2.0,0.0,3.0,70.0,0.0,179.0,0.0,4.0,2.0,3.0,0.0,13.0,0.0,1.0,1.0,0.0,1.0,0.0,0.0,0.0,2.0,2.0,0.0,0.0,1.0,0.0,19.0,0.0,276.0,264.0,11.0,2.0,250.0,1.0,0.0,47.0,34.0,9.0,34.0,6.0,4.0,16.0,72.0,2.0,132.0,6.0,0.0,13.0,9.0,183.0,14.0,119.0,422.0,0.0,9.0,83.0,3.0,709.0,16.0,7.0,0.0,0.0,0.0,1.0,0.0,0.0,1.0,0.0,0.0,0.0,4.0,1.0,0.0,9.0,34.0,139.0,14.0,8.0,1.0,39.0,95.0,823.0,47.0,57.0,107.0,5.0,21.0,8.0,399.0,2.0,3.0,24.0,4.0,328.0,71.0,117.0,45.0,54.0,191.0,99.0,100.0,3.0,2.0,353.0,232.0,967.0,1263.0,404.0,255.0,41.0,603.0,2672.0,19.0,123.0,4.0,17.0,169.0,63.0,11.0,327.0,128.0,328.0,542.0,83.0,167.0,202.0,812.0,57.0,361.0,288.0,2944.0,768.0,1.0,59.0,9245.0,90.0,2.0,10.0,11.0,6.0,1.0,554.0,9.0,342.0,33.0,287.0,181.0,937.0,1015.0,23.0,86.0,682.0,25.0,4.0,31.0,6.0,6.0,7.0,0.0,0.0,0.0,35.0,3.0,1.0,189.0,82.0,15.0,863.0,30.0,302.0,106.0,0.0,5.0,210.0,6.0,1.0,8.0,2.0,1.0,517.0,85.0,210.0,22.0,10.0,176.0,5.0,99.0,106.0,2.0,2.0,1.0,0.0,236.0,49.0,11.0,2.0,88.0,6.0,14.0,21.0,30.0,938.0,277.0,413.0,403.0,8068.0,246.0,133.0,181.0,19.0,208.0,135.0,49.0,20.0,3044.0,5168.0,22.0,499.0,4042.0,517.0,386.0,68.0,31.0,6.0,4.0,1285.0,19.0,36.0,66.0,48.0,124.0,27.0,72.0,849.0,4.0,123.0,387.0,206.0,246.0,173.0,112.0,15.0,3.0,0.0,13.0,0.0,2.0,103.0,11.0,12.0,2.0,228.0,7.0,0.0,1.0,138.0,9.0,78.0,71.0,9.0,100.0,29.0,943.0,11.0,6751.0,310.0,179.0,46.0,72.0,211.0,242.0,288.0,36.0,840.0,9.0,193.0,2.0,3.0,27.0,119.0,35.0,0.0,0.0,0.0,0.0,3.0,122.0,53.0,922.0,6.0,4.0,1.0,1.0,2.0,0.0,2.0,0.0,1.0,0.0,0.0,0.0,31.0,2.0,0.0,0.0,2.0,1.0,0.0,0.0,2.0,0.0,6.0,1.0,0.0,0.0,4.0,11.0,0.0,2.0,7.0,0.0,2.0,1.0,0.0,21.0,3.0,1.0,3.0,0.0,2.0,10.0,648.0,0.0,5.0,6.0,0.0,0.0,2.0,0.0,4.0,0.0,1.0,0.0,4.0,1.0,1.0,0.0,2.0,0.0,20.0,0.0,1.0,1.0,0.0,0.0,0.0,0.0,0.0,0.0,327.0,84.0,516.0,8910.0,317.0,266.0,443.0,118.0,663.0,4580.0,792.0,657.0,227.0,274.0,172.0,204.0,307.0,918.0,66.0,97.0,132.0,614.0,309.0,194.0,400.0,12.0,21.0,1386.0,291.0,851.0,310.0,1042.0,115.0,140.0,134.0,219.0,389.0,209.0,896.0,1282.0,331.0,280.0,13448.0,190.0,318.0,2037.0,238.0,731.0,112.0,299.0,782.0,2515.0
2010-03-01,336.0,161.0,190.0,220.0,136.0,188.0,565.0,82.0,6.0,2.0,41.0,5827.0,218.0,3.0,0.0,0.0,0.0,0.0,3.0,147.0,3.0,18.0,4.0,0.0,29.0,164.0,152.0,3.0,148.0,321.0,52.0,64.0,0.0,0.0,8.0,9.0,564.0,17.0,49.0,24.0,15.0,9.0,6.0,249.0,474.0,13.0,6.0,76.0,28.0,24.0,87.0,17.0,86.0,0.0,123.0,0.0,65.0,100.0,80.0,288.0,239.0,737.0,103.0,223.0,0.0,8.0,3.0,0.0,0.0,0.0,4.0,17.0,54.0,41.0,11.0,0.0,7.0,1.0,1.0,5.0,38.0,74.0,7.0,13.0,2.0,5.0,5.0,93.0,10.0,34.0,99.0,3.0,35.0,305.0,0.0,73.0,0.0,82.0,15.0,22.0,13.0,3.0,0.0,0.0,4.0,1.0,0.0,0.0,0.0,0.0,3.0,1.0,2.0,0.0,1.0,218.0,2.0,47.0,9.0,553.0,0.0,0.0,1.0,0.0,3.0,5.0,21.0,0.0,66.0,31.0,71.0,631.0,114.0,4.0,4.0,2.0,1.0,0.0,1.0,3.0,0.0,1.0,5.0,1.0,31.0,0.0,8.0,1.0,1.0,2.0,132.0,1.0,161.0,20.0,14.0,5.0,5.0,10.0,65.0,3.0,6.0,4.0,1.0,4.0,0.0,0.0,3.0,32.0,23.0,1.0,0.0,0.0,1.0,47.0,1.0,213.0,415.0,50.0,20.0,485.0,5.0,4.0,300.0,211.0,16.0,108.0,47.0,17.0,32.0,202.0,8.0,338.0,49.0,1.0,64.0,25.0,676.0,68.0,1068.0,2884.0,10.0,62.0,149.0,20.0,1948.0,92.0,16.0,1.0,1.0,0.0,2.0,0.0,0.0,3.0,1.0,0.0,0.0,9.0,2.0,2.0,42.0,103.0,192.0,30.0,3.0,12.0,69.0,130.0,1955.0,110.0,89.0,176.0,5.0,145.0,35.0,1100.0,10.0,8.0,45.0,27.0,480.0,197.0,209.0,42.0,23.0,175.0,70.0,339.0,9.0,22.0,680.0,484.0,1260.0,1630.0,334.0,545.0,153.0,326.0,1608.0,36.0,223.0,10.0,65.0,115.0,150.0,39.0,903.0,437.0,249.0,838.0,240.0,649.0,460.0,881.0,180.0,859.0,793.0,2976.0,2088.0,2.0,184.0,23208.0,473.0,15.0,102.0,31.0,74.0,5.0,466.0,42.0,498.0,83.0,203.0,175.0,2787.0,1140.0,121.0,330.0,1105.0,606.0,53.0,227.0,3.0,10.0,20.0,1.0,1.0,2.0,133.0,15.0,2.0,557.0,836.0,22.0,948.0,204.0,2077.0,456.0,4.0,17.0,426.0,7.0,9.0,18.0,3.0,2.0,1215.0,122.0,936.0,112.0,57.0,176.0,21.0,194.0,185.0,6.0,10.0,5.0,0.0,69.0,135.0,28.0,26.0,185.0,67.0,37.0,106.0,56.0,1674.0,381.0,468.0,686.0,10521.0,518.0,164.0,302.0,91.0,338.0,479.0,188.0,39.0,2840.0,9570.0,120.0,541.0,4518.0,991.0,526.0,386.0,142.0,5.0,16.0,1570.0,94.0,136.0,340.0,166.0,663.0,70.0,324.0,2211.0,15.0,117.0,701.0,250.0,413.0,587.0,321.0,32.0,4.0,8.0,10.0,2.0,2.0,211.0,55.0,38.0,0.0,1629.0,53.0,5.0,4.0,1062.0,135.0,240.0,179.0,26.0,499.0,117.0,2541.0,24.0,15662.0,346.0,559.0,226.0,540.0,290.0,1011.0,316.0,64.0,2277.0,17.0,649.0,3.0,4.0,30.0,345.0,162.0,1.0,1.0,0.0,0.0,2.0,513.0,275.0,3474.0,182.0,22.0,0.0,1.0,6.0,0.0,3.0,0.0,0.0,0.0,0.0,0.0,25.0,0.0,0.0,2.0,2.0,0.0,0.0,1.0,1.0,0.0,2.0,0.0,0.0,0.0,3.0,5.0,0.0,0.0,6.0,0.0,0.0,2.0,0.0,88.0,44.0,2.0,0.0,0.0,3.0,78.0,1835.0,0.0,2.0,1.0,0.0,0.0,0.0,0.0,3.0,2.0,1.0,0.0,0.0,0.0,0.0,0.0,0.0,1.0,22.0,0.0,0.0,0.0,1.0,0.0,0.0,1.0,0.0,4.0,443.0,51.0,542.0,7989.0,402.0,396.0,737.0,230.0,414.0,4262.0,1913.0,194.0,150.0,145.0,193.0,108.0,192.0,362.0,27.0,68.0,137.0,529.0,266.0,214.0,186.0,24.0,24.0,983.0,177.0,426.0,179.0,506.0,53.0,84.0,193.0,166.0,328.0,108.0,927.0,1471.0,168.0,155.0,6757.0,205.0,643.0,3761.0,377.0,818.0,178.0,392.0,372.0,3665.0
2010-04-01,70.0,84.0,48.0,176.0,59.0,37.0,315.0,64.0,3.0,1.0,11.0,2800.0,85.0,34.0,0.0,0.0,0.0,0.0,7.0,130.0,1.0,46.0,3.0,0.0,10.0,94.0,285.0,27.0,142.0,446.0,64.0,44.0,0.0,2.0,4.0,2.0,468.0,17.0,33.0,55.0,48.0,14.0,4.0,98.0,204.0,14.0,16.0,75.0,25.0,9.0,40.0,23.0,35.0,0.0,166.0,0.0,26.0,107.0,67.0,222.0,184.0,684.0,54.0,317.0,0.0,9.0,1.0,2.0,3.0,0.0,10.0,22.0,23.0,70.0,7.0,1.0,6.0,0.0,1.0,5.0,29.0,49.0,15.0,60.0,0.0,6.0,8.0,114.0,29.0,89.0,133.0,12.0,154.0,148.0,1.0,69.0,0.0,149.0,9.0,21.0,10.0,1.0,0.0,1.0,2.0,0.0,0.0,0.0,0.0,0.0,2.0,1.0,8.0,0.0,2.0,255.0,0.0,99.0,15.0,265.0,14.0,0.0,3.0,0.0,2.0,8.0,8.0,0.0,72.0,56.0,54.0,542.0,60.0,2.0,8.0,0.0,2.0,1.0,3.0,2.0,0.0,0.0,9.0,1.0,33.0,0.0,41.0,0.0,2.0,3.0,198.0,5.0,84.0,137.0,21.0,12.0,1.0,1.0,17.0,6.0,4.0,27.0,0.0,9.0,1.0,0.0,3.0,14.0,12.0,0.0,0.0,1.0,1.0,81.0,0.0,69.0,197.0,149.0,53.0,178.0,30.0,18.0,464.0,260.0,37.0,187.0,78.0,59.0,84.0,133.0,20.0,853.0,118.0,0.0,109.0,14.0,672.0,60.0,1543.0,2938.0,17.0,37.0,122.0,21.0,2667.0,177.0,80.0,7.0,2.0,1.0,2.0,1.0,0.0,1.0,3.0,0.0,4.0,12.0,10.0,2.0,46.0,51.0,142.0,51.0,12.0,42.0,181.0,77.0,1755.0,150.0,131.0,397.0,5.0,259.0,27.0,772.0,12.0,4.0,39.0,39.0,597.0,144.0,191.0,187.0,33.0,209.0,58.0,187.0,11.0,12.0,876.0,717.0,470.0,978.0,337.0,793.0,136.0,261.0,912.0,81.0,277.0,30.0,159.0,182.0,117.0,53.0,1281.0,599.0,144.0,599.0,198.0,793.0,386.0,567.0,255.0,831.0,981.0,1557.0,2164.0,5.0,193.0,28889.0,670.0,35.0,179.0,72.0,58.0,12.0,409.0,42.0,745.0,23.0,150.0,117.0,2645.0,1119.0,255.0,117.0,676.0,672.0,165.0,637.0,7.0,8.0,48.0,5.0,5.0,4.0,304.0,33.0,7.0,572.0,1117.0,68.0,786.0,710.0,4364.0,1102.0,13.0,24.0,927.0,17.0,55.0,136.0,5.0,27.0,1916.0,189.0,300.0,399.0,89.0,477.0,93.0,616.0,282.0,2.0,83.0,5.0,0.0,80.0,448.0,79.0,171.0,131.0,146.0,7.0,190.0,104.0,1870.0,272.0,178.0,497.0,5849.0,367.0,121.0,181.0,93.0,309.0,692.0,344.0,57.0,1840.0,10107.0,176.0,364.0,2141.0,939.0,217.0,307.0,151.0,5.0,10.0,1393.0,127.0,204.0,743.0,294.0,610.0,95.0,676.0,3010.0,18.0,94.0,396.0,188.0,409.0,438.0,263.0,34.0,0.0,18.0,20.0,3.0,4.0,221.0,84.0,34.0,0.0,2559.0,115.0,14.0,16.0,2260.0,721.0,348.0,313.0,52.0,579.0,160.0,3356.0,44.0,6122.0,472.0,665.0,195.0,557.0,430.0,1092.0,184.0,104.0,2231.0,10.0,844.0,0.0,1.0,32.0,489.0,203.0,0.0,2.0,1.0,0.0,0.0,443.0,366.0,4563.0,119.0,64.0,1.0,1.0,6.0,0.0,3.0,0.0,0.0,0.0,0.0,0.0,15.0,2.0,0.0,3.0,2.0,0.0,0.0,1.0,0.0,0.0,8.0,1.0,0.0,0.0,3.0,4.0,0.0,1.0,9.0,0.0,1.0,1.0,1.0,70.0,22.0,0.0,1.0,0.0,2.0,54.0,436.0,1.0,1.0,2.0,0.0,0.0,0.0,0.0,1.0,0.0,0.0,0.0,2.0,0.0,0.0,0.0,0.0,0.0,7.0,1.0,0.0,0.0,0.0,0.0,1.0,1.0,0.0,0.0,232.0,19.0,401.0,4435.0,248.0,372.0,712.0,251.0,185.0,2226.0,960.0,117.0,91.0,44.0,169.0,79.0,162.0,261.0,7.0,92.0,68.0,206.0,62.0,42.0,62.0,24.0,19.0,371.0,14.0,80.0,57.0,201.0,33.0,67.0,225.0,69.0,301.0,52.0,829.0,1002.0,147.0,46.0,3801.0,255.0,879.0,2710.0,337.0,481.0,203.0,365.0,172.0,3445.0
2010-05-01,38.0,41.0,15.0,40.0,35.0,13.0,148.0,29.0,1.0,0.0,14.0,1343.0,27.0,40.0,0.0,1.0,0.0,0.0,34.0,196.0,2.0,20.0,38.0,0.0,19.0,78.0,824.0,56.0,156.0,229.0,25.0,53.0,1.0,0.0,2.0,12.0,464.0,11.0,71.0,108.0,48.0,13.0,15.0,73.0,124.0,6.0,22.0,38.0,22.0,4.0,29.0,4.0,40.0,0.0,248.0,0.0,27.0,64.0,32.0,143.0,98.0,485.0,25.0,173.0,1.0,33.0,2.0,1.0,34.0,0.0,1.0,31.0,17.0,103.0,26.0,5.0,0.0,2.0,1.0,1.0,53.0,47.0,4.0,65.0,1.0,3.0,3.0,176.0,147.0,33.0,140.0,29.0,69.0,38.0,30.0,159.0,0.0,196.0,15.0,38.0,5.0,1.0,0.0,0.0,5.0,1.0,0.0,0.0,0.0,1.0,0.0,0.0,33.0,0.0,12.0,244.0,2.0,355.0,3.0,117.0,30.0,5.0,10.0,0.0,0.0,76.0,16.0,1.0,103.0,209.0,61.0,744.0,169.0,3.0,8.0,0.0,15.0,11.0,13.0,1.0,0.0,0.0,13.0,3.0,94.0,1.0,43.0,1.0,0.0,1.0,378.0,24.0,54.0,220.0,22.0,61.0,7.0,0.0,23.0,1.0,6.0,70.0,16.0,11.0,18.0,0.0,8.0,35.0,58.0,1.0,0.0,0.0,0.0,246.0,0.0,91.0,398.0,505.0,63.0,111.0,45.0,30.0,567.0,179.0,82.0,347.0,164.0,130.0,132.0,272.0,70.0,2942.0,475.0,3.0,77.0,24.0,118.0,27.0,1233.0,2089.0,13.0,23.0,91.0,73.0,3836.0,255.0,168.0,4.0,1.0,4.0,3.0,21.0,1.0,2.0,1.0,2.0,1.0,32.0,11.0,0.0,52.0,24.0,121.0,131.0,23.0,165.0,154.0,57.0,1745.0,279.0,196.0,658.0,7.0,257.0,56.0,618.0,17.0,0.0,58.0,57.0,1315.0,104.0,174.0,477.0,47.0,235.0,76.0,181.0,5.0,6.0,805.0,744.0,61.0,450.0,262.0,593.0,115.0,235.0,1021.0,40.0,238.0,13.0,145.0,147.0,161.0,72.0,1563.0,545.0,76.0,311.0,129.0,645.0,188.0,237.0,205.0,173.0,346.0,429.0,982.0,1.0,153.0,18151.0,185.0,24.0,128.0,23.0,25.0,4.0,419.0,105.0,830.0,27.0,71.0,52.0,1185.0,426.0,192.0,57.0,126.0,391.0,76.0,316.0,2.0,5.0,10.0,0.0,0.0,2.0,233.0,34.0,2.0,322.0,520.0,58.0,299.0,632.0,2553.0,687.0,29.0,102.0,827.0,24.0,65.0,394.0,4.0,85.0,2044.0,353.0,149.0,701.0,117.0,681.0,62.0,800.0,490.0,4.0,127.0,9.0,0.0,65.0,819.0,53.0,204.0,257.0,88.0,3.0,107.0,61.0,2151.0,179.0,42.0,220.0,2149.0,126.0,42.0,85.0,53.0,225.0,426.0,301.0,69.0,513.0,5687.0,50.0,159.0,682.0,370.0,67.0,225.0,121.0,0.0,4.0,820.0,88.0,120.0,678.0,284.0,184.0,104.0,567.0,1724.0,8.0,42.0,206.0,112.0,260.0,262.0,103.0,35.0,4.0,1.0,5.0,1.0,1.0,172.0,37.0,35.0,0.0,1345.0,125.0,12.0,4.0,2595.0,851.0,290.0,171.0,27.0,362.0,86.0,1739.0,19.0,1535.0,217.0,344.0,65.0,198.0,177.0,450.0,95.0,69.0,986.0,11.0,456.0,0.0,2.0,36.0,300.0,143.0,0.0,1.0,0.0,0.0,2.0,145.0,99.0,2077.0,8.0,11.0,0.0,0.0,2.0,0.0,0.0,0.0,1.0,0.0,0.0,0.0,16.0,2.0,0.0,0.0,0.0,0.0,1.0,0.0,0.0,0.0,2.0,0.0,0.0,0.0,3.0,3.0,0.0,0.0,2.0,0.0,2.0,1.0,1.0,15.0,4.0,0.0,0.0,0.0,0.0,8.0,32.0,0.0,1.0,1.0,0.0,0.0,0.0,0.0,1.0,0.0,0.0,0.0,0.0,0.0,0.0,0.0,0.0,0.0,7.0,0.0,0.0,0.0,0.0,0.0,0.0,0.0,0.0,0.0,62.0,3.0,179.0,1402.0,106.0,202.0,630.0,95.0,59.0,660.0,247.0,51.0,55.0,13.0,66.0,31.0,83.0,109.0,3.0,16.0,32.0,98.0,27.0,25.0,26.0,27.0,6.0,181.0,3.0,14.0,27.0,67.0,8.0,20.0,107.0,23.0,124.0,41.0,574.0,994.0,25.0,28.0,2411.0,227.0,798.0,1348.0,206.0,290.0,136.0,200.0,100.0,3005.0
2010-06-01,41.0,33.0,13.0,8.0,15.0,5.0,53.0,26.0,2.0,0.0,2.0,832.0,27.0,269.0,0.0,0.0,1.0,0.0,43.0,170.0,24.0,19.0,60.0,3.0,4.0,40.0,1581.0,86.0,124.0,85.0,10.0,81.0,1.0,2.0,3.0,5.0,385.0,9.0,57.0,67.0,23.0,19.0,6.0,55.0,140.0,3.0,29.0,16.0,23.0,11.0,14.0,0.0,48.0,0.0,194.0,0.0,14.0,28.0,17.0,57.0,20.0,204.0,20.0,79.0,0.0,144.0,1.0,4.0,36.0,2.0,11.0,79.0,20.0,57.0,11.0,2.0,0.0,2.0,0.0,4.0,56.0,6.0,1.0,32.0,1.0,14.0,18.0,392.0,156.0,11.0,71.0,21.0,9.0,15.0,20.0,92.0,0.0,88.0,23.0,28.0,5.0,1.0,0.0,0.0,4.0,0.0,0.0,0.0,2.0,0.0,0.0,0.0,52.0,0.0,50.0,389.0,0.0,333.0,1.0,56.0,24.0,4.0,2.0,1.0,1.0,29.0,15.0,6.0,56.0,49.0,71.0,640.0,141.0,12.0,4.0,1.0,11.0,6.0,45.0,7.0,0.0,0.0,0.0,4.0,33.0,2.0,26.0,8.0,4.0,7.0,724.0,20.0,72.0,196.0,7.0,40.0,4.0,0.0,14.0,1.0,7.0,46.0,28.0,21.0,25.0,1.0,6.0,37.0,100.0,2.0,2.0,2.0,8.0,328.0,2.0,44.0,199.0,308.0,55.0,61.0,33.0,25.0,349.0,119.0,102.0,287.0,82.0,120.0,136.0,140.0,118.0,4522.0,500.0,30.0,18.0,22.0,29.0,10.0,643.0,742.0,10.0,11.0,103.0,154.0,4613.0,177.0,108.0,4.0,0.0,0.0,2.0,6.0,0.0,2.0,0.0,2.0,3.0,29.0,0.0,4.0,24.0,18.0,40.0,72.0,38.0,170.0,38.0,28.0,806.0,114.0,51.0,667.0,9.0,78.0,27.0,245.0,3.0,4.0,52.0,46.0,1349.0,19.0,72.0,238.0,2.0,98.0,26.0,46.0,6.0,3.0,271.0,294.0,13.0,53.0,105.0,158.0,27.0,56.0,327.0,13.0,48.0,2.0,34.0,44.0,61.0,42.0,584.0,251.0,24.0,70.0,19.0,91.0,39.0,49.0,31.0,36.0,56.0,31.0,134.0,3.0,12.0,2149.0,22.0,4.0,7.0,6.0,4.0,3.0,150.0,48.0,244.0,8.0,32.0,19.0,127.0,38.0,8.0,8.0,15.0,45.0,5.0,20.0,0.0,1.0,2.0,0.0,1.0,0.0,15.0,4.0,1.0,68.0,76.0,7.0,66.0,107.0,309.0,151.0,17.0,261.0,529.0,23.0,65.0,133.0,4.0,38.0,1136.0,281.0,16.0,200.0,37.0,313.0,4.0,510.0,144.0,1.0,33.0,4.0,0.0,38.0,456.0,19.0,74.0,132.0,12.0,3.0,6.0,17.0,1166.0,44.0,10.0,38.0,407.0,16.0,7.0,27.0,9.0,30.0,87.0,52.0,7.0,61.0,951.0,4.0,57.0,118.0,44.0,10.0,46.0,11.0,0.0,0.0,89.0,9.0,40.0,116.0,75.0,28.0,7.0,120.0,261.0,3.0,9.0,56.0,13.0,18.0,27.0,10.0,7.0,0.0,0.0,0.0,1.0,0.0,20.0,10.0,6.0,0.0,239.0,24.0,21.0,1.0,587.0,89.0,58.0,31.0,8.0,41.0,17.0,292.0,3.0,223.0,22.0,37.0,6.0,23.0,16.0,53.0,56.0,11.0,85.0,1.0,116.0,0.0,1.0,37.0,31.0,11.0,1.0,0.0,1.0,0.0,0.0,16.0,11.0,286.0,3.0,0.0,0.0,0.0,0.0,0.0,0.0,0.0,0.0,0.0,0.0,0.0,6.0,0.0,0.0,0.0,1.0,0.0,0.0,0.0,0.0,0.0,2.0,0.0,0.0,0.0,1.0,1.0,0.0,0.0,1.0,0.0,0.0,0.0,0.0,1.0,2.0,0.0,0.0,0.0,0.0,0.0,4.0,0.0,0.0,0.0,0.0,0.0,0.0,0.0,0.0,0.0,0.0,0.0,0.0,0.0,0.0,0.0,0.0,0.0,7.0,1.0,0.0,0.0,0.0,0.0,0.0,0.0,0.0,0.0,20.0,4.0,73.0,289.0,4.0,53.0,97.0,7.0,17.0,77.0,33.0,31.0,11.0,4.0,39.0,12.0,36.0,48.0,3.0,18.0,17.0,43.0,29.0,10.0,20.0,16.0,3.0,132.0,2.0,8.0,2.0,22.0,5.0,2.0,21.0,11.0,41.0,7.0,168.0,369.0,5.0,1.0,1054.0,59.0,277.0,241.0,70.0,89.0,34.0,25.0,4.0,726.0
2010-07-01,23.0,12.0,17.0,6.0,10.0,11.0,9.0,9.0,2.0,0.0,3.0,783.0,8.0,112.0,0.0,0.0,0.0,4.0,273.0,231.0,1.0,53.0,51.0,2.0,1.0,36.0,745.0,48.0,45.0,32.0,0.0,66.0,0.0,3.0,0.0,9.0,320.0,6.0,61.0,61.0,47.0,53.0,11.0,28.0,70.0,6.0,16.0,14.0,20.0,13.0,6.0,3.0,38.0,0.0,251.0,1.0,11.0,7.0,8.0,20.0,4.0,61.0,3.0,16.0,1.0,457.0,2.0,4.0,20.0,2.0,17.0,58.0,7.0,14.0,8.0,1.0,0.0,3.0,1.0,1.0,31.0,4.0,2.0,8.0,1.0,2.0,12.0,524.0,39.0,11.0,81.0,16.0,0.0,3.0,3.0,32.0,0.0,63.0,9.0,4.0,3.0,1.0,1.0,0.0,12.0,2.0,1.0,1.0,3.0,0.0,0.0,3.0,32.0,2.0,45.0,694.0,0.0,302.0,6.0,15.0,44.0,4.0,15.0,3.0,3.0,106.0,4.0,17.0,17.0,9.0,34.0,242.0,88.0,30.0,2.0,1.0,4.0,3.0,183.0,29.0,2.0,0.0,3.0,6.0,14.0,5.0,14.0,11.0,2.0,28.0,921.0,6.0,96.0,138.0,13.0,35.0,5.0,2.0,4.0,2.0,26.0,69.0,33.0,14.0,9.0,6.0,2.0,26.0,112.0,4.0,5.0,2.0,10.0,365.0,10.0,22.0,99.0,54.0,25.0,23.0,14.0,7.0,215.0,47.0,100.0,121.0,46.0,163.0,136.0,118.0,64.0,4411.0,207.0,20.0,14.0,9.0,17.0,16.0,188.0,405.0,8.0,16.0,165.0,183.0,3744.0,129.0,55.0,2.0,0.0,2.0,5.0,1.0,0.0,10.0,3.0,3.0,1.0,26.0,1.0,5.0,24.0,8.0,7.0,60.0,36.0,30.0,4.0,21.0,230.0,38.0,49.0,449.0,1.0,74.0,7.0,89.0,4.0,2.0,20.0,22.0,1168.0,9.0,13.0,102.0,1.0,89.0,6.0,6.0,8.0,2.0,109.0,82.0,13.0,11.0,46.0,27.0,4.0,9.0,77.0,1.0,3.0,0.0,18.0,18.0,19.0,10.0,187.0,47.0,4.0,35.0,3.0,16.0,14.0,35.0,7.0,15.0,8.0,11.0,32.0,0.0,6.0,519.0,9.0,0.0,0.0,0.0,2.0,0.0,42.0,41.0,98.0,1.0,11.0,5.0,20.0,11.0,1.0,2.0,5.0,14.0,1.0,14.0,0.0,1.0,0.0,0.0,0.0,0.0,1.0,4.0,0.0,19.0,19.0,2.0,32.0,18.0,46.0,23.0,18.0,123.0,319.0,12.0,128.0,26.0,0.0,17.0,670.0,218.0,7.0,68.0,16.0,98.0,2.0,227.0,74.0,2.0,5.0,0.0,0.0,18.0,272.0,18.0,22.0,50.0,1.0,0.0,7.0,4.0,972.0,20.0,8.0,23.0,76.0,7.0,1.0,7.0,0.0,7.0,28.0,20.0,22.0,15.0,204.0,3.0,29.0,21.0,8.0,4.0,16.0,2.0,0.0,0.0,18.0,2.0,2.0,11.0,22.0,11.0,3.0,16.0,107.0,0.0,1.0,15.0,7.0,3.0,21.0,6.0,5.0,0.0,0.0,1.0,0.0,0.0,14.0,5.0,6.0,0.0,57.0,6.0,3.0,1.0,112.0,27.0,10.0,8.0,3.0,19.0,5.0,156.0,8.0,34.0,14.0,16.0,3.0,11.0,1.0,17.0,7.0,4.0,17.0,3.0,25.0,0.0,0.0,6.0,5.0,3.0,0.0,0.0,0.0,0.0,0.0,2.0,3.0,92.0,0.0,0.0,1.0,0.0,0.0,0.0,0.0,0.0,0.0,0.0,0.0,0.0,6.0,0.0,0.0,0.0,1.0,0.0,0.0,0.0,0.0,0.0,1.0,0.0,0.0,0.0,0.0,0.0,0.0,0.0,0.0,0.0,0.0,0.0,0.0,0.0,0.0,0.0,0.0,0.0,0.0,1.0,2.0,0.0,0.0,0.0,0.0,0.0,0.0,0.0,1.0,0.0,0.0,0.0,0.0,0.0,0.0,0.0,0.0,0.0,6.0,0.0,0.0,0.0,0.0,0.0,0.0,0.0,0.0,0.0,11.0,0.0,39.0,202.0,3.0,9.0,22.0,2.0,6.0,23.0,11.0,5.0,5.0,17.0,24.0,3.0,15.0,25.0,2.0,12.0,3.0,32.0,6.0,4.0,22.0,10.0,0.0,149.0,1.0,1.0,3.0,10.0,0.0,1.0,8.0,22.0,14.0,0.0,77.0,109.0,4.0,2.0,687.0,11.0,123.0,92.0,18.0,24.0,3.0,6.0,1.0,218.0
2010-08-01,6.0,23.0,21.0,11.0,1.0,6.0,3.0,14.0,0.0,0.0,3.0,422.0,3.0,127.0,0.0,0.0,0.0,4.0,137.0,257.0,6.0,32.0,13.0,0.0,0.0,20.0,588.0,55.0,18.0,4.0,1.0,93.0,0.0,62.0,2.0,20.0,445.0,17.0,128.0,68.0,82.0,31.0,21.0,28.0,138.0,27.0,24.0,4.0,6.0,11.0,1.0,1.0,58.0,0.0,419.0,1.0,15.0,13.0,6.0,7.0,5.0,27.0,1.0,30.0,26.0,1151.0,3.0,4.0,22.0,9.0,85.0,22.0,6.0,23.0,3.0,0.0,1.0,3.0,0.0,1.0,10.0,4.0,2.0,3.0,0.0,10.0,11.0,391.0,12.0,6.0,74.0,3.0,0.0,5.0,2.0,10.0,1.0,20.0,2.0,1.0,4.0,1.0,0.0,1.0,15.0,0.0,1.0,3.0,0.0,0.0,2.0,2.0,25.0,4.0,26.0,738.0,1.0,237.0,66.0,6.0,64.0,2.0,6.0,0.0,1.0,73.0,2.0,10.0,0.0,4.0,15.0,99.0,39.0,20.0,3.0,6.0,5.0,4.0,176.0,19.0,8.0,1.0,5.0,6.0,4.0,5.0,10.0,1.0,1.0,22.0,664.0,8.0,57.0,62.0,32.0,10.0,6.0,1.0,8.0,0.0,16.0,75.0,33.0,9.0,5.0,6.0,17.0,12.0,99.0,2.0,5.0,4.0,12.0,141.0,12.0,5.0,9.0,50.0,18.0,21.0,10.0,3.0,150.0,19.0,49.0,35.0,15.0,133.0,70.0,60.0,44.0,2474.0,128.0,3.0,3.0,7.0,6.0,4.0,132.0,199.0,7.0,10.0,105.0,46.0,2494.0,50.0,28.0,2.0,2.0,0.0,2.0,4.0,0.0,17.0,2.0,0.0,1.0,51.0,1.0,1.0,14.0,98.0,8.0,31.0,54.0,2.0,4.0,13.0,76.0,20.0,37.0,281.0,2.0,40.0,15.0,59.0,2.0,1.0,5.0,12.0,498.0,4.0,8.0,74.0,1.0,15.0,5.0,9.0,10.0,0.0,108.0,30.0,3.0,7.0,11.0,8.0,4.0,3.0,36.0,0.0,2.0,1.0,1.0,3.0,9.0,7.0,7.0,8.0,11.0,18.0,4.0,15.0,12.0,10.0,2.0,0.0,8.0,12.0,13.0,0.0,5.0,167.0,7.0,1.0,1.0,0.0,0.0,0.0,72.0,16.0,42.0,2.0,3.0,1.0,8.0,3.0,0.0,2.0,5.0,3.0,1.0,23.0,1.0,0.0,1.0,0.0,0.0,2.0,0.0,0.0,0.0,8.0,2.0,1.0,6.0,6.0,18.0,13.0,14.0,51.0,163.0,18.0,106.0,13.0,4.0,8.0,752.0,72.0,1.0,33.0,4.0,34.0,23.0,88.0,27.0,0.0,1.0,0.0,0.0,11.0,249.0,7.0,5.0,27.0,0.0,2.0,1.0,2.0,839.0,5.0,7.0,16.0,29.0,1.0,1.0,3.0,0.0,12.0,9.0,4.0,3.0,14.0,92.0,3.0,16.0,6.0,4.0,6.0,10.0,6.0,0.0,0.0,6.0,1.0,1.0,3.0,13.0,0.0,1.0,5.0,93.0,2.0,1.0,3.0,5.0,1.0,13.0,5.0,0.0,0.0,0.0,0.0,0.0,0.0,10.0,3.0,3.0,0.0,32.0,2.0,0.0,1.0,56.0,4.0,1.0,0.0,4.0,5.0,4.0,52.0,4.0,17.0,5.0,11.0,1.0,1.0,1.0,13.0,12.0,2.0,10.0,1.0,14.0,0.0,0.0,13.0,0.0,0.0,0.0,0.0,0.0,1.0,0.0,0.0,2.0,18.0,0.0,0.0,0.0,0.0,0.0,0.0,0.0,0.0,0.0,0.0,0.0,0.0,0.0,0.0,0.0,0.0,0.0,0.0,0.0,0.0,0.0,0.0,0.0,0.0,0.0,0.0,1.0,0.0,0.0,0.0,0.0,0.0,0.0,0.0,0.0,0.0,0.0,0.0,0.0,0.0,0.0,1.0,0.0,0.0,0.0,0.0,0.0,0.0,0.0,0.0,2.0,0.0,0.0,0.0,0.0,0.0,0.0,0.0,0.0,0.0,9.0,0.0,0.0,1.0,0.0,0.0,0.0,0.0,0.0,0.0,5.0,1.0,26.0,136.0,1.0,3.0,8.0,1.0,3.0,16.0,5.0,5.0,3.0,8.0,14.0,1.0,3.0,26.0,0.0,9.0,2.0,16.0,2.0,4.0,9.0,10.0,0.0,134.0,1.0,1.0,1.0,2.0,1.0,0.0,3.0,30.0,13.0,1.0,56.0,43.0,0.0,1.0,885.0,9.0,79.0,69.0,15.0,15.0,5.0,1.0,7.0,114.0
2010-09-01,19.0,7.0,21.0,7.0,1.0,9.0,0.0,13.0,4.0,0.0,5.0,597.0,12.0,67.0,0.0,0.0,1.0,22.0,36.0,267.0,2.0,5.0,2.0,0.0,1.0,2.0,279.0,22.0,12.0,1.0,1.0,44.0,1.0,64.0,0.0,17.0,365.0,31.0,76.0,64.0,114.0,30.0,7.0,19.0,100.0,29.0,26.0,9.0,4.0,24.0,6.0,0.0,32.0,0.0,325.0,0.0,10.0,5.0,9.0,3.0,7.0,9.0,0.0,10.0,46.0,611.0,3.0,4.0,23.0,34.0,48.0,17.0,7.0,9.0,2.0,0.0,0.0,1.0,3.0,0.0,6.0,7.0,13.0,1.0,0.0,3.0,8.0,342.0,1.0,4.0,31.0,0.0,0.0,1.0,2.0,3.0,0.0,6.0,2.0,2.0,1.0,0.0,0.0,0.0,168.0,0.0,49.0,1.0,0.0,1.0,2.0,6.0,16.0,2.0,7.0,587.0,0.0,269.0,12.0,15.0,79.0,3.0,3.0,1.0,5.0,98.0,0.0,16.0,1.0,0.0,8.0,21.0,17.0,11.0,8.0,7.0,4.0,3.0,93.0,10.0,16.0,1.0,2.0,6.0,13.0,0.0,2.0,5.0,1.0,12.0,464.0,1.0,13.0,88.0,24.0,27.0,2.0,9.0,4.0,2.0,16.0,46.0,6.0,2.0,0.0,4.0,15.0,21.0,37.0,4.0,2.0,3.0,3.0,169.0,7.0,4.0,13.0,15.0,1.0,8.0,2.0,1.0,83.0,15.0,24.0,9.0,10.0,96.0,31.0,37.0,40.0,731.0,57.0,2.0,4.0,8.0,2.0,6.0,69.0,79.0,2.0,3.0,87.0,14.0,1584.0,17.0,39.0,3.0,0.0,2.0,3.0,1.0,1.0,5.0,1.0,2.0,0.0,29.0,3.0,2.0,1.0,50.0,3.0,11.0,21.0,3.0,4.0,7.0,33.0,15.0,19.0,145.0,0.0,98.0,5.0,45.0,2.0,4.0,2.0,5.0,207.0,1.0,4.0,88.0,4.0,6.0,4.0,6.0,6.0,0.0,147.0,58.0,3.0,2.0,4.0,3.0,1.0,3.0,25.0,0.0,3.0,0.0,4.0,2.0,3.0,5.0,4.0,14.0,16.0,31.0,15.0,8.0,10.0,15.0,2.0,3.0,6.0,10.0,8.0,0.0,5.0,147.0,10.0,1.0,0.0,0.0,1.0,0.0,20.0,2.0,22.0,2.0,7.0,1.0,17.0,4.0,1.0,9.0,3.0,0.0,0.0,5.0,0.0,0.0,0.0,0.0,0.0,0.0,0.0,1.0,2.0,1.0,2.0,0.0,8.0,8.0,15.0,7.0,7.0,8.0,46.0,11.0,28.0,17.0,3.0,4.0,471.0,53.0,11.0,15.0,1.0,20.0,27.0,50.0,9.0,2.0,3.0,0.0,0.0,6.0,130.0,3.0,0.0,8.0,0.0,0.0,0.0,0.0,402.0,9.0,4.0,14.0,13.0,1.0,0.0,2.0,5.0,2.0,2.0,3.0,1.0,4.0,77.0,1.0,5.0,10.0,1.0,1.0,10.0,0.0,0.0,0.0,10.0,1.0,1.0,2.0,1.0,1.0,0.0,2.0,79.0,0.0,0.0,4.0,3.0,0.0,12.0,10.0,1.0,0.0,0.0,0.0,0.0,0.0,3.0,2.0,1.0,0.0,21.0,0.0,1.0,0.0,47.0,1.0,2.0,2.0,0.0,6.0,1.0,36.0,3.0,6.0,3.0,5.0,0.0,1.0,4.0,41.0,28.0,2.0,14.0,3.0,15.0,0.0,0.0,9.0,0.0,1.0,0.0,0.0,0.0,0.0,0.0,0.0,1.0,24.0,0.0,0.0,0.0,0.0,0.0,0.0,0.0,0.0,0.0,0.0,0.0,0.0,1.0,0.0,0.0,1.0,0.0,0.0,0.0,0.0,0.0,0.0,0.0,0.0,0.0,0.0,0.0,0.0,0.0,0.0,0.0,0.0,0.0,1.0,0.0,0.0,0.0,0.0,0.0,0.0,0.0,0.0,1.0,0.0,0.0,0.0,0.0,0.0,0.0,0.0,0.0,0.0,0.0,0.0,0.0,0.0,0.0,0.0,1.0,0.0,4.0,0.0,0.0,1.0,0.0,0.0,0.0,0.0,0.0,0.0,4.0,3.0,14.0,173.0,2.0,2.0,10.0,1.0,2.0,23.0,5.0,25.0,3.0,11.0,10.0,1.0,2.0,23.0,6.0,7.0,2.0,19.0,5.0,10.0,15.0,64.0,3.0,83.0,0.0,1.0,2.0,3.0,0.0,0.0,2.0,8.0,7.0,0.0,20.0,32.0,5.0,3.0,1382.0,19.0,33.0,67.0,13.0,15.0,1.0,3.0,2.0,82.0
2010-10-01,38.0,34.0,15.0,22.0,17.0,20.0,4.0,24.0,0.0,0.0,14.0,1010.0,16.0,102.0,0.0,0.0,0.0,45.0,25.0,233.0,0.0,27.0,1.0,1.0,0.0,23.0,70.0,21.0,5.0,2.0,2.0,46.0,1.0,43.0,0.0,20.0,307.0,30.0,82.0,78.0,77.0,47.0,17.0,57.0,149.0,25.0,18.0,46.0,15.0,114.0,18.0,4.0,60.0,0.0,267.0,0.0,3.0,8.0,3.0,12.0,4.0,21.0,0.0,6.0,58.0,227.0,2.0,3.0,9.0,12.0,45.0,17.0,15.0,2.0,2.0,0.0,0.0,2.0,2.0,1.0,5.0,2.0,40.0,3.0,0.0,4.0,5.0,167.0,6.0,2.0,6.0,0.0,0.0,0.0,0.0,1.0,0.0,3.0,0.0,0.0,8.0,1.0,0.0,0.0,358.0,1.0,42.0,9.0,0.0,0.0,53.0,0.0,19.0,1.0,5.0,483.0,7.0,278.0,7.0,19.0,112.0,0.0,13.0,3.0,95.0,182.0,2.0,35.0,0.0,0.0,10.0,25.0,7.0,21.0,11.0,3.0,1.0,7.0,74.0,3.0,16.0,1.0,2.0,31.0,22.0,8.0,26.0,7.0,0.0,32.0,377.0,5.0,3.0,39.0,9.0,19.0,14.0,5.0,2.0,3.0,7.0,88.0,14.0,22.0,7.0,0.0,11.0,23.0,23.0,2.0,1.0,2.0,5.0,86.0,20.0,5.0,11.0,16.0,5.0,9.0,1.0,0.0,30.0,2.0,23.0,4.0,9.0,93.0,20.0,46.0,36.0,276.0,27.0,0.0,0.0,8.0,3.0,1.0,43.0,53.0,2.0,3.0,58.0,9.0,1147.0,21.0,15.0,1.0,2.0,1.0,3.0,3.0,1.0,7.0,2.0,1.0,0.0,33.0,1.0,0.0,2.0,31.0,13.0,2.0,8.0,0.0,5.0,1.0,100.0,10.0,13.0,91.0,0.0,53.0,4.0,42.0,5.0,0.0,1.0,6.0,251.0,5.0,0.0,79.0,0.0,1.0,5.0,1.0,1.0,1.0,108.0,53.0,3.0,6.0,6.0,1.0,5.0,0.0,18.0,0.0,6.0,0.0,5.0,1.0,2.0,4.0,3.0,11.0,15.0,28.0,3.0,3.0,11.0,13.0,6.0,3.0,8.0,21.0,8.0,0.0,1.0,107.0,10.0,0.0,0.0,3.0,2.0,0.0,9.0,9.0,7.0,3.0,2.0,0.0,24.0,1.0,0.0,3.0,6.0,1.0,0.0,3.0,0.0,1.0,0.0,0.0,0.0,2.0,4.0,0.0,0.0,4.0,2.0,2.0,14.0,1.0,10.0,5.0,5.0,6.0,95.0,11.0,23.0,5.0,2.0,4.0,411.0,27.0,17.0,12.0,2.0,31.0,2.0,23.0,4.0,0.0,0.0,1.0,0.0,1.0,51.0,4.0,2.0,6.0,0.0,0.0,2.0,2.0,286.0,6.0,0.0,8.0,15.0,4.0,1.0,2.0,3.0,1.0,4.0,2.0,3.0,4.0,63.0,0.0,5.0,14.0,3.0,4.0,3.0,0.0,0.0,0.0,36.0,4.0,1.0,0.0,0.0,3.0,0.0,2.0,48.0,0.0,3.0,0.0,1.0,0.0,11.0,2.0,1.0,0.0,0.0,0.0,0.0,0.0,11.0,1.0,0.0,0.0,17.0,0.0,0.0,0.0,38.0,3.0,1.0,3.0,0.0,5.0,1.0,26.0,2.0,6.0,1.0,18.0,1.0,0.0,0.0,13.0,42.0,5.0,5.0,8.0,18.0,1.0,0.0,8.0,0.0,1.0,0.0,0.0,0.0,0.0,0.0,1.0,2.0,60.0,1.0,0.0,0.0,0.0,0.0,0.0,0.0,0.0,0.0,0.0,0.0,0.0,1.0,0.0,0.0,0.0,0.0,0.0,0.0,0.0,0.0,0.0,2.0,0.0,0.0,0.0,1.0,0.0,0.0,0.0,0.0,0.0,0.0,0.0,0.0,0.0,0.0,0.0,0.0,0.0,0.0,0.0,0.0,0.0,0.0,0.0,0.0,0.0,0.0,0.0,0.0,0.0,0.0,0.0,0.0,0.0,0.0,0.0,0.0,0.0,2.0,0.0,0.0,0.0,0.0,0.0,0.0,0.0,0.0,0.0,10.0,2.0,17.0,163.0,7.0,1.0,22.0,1.0,3.0,16.0,4.0,19.0,3.0,7.0,15.0,5.0,11.0,20.0,8.0,5.0,4.0,31.0,6.0,6.0,22.0,39.0,7.0,72.0,1.0,6.0,7.0,5.0,0.0,6.0,1.0,14.0,10.0,2.0,28.0,73.0,11.0,3.0,1779.0,29.0,20.0,80.0,12.0,26.0,2.0,2.0,2.0,77.0
2010-11-01,140.0,75.0,92.0,100.0,33.0,171.0,8.0,86.0,2.0,3.0,7.0,3000.0,15.0,118.0,0.0,0.0,0.0,62.0,90.0,710.0,0.0,9.0,0.0,0.0,35.0,15.0,62.0,11.0,11.0,1.0,1.0,187.0,0.0,14.0,0.0,38.0,460.0,66.0,47.0,40.0,88.0,59.0,72.0,126.0,200.0,41.0,64.0,189.0,56.0,188.0,37.0,2.0,96.0,0.0,106.0,0.0,13.0,23.0,18.0,89.0,33.0,86.0,20.0,84.0,58.0,92.0,3.0,30.0,20.0,14.0,2.0,10.0,25.0,8.0,5.0,0.0,0.0,2.0,3.0,1.0,7.0,0.0,36.0,4.0,1.0,22.0,5.0,156.0,25.0,2.0,0.0,0.0,1.0,5.0,4.0,0.0,0.0,2.0,0.0,4.0,47.0,2.0,1.0,0.0,197.0,9.0,27.0,92.0,0.0,2.0,128.0,4.0,26.0,6.0,7.0,693.0,9.0,490.0,26.0,37.0,112.0,4.0,6.0,1.0,3.0,205.0,3.0,53.0,0.0,0.0,1.0,15.0,15.0,24.0,1.0,8.0,0.0,17.0,89.0,7.0,4.0,1.0,24.0,12.0,15.0,8.0,51.0,13.0,5.0,30.0,296.0,14.0,4.0,33.0,5.0,17.0,18.0,7.0,12.0,3.0,5.0,85.0,16.0,12.0,7.0,1.0,6.0,34.0,35.0,4.0,0.0,0.0,2.0,68.0,8.0,5.0,54.0,36.0,10.0,7.0,1.0,0.0,44.0,3.0,22.0,4.0,2.0,103.0,2.0,25.0,19.0,249.0,26.0,0.0,2.0,9.0,1.0,0.0,12.0,68.0,1.0,7.0,33.0,18.0,841.0,23.0,9.0,3.0,3.0,3.0,2.0,2.0,1.0,17.0,1.0,1.0,3.0,23.0,3.0,0.0,37.0,64.0,19.0,8.0,15.0,2.0,7.0,21.0,441.0,8.0,85.0,91.0,1.0,38.0,10.0,82.0,2.0,0.0,0.0,9.0,212.0,61.0,11.0,109.0,12.0,5.0,3.0,13.0,5.0,0.0,112.0,101.0,10.0,3.0,45.0,3.0,37.0,8.0,19.0,0.0,1.0,0.0,2.0,4.0,9.0,13.0,5.0,30.0,21.0,39.0,4.0,6.0,12.0,65.0,5.0,32.0,19.0,16.0,5.0,0.0,5.0,161.0,2.0,0.0,0.0,0.0,1.0,0.0,86.0,20.0,61.0,2.0,10.0,0.0,27.0,0.0,0.0,3.0,2.0,0.0,0.0,14.0,0.0,0.0,0.0,0.0,0.0,0.0,1.0,2.0,0.0,6.0,6.0,0.0,9.0,3.0,13.0,15.0,6.0,3.0,355.0,14.0,39.0,10.0,0.0,3.0,654.0,42.0,17.0,12.0,1.0,54.0,11.0,15.0,7.0,1.0,3.0,1.0,0.0,3.0,61.0,10.0,1.0,21.0,0.0,1.0,5.0,3.0,729.0,31.0,2.0,4.0,15.0,2.0,3.0,0.0,2.0,7.0,5.0,5.0,5.0,8.0,129.0,2.0,0.0,6.0,5.0,5.0,8.0,0.0,0.0,0.0,10.0,0.0,2.0,0.0,12.0,0.0,0.0,3.0,79.0,2.0,4.0,1.0,12.0,0.0,7.0,9.0,2.0,0.0,0.0,4.0,0.0,1.0,9.0,1.0,0.0,0.0,37.0,5.0,0.0,0.0,20.0,4.0,0.0,1.0,0.0,8.0,2.0,50.0,0.0,21.0,1.0,15.0,2.0,0.0,0.0,31.0,42.0,2.0,6.0,4.0,25.0,0.0,0.0,5.0,0.0,78.0,0.0,0.0,0.0,0.0,0.0,3.0,3.0,104.0,4.0,0.0,0.0,0.0,0.0,0.0,0.0,0.0,0.0,0.0,0.0,0.0,1.0,0.0,0.0,0.0,0.0,1.0,0.0,0.0,0.0,0.0,1.0,0.0,0.0,0.0,0.0,2.0,0.0,0.0,1.0,0.0,0.0,0.0,0.0,0.0,1.0,0.0,0.0,0.0,0.0,1.0,0.0,0.0,0.0,0.0,0.0,0.0,0.0,0.0,0.0,0.0,0.0,0.0,0.0,0.0,0.0,0.0,0.0,0.0,4.0,0.0,0.0,0.0,0.0,0.0,0.0,0.0,0.0,0.0,31.0,2.0,46.0,324.0,6.0,3.0,24.0,0.0,4.0,10.0,7.0,52.0,10.0,78.0,26.0,41.0,4.0,54.0,78.0,10.0,23.0,32.0,17.0,8.0,50.0,45.0,17.0,148.0,3.0,11.0,41.0,4.0,2.0,26.0,17.0,32.0,49.0,3.0,86.0,120.0,5.0,5.0,1902.0,27.0,27.0,217.0,24.0,55.0,1.0,3.0,12.0,65.0
2010-12-01,372.0,151.0,129.0,269.0,111.0,333.0,83.0,205.0,8.0,0.0,22.0,5433.0,54.0,56.0,0.0,0.0,1.0,163.0,220.0,910.0,1.0,14.0,1.0,12.0,73.0,95.0,88.0,7.0,15.0,17.0,3.0,227.0,0.0,14.0,0.0,22.0,308.0,74.0,33.0,37.0,77.0,38.0,21.0,244.0,98.0,71.0,82.0,263.0,70.0,123.0,38.0,8.0,43.0,0.0,58.0,0.0,10.0,50.0,25.0,130.0,46.0,125.0,24.0,35.0,9.0,35.0,1.0,14.0,4.0,34.0,4.0,20.0,30.0,10.0,14.0,0.0,0.0,2.0,0.0,1.0,6.0,10.0,11.0,2.0,2.0,88.0,2.0,126.0,22.0,1.0,1.0,0.0,4.0,24.0,5.0,0.0,0.0,1.0,0.0,1.0,90.0,1.0,5.0,0.0,28.0,6.0,13.0,169.0,1.0,2.0,56.0,4.0,23.0,19.0,11.0,1528.0,30.0,349.0,40.0,52.0,59.0,0.0,12.0,3.0,2.0,133.0,5.0,68.0,29.0,0.0,28.0,24.0,10.0,45.0,9.0,7.0,2.0,17.0,68.0,1.0,4.0,1.0,27.0,4.0,6.0,5.0,53.0,22.0,8.0,15.0,276.0,15.0,27.0,25.0,21.0,33.0,9.0,10.0,10.0,0.0,0.0,57.0,11.0,8.0,1.0,4.0,2.0,14.0,13.0,0.0,0.0,0.0,0.0,32.0,9.0,3.0,20.0,53.0,11.0,10.0,0.0,1.0,24.0,5.0,19.0,7.0,5.0,60.0,17.0,7.0,13.0,250.0,25.0,0.0,3.0,4.0,4.0,1.0,12.0,57.0,1.0,8.0,35.0,3.0,357.0,14.0,12.0,0.0,1.0,2.0,2.0,4.0,0.0,11.0,0.0,5.0,5.0,21.0,3.0,1.0,118.0,78.0,43.0,9.0,4.0,6.0,0.0,11.0,765.0,15.0,120.0,99.0,6.0,49.0,4.0,101.0,1.0,0.0,3.0,3.0,153.0,39.0,4.0,187.0,30.0,15.0,15.0,43.0,2.0,0.0,177.0,95.0,40.0,17.0,73.0,8.0,34.0,93.0,66.0,0.0,3.0,0.0,3.0,103.0,11.0,16.0,86.0,20.0,30.0,104.0,8.0,8.0,19.0,103.0,4.0,10.0,40.0,63.0,22.0,0.0,5.0,226.0,5.0,2.0,1.0,3.0,4.0,0.0,210.0,59.0,177.0,17.0,35.0,4.0,47.0,116.0,1.0,4.0,2.0,1.0,4.0,2.0,0.0,0.0,0.0,1.0,0.0,0.0,8.0,2.0,0.0,26.0,18.0,0.0,59.0,4.0,70.0,86.0,4.0,4.0,185.0,121.0,58.0,21.0,2.0,2.0,1046.0,87.0,23.0,35.0,0.0,249.0,50.0,58.0,18.0,0.0,15.0,6.0,0.0,32.0,88.0,18.0,2.0,25.0,2.0,1.0,4.0,19.0,1275.0,72.0,10.0,7.0,86.0,2.0,10.0,1.0,8.0,22.0,20.0,27.0,11.0,54.0,414.0,3.0,33.0,141.0,8.0,4.0,4.0,0.0,1.0,0.0,53.0,5.0,3.0,4.0,20.0,1.0,0.0,5.0,112.0,3.0,5.0,5.0,22.0,1.0,5.0,13.0,5.0,0.0,0.0,1.0,0.0,1.0,16.0,1.0,3.0,0.0,62.0,8.0,1.0,0.0,54.0,2.0,4.0,5.0,2.0,22.0,3.0,86.0,4.0,75.0,2.0,33.0,1.0,3.0,0.0,25.0,191.0,1.0,17.0,4.0,96.0,0.0,0.0,19.0,2.0,427.0,1.0,0.0,0.0,0.0,1.0,13.0,9.0,293.0,3.0,1.0,1.0,0.0,2.0,0.0,0.0,0.0,0.0,0.0,0.0,0.0,5.0,1.0,1.0,0.0,1.0,0.0,0.0,0.0,0.0,1.0,2.0,0.0,1.0,0.0,1.0,2.0,0.0,0.0,1.0,0.0,0.0,0.0,0.0,1.0,1.0,0.0,0.0,0.0,0.0,1.0,0.0,0.0,2.0,0.0,0.0,0.0,1.0,0.0,1.0,0.0,0.0,0.0,0.0,0.0,0.0,0.0,0.0,1.0,0.0,0.0,0.0,0.0,0.0,1.0,0.0,0.0,0.0,0.0,41.0,12.0,106.0,728.0,12.0,21.0,22.0,1.0,59.0,162.0,14.0,243.0,44.0,126.0,47.0,42.0,142.0,247.0,83.0,17.0,28.0,94.0,156.0,52.0,244.0,57.0,17.0,476.0,35.0,79.0,86.0,199.0,6.0,61.0,8.0,57.0,133.0,33.0,164.0,198.0,53.0,39.0,3788.0,51.0,72.0,158.0,49.0,106.0,5.0,8.0,120.0,152.0
2011-01-01,49.0,151.0,54.0,77.0,157.0,63.0,31.0,116.0,25.0,8.0,8.0,8428.0,21.0,85.0,27.0,15.0,8.0,1018.0,154.0,8286.0,10.0,162.0,38.0,79.0,182.0,61.0,138.0,8.0,8.0,2.0,43.0,406.0,2.0,12.0,0.0,20.0,471.0,53.0,66.0,80.0,143.0,80.0,49.0,390.0,457.0,335.0,198.0,216.0,246.0,279.0,160.0,39.0,99.0,0.0,500.0,5.0,91.0,120.0,88.0,62.0,107.0,355.0,67.0,47.0,83.0,112.0,3.0,10.0,24.0,67.0,39.0,171.0,141.0,54.0,128.0,25.0,8.0,79.0,13.0,13.0,30.0,12.0,30.0,28.0,2.0,279.0,28.0,350.0,43.0,3.0,8.0,11.0,1.0,3.0,24.0,11.0,9.0,1.0,2.0,4.0,266.0,6.0,99.0,0.0,94.0,160.0,57.0,534.0,25.0,40.0,51.0,28.0,71.0,81.0,15.0,2288.0,75.0,554.0,177.0,77.0,56.0,6.0,20.0,5.0,8.0,458.0,68.0,35.0,1.0,5.0,84.0,90.0,40.0,232.0,13.0,21.0,6.0,74.0,123.0,25.0,10.0,20.0,10.0,11.0,59.0,20.0,47.0,52.0,3.0,80.0,271.0,3.0,42.0,106.0,96.0,64.0,23.0,7.0,67.0,5.0,3.0,103.0,4.0,84.0,4.0,24.0,9.0,13.0,32.0,0.0,1.0,0.0,9.0,66.0,10.0,15.0,104.0,139.0,14.0,77.0,7.0,0.0,7.0,2.0,42.0,10.0,5.0,176.0,15.0,12.0,9.0,110.0,34.0,1.0,4.0,4.0,0.0,2.0,68.0,64.0,1.0,8.0,31.0,5.0,317.0,16.0,15.0,1.0,13.0,0.0,7.0,4.0,8.0,14.0,1.0,0.0,3.0,38.0,7.0,2.0,660.0,155.0,44.0,66.0,23.0,11.0,9.0,8.0,760.0,68.0,100.0,83.0,11.0,13.0,37.0,95.0,4.0,2.0,1.0,16.0,232.0,38.0,8.0,160.0,11.0,23.0,1.0,48.0,6.0,5.0,134.0,58.0,3.0,5.0,57.0,28.0,14.0,14.0,58.0,1.0,10.0,0.0,19.0,14.0,19.0,19.0,187.0,7.0,88.0,119.0,5.0,26.0,40.0,222.0,15.0,37.0,311.0,2.0,16.0,1.0,0.0,470.0,20.0,0.0,1.0,7.0,2.0,7.0,249.0,70.0,364.0,24.0,81.0,1.0,34.0,0.0,1.0,5.0,8.0,12.0,1.0,9.0,0.0,2.0,1.0,0.0,1.0,1.0,0.0,0.0,2.0,118.0,41.0,3.0,31.0,20.0,610.0,355.0,116.0,30.0,324.0,457.0,119.0,131.0,2.0,1.0,1188.0,60.0,41.0,220.0,7.0,629.0,218.0,154.0,12.0,3.0,39.0,6.0,0.0,39.0,171.0,70.0,4.0,59.0,31.0,20.0,13.0,287.0,3519.0,146.0,7.0,9.0,52.0,7.0,14.0,2.0,17.0,44.0,118.0,338.0,16.0,25.0,1403.0,3.0,21.0,11.0,11.0,2.0,95.0,5.0,0.0,0.0,59.0,7.0,27.0,17.0,26.0,5.0,5.0,10.0,316.0,2.0,15.0,3.0,18.0,1.0,3.0,36.0,9.0,0.0,0.0,2.0,0.0,0.0,68.0,11.0,14.0,0.0,262.0,58.0,1.0,0.0,35.0,6.0,15.0,56.0,2.0,22.0,16.0,307.0,12.0,22.0,8.0,6.0,3.0,2.0,2.0,12.0,53.0,0.0,12.0,4.0,1374.0,0.0,1.0,19.0,175.0,711.0,4.0,4.0,0.0,0.0,0.0,9.0,11.0,100.0,0.0,4.0,1.0,0.0,0.0,0.0,0.0,0.0,0.0,0.0,0.0,0.0,15.0,1.0,0.0,4.0,1.0,0.0,0.0,0.0,0.0,0.0,1.0,0.0,0.0,1.0,4.0,2.0,0.0,0.0,6.0,0.0,0.0,1.0,0.0,1.0,0.0,0.0,0.0,0.0,0.0,4.0,2.0,0.0,1.0,0.0,0.0,0.0,0.0,0.0,0.0,0.0,1.0,0.0,0.0,0.0,0.0,1.0,0.0,1.0,5.0,0.0,0.0,0.0,0.0,0.0,0.0,0.0,0.0,0.0,14.0,14.0,149.0,584.0,27.0,77.0,49.0,24.0,6.0,27.0,14.0,133.0,32.0,76.0,19.0,21.0,23.0,167.0,67.0,19.0,15.0,65.0,55.0,33.0,90.0,26.0,6.0,251.0,4.0,24.0,74.0,36.0,0.0,6.0,108.0,50.0,75.0,9.0,144.0,240.0,15.0,11.0,2435.0,85.0,266.0,116.0,93.0,126.0,9.0,10.0,18.0,216.0
2011-02-01,78.0,152.0,33.0,74.0,86.0,49.0,32.0,56.0,22.0,8.0,2.0,4637.0,42.0,104.0,11.0,20.0,8.0,409.0,236.0,20399.0,16.0,351.0,57.0,42.0,187.0,165.0,96.0,10.0,10.0,12.0,138.0,539.0,0.0,14.0,3.0,39.0,517.0,37.0,42.0,131.0,108.0,98.0,91.0,226.0,478.0,559.0,348.0,253.0,238.0,173.0,204.0,144.0,40.0,0.0,668.0,2.0,67.0,122.0,60.0,60.0,142.0,382.0,58.0,97.0,39.0,277.0,10.0,40.0,61.0,93.0,28.0,151.0,322.0,71.0,88.0,30.0,6.0,106.0,33.0,62.0,82.0,9.0,15.0,43.0,2.0,198.0,73.0,550.0,71.0,9.0,9.0,10.0,4.0,2.0,13.0,19.0,58.0,19.0,8.0,26.0,250.0,10.0,118.0,1.0,201.0,173.0,248.0,386.0,62.0,77.0,55.0,261.0,236.0,153.0,16.0,3724.0,171.0,569.0,243.0,109.0,150.0,7.0,91.0,3.0,7.0,606.0,84.0,41.0,8.0,7.0,181.0,229.0,136.0,422.0,29.0,8.0,17.0,104.0,233.0,55.0,32.0,73.0,35.0,28.0,111.0,123.0,72.0,195.0,16.0,179.0,485.0,5.0,70.0,118.0,131.0,231.0,88.0,42.0,64.0,16.0,3.0,142.0,26.0,114.0,10.0,58.0,53.0,32.0,79.0,11.0,0.0,4.0,38.0,201.0,3.0,36.0,74.0,324.0,10.0,88.0,8.0,0.0,14.0,8.0,43.0,26.0,4.0,395.0,31.0,58.0,35.0,325.0,63.0,0.0,2.0,2.0,2.0,5.0,150.0,220.0,0.0,10.0,56.0,21.0,400.0,34.0,6.0,4.0,12.0,3.0,10.0,17.0,7.0,39.0,1.0,4.0,4.0,49.0,6.0,0.0,1033.0,306.0,48.0,122.0,15.0,74.0,37.0,14.0,793.0,57.0,158.0,250.0,59.0,6.0,53.0,84.0,13.0,2.0,5.0,23.0,241.0,74.0,18.0,168.0,13.0,92.0,4.0,120.0,7.0,5.0,123.0,218.0,3.0,17.0,85.0,19.0,16.0,7.0,120.0,1.0,16.0,3.0,38.0,19.0,35.0,22.0,148.0,8.0,139.0,156.0,2.0,69.0,41.0,263.0,26.0,58.0,531.0,12.0,32.0,0.0,9.0,492.0,27.0,0.0,2.0,9.0,9.0,54.0,232.0,42.0,622.0,81.0,142.0,2.0,50.0,5.0,3.0,2.0,9.0,25.0,4.0,14.0,4.0,4.0,2.0,2.0,0.0,0.0,4.0,2.0,1.0,162.0,51.0,7.0,34.0,112.0,891.0,373.0,453.0,47.0,669.0,336.0,134.0,160.0,3.0,6.0,1697.0,132.0,54.0,598.0,9.0,876.0,365.0,289.0,104.0,3.0,160.0,58.0,2.0,177.0,546.0,381.0,20.0,319.0,131.0,85.0,57.0,458.0,11863.0,249.0,15.0,47.0,102.0,26.0,8.0,7.0,40.0,185.0,311.0,455.0,101.0,99.0,4384.0,35.0,17.0,9.0,14.0,66.0,519.0,10.0,6.0,2.0,369.0,8.0,64.0,95.0,16.0,21.0,10.0,49.0,821.0,1.0,39.0,5.0,256.0,24.0,13.0,83.0,79.0,1.0,4.0,2.0,0.0,4.0,200.0,35.0,9.0,0.0,822.0,908.0,0.0,1.0,123.0,21.0,12.0,162.0,33.0,55.0,63.0,646.0,16.0,32.0,20.0,5.0,1.0,3.0,12.0,30.0,318.0,0.0,56.0,14.0,2620.0,1.0,1.0,160.0,1267.0,1582.0,1.0,41.0,1.0,1.0,0.0,33.0,116.0,381.0,3.0,1.0,0.0,0.0,0.0,2.0,1.0,0.0,0.0,0.0,0.0,0.0,18.0,1.0,0.0,1.0,0.0,0.0,0.0,0.0,0.0,0.0,6.0,0.0,0.0,0.0,5.0,4.0,0.0,1.0,2.0,0.0,1.0,1.0,1.0,3.0,1.0,1.0,0.0,0.0,0.0,7.0,0.0,1.0,0.0,0.0,0.0,0.0,0.0,0.0,2.0,0.0,1.0,0.0,0.0,1.0,0.0,0.0,0.0,1.0,5.0,0.0,0.0,1.0,0.0,0.0,0.0,0.0,0.0,1.0,44.0,25.0,220.0,461.0,28.0,103.0,80.0,99.0,10.0,25.0,19.0,59.0,21.0,44.0,15.0,14.0,20.0,130.0,31.0,14.0,13.0,37.0,24.0,17.0,30.0,7.0,2.0,220.0,4.0,11.0,55.0,19.0,3.0,5.0,89.0,21.0,64.0,8.0,108.0,288.0,15.0,21.0,2542.0,125.0,574.0,107.0,103.0,116.0,19.0,3.0,5.0,179.0
2011-03-01,64.0,159.0,36.0,83.0,166.0,74.0,25.0,64.0,14.0,97.0,69.0,2722.0,30.0,99.0,6.0,13.0,5.0,116.0,85.0,17651.0,15.0,479.0,42.0,48.0,63.0,199.0,131.0,26.0,1.0,14.0,139.0,264.0,0.0,3.0,1.0,72.0,410.0,44.0,94.0,101.0,52.0,72.0,112.0,107.0,342.0,405.0,184.0,251.0,227.0,148.0,134.0,144.0,103.0,0.0,424.0,3.0,166.0,169.0,65.0,96.0,104.0,514.0,43.0,63.0,20.0,482.0,5.0,18.0,36.0,13.0,9.0,73.0,370.0,121.0,57.0,25.0,5.0,11.0,11.0,30.0,122.0,17.0,51.0,43.0,11.0,140.0,277.0,719.0,71.0,6.0,15.0,6.0,11.0,13.0,88.0,24.0,99.0,25.0,24.0,64.0,188.0,17.0,120.0,3.0,510.0,234.0,176.0,150.0,83.0,168.0,82.0,397.0,344.0,168.0,25.0,8620.0,72.0,780.0,234.0,90.0,98.0,29.0,180.0,12.0,15.0,404.0,89.0,32.0,14.0,50.0,122.0,232.0,66.0,563.0,43.0,44.0,59.0,31.0,166.0,60.0,60.0,39.0,53.0,78.0,91.0,233.0,194.0,581.0,59.0,386.0,1573.0,52.0,72.0,171.0,130.0,274.0,33.0,53.0,123.0,42.0,17.0,119.0,42.0,86.0,79.0,154.0,159.0,142.0,110.0,53.0,25.0,42.0,73.0,726.0,11.0,31.0,183.0,536.0,19.0,91.0,17.0,16.0,55.0,8.0,91.0,75.0,5.0,473.0,82.0,135.0,91.0,744.0,114.0,7.0,7.0,17.0,14.0,6.0,116.0,237.0,1.0,17.0,151.0,96.0,727.0,44.0,35.0,8.0,13.0,3.0,19.0,26.0,12.0,8.0,10.0,5.0,9.0,106.0,20.0,9.0,862.0,442.0,47.0,317.0,46.0,186.0,65.0,48.0,1315.0,114.0,158.0,527.0,124.0,50.0,211.0,125.0,42.0,3.0,9.0,48.0,493.0,92.0,132.0,255.0,54.0,111.0,17.0,274.0,13.0,13.0,328.0,549.0,22.0,33.0,76.0,18.0,18.0,23.0,145.0,2.0,41.0,1.0,48.0,38.0,41.0,11.0,141.0,20.0,153.0,196.0,11.0,135.0,61.0,337.0,27.0,10.0,385.0,17.0,55.0,1.0,6.0,696.0,57.0,2.0,5.0,24.0,87.0,89.0,461.0,27.0,677.0,49.0,115.0,3.0,98.0,10.0,2.0,8.0,17.0,72.0,13.0,93.0,6.0,6.0,18.0,3.0,0.0,1.0,1.0,6.0,2.0,304.0,35.0,15.0,69.0,196.0,679.0,537.0,423.0,112.0,623.0,254.0,182.0,174.0,14.0,10.0,2932.0,257.0,78.0,673.0,19.0,606.0,362.0,541.0,287.0,46.0,434.0,219.0,0.0,503.0,1247.0,1023.0,173.0,779.0,324.0,148.0,105.0,310.0,23408.0,320.0,21.0,84.0,287.0,76.0,6.0,6.0,30.0,252.0,423.0,513.0,391.0,161.0,6580.0,88.0,47.0,6.0,33.0,110.0,1138.0,40.0,12.0,13.0,936.0,44.0,336.0,540.0,150.0,41.0,101.0,300.0,1787.0,11.0,58.0,25.0,172.0,26.0,36.0,159.0,237.0,2.0,3.0,11.0,3.0,1.0,650.0,77.0,47.0,2.0,2232.0,1327.0,7.0,8.0,406.0,169.0,36.0,469.0,97.0,277.0,159.0,1324.0,16.0,54.0,50.0,115.0,8.0,42.0,54.0,70.0,660.0,5.0,92.0,20.0,2637.0,9.0,9.0,658.0,1742.0,1487.0,1.0,58.0,4.0,0.0,1.0,162.0,332.0,2268.0,16.0,17.0,0.0,1.0,1.0,1.0,0.0,0.0,0.0,0.0,0.0,0.0,21.0,3.0,0.0,1.0,0.0,1.0,0.0,1.0,1.0,0.0,6.0,0.0,1.0,0.0,2.0,1.0,0.0,1.0,4.0,0.0,3.0,1.0,0.0,43.0,0.0,1.0,2.0,0.0,1.0,1.0,0.0,2.0,1.0,0.0,0.0,0.0,0.0,0.0,0.0,0.0,1.0,0.0,0.0,2.0,0.0,1.0,0.0,1.0,19.0,3.0,0.0,2.0,0.0,0.0,0.0,0.0,0.0,2.0,52.0,4.0,186.0,478.0,80.0,185.0,125.0,249.0,11.0,43.0,21.0,18.0,10.0,39.0,24.0,21.0,23.0,109.0,10.0,8.0,13.0,43.0,16.0,27.0,17.0,10.0,3.0,264.0,8.0,11.0,45.0,11.0,0.0,12.0,58.0,29.0,99.0,3.0,140.0,368.0,12.0,34.0,2354.0,104.0,832.0,155.0,91.0,141.0,27.0,8.0,5.0,242.0
2011-04-01,55.0,97.0,22.0,42.0,134.0,41.0,14.0,51.0,2.0,45.0,46.0,1140.0,21.0,22.0,4.0,22.0,1.0,26.0,23.0,4787.0,2.0,254.0,10.0,1.0,7.0,64.0,82.0,13.0,13.0,9.0,24.0,266.0,0.0,4.0,2.0,29.0,255.0,18.0,39.0,45.0,22.0,32.0,55.0,37.0,269.0,105.0,94.0,98.0,119.0,62.0,80.0,68.0,91.0,0.0,215.0,7.0,158.0,130.0,39.0,113.0,69.0,561.0,25.0,34.0,11.0,441.0,1.0,26.0,5.0,2.0,6.0,24.0,141.0,83.0,44.0,23.0,10.0,2.0,11.0,7.0,65.0,21.0,26.0,31.0,5.0,59.0,241.0,862.0,65.0,10.0,17.0,6.0,20.0,3.0,175.0,15.0,78.0,31.0,25.0,261.0,75.0,14.0,47.0,0.0,277.0,322.0,179.0,73.0,59.0,132.0,76.0,148.0,179.0,115.0,38.0,12201.0,20.0,661.0,255.0,36.0,73.0,60.0,178.0,26.0,15.0,258.0,26.0,55.0,7.0,24.0,184.0,201.0,68.0,194.0,32.0,29.0,54.0,9.0,79.0,37.0,95.0,28.0,36.0,62.0,74.0,163.0,178.0,352.0,91.0,458.0,2435.0,96.0,58.0,100.0,48.0,43.0,7.0,10.0,62.0,7.0,24.0,98.0,33.0,70.0,67.0,156.0,158.0,154.0,99.0,30.0,15.0,44.0,121.0,761.0,38.0,44.0,266.0,211.0,9.0,165.0,12.0,11.0,35.0,16.0,68.0,440.0,10.0,484.0,48.0,74.0,83.0,811.0,90.0,3.0,20.0,15.0,13.0,11.0,111.0,132.0,1.0,17.0,131.0,186.0,500.0,40.0,23.0,5.0,16.0,2.0,32.0,22.0,4.0,14.0,11.0,2.0,13.0,187.0,9.0,15.0,726.0,288.0,73.0,607.0,41.0,141.0,313.0,33.0,1296.0,164.0,144.0,378.0,99.0,50.0,189.0,157.0,44.0,18.0,20.0,81.0,827.0,92.0,85.0,296.0,37.0,126.0,37.0,244.0,21.0,4.0,646.0,542.0,8.0,15.0,56.0,33.0,16.0,32.0,130.0,7.0,15.0,2.0,31.0,22.0,22.0,9.0,200.0,14.0,236.0,200.0,7.0,187.0,44.0,424.0,34.0,4.0,261.0,19.0,103.0,0.0,12.0,859.0,54.0,3.0,3.0,40.0,69.0,229.0,360.0,74.0,758.0,47.0,110.0,1.0,54.0,5.0,0.0,6.0,19.0,66.0,21.0,242.0,18.0,6.0,61.0,15.0,2.0,4.0,0.0,9.0,4.0,363.0,22.0,13.0,175.0,194.0,1146.0,699.0,178.0,171.0,720.0,126.0,274.0,299.0,29.0,19.0,4260.0,180.0,116.0,562.0,42.0,342.0,255.0,1083.0,238.0,174.0,1024.0,478.0,3.0,1194.0,1998.0,2147.0,468.0,1094.0,824.0,126.0,126.0,334.0,38247.0,354.0,67.0,132.0,569.0,204.0,4.0,28.0,21.0,394.0,573.0,254.0,530.0,206.0,11746.0,145.0,195.0,27.0,84.0,226.0,1619.0,155.0,9.0,13.0,1457.0,79.0,770.0,1460.0,396.0,125.0,243.0,977.0,3357.0,9.0,93.0,33.0,192.0,70.0,40.0,289.0,337.0,1.0,6.0,51.0,1.0,1.0,1270.0,111.0,69.0,2.0,2999.0,1274.0,15.0,11.0,926.0,737.0,101.0,733.0,259.0,449.0,175.0,2505.0,26.0,136.0,63.0,167.0,12.0,22.0,76.0,93.0,274.0,7.0,66.0,38.0,1547.0,12.0,56.0,772.0,851.0,603.0,0.0,19.0,1.0,1.0,1.0,108.0,213.0,1217.0,12.0,24.0,1.0,0.0,4.0,0.0,0.0,0.0,0.0,0.0,0.0,0.0,16.0,2.0,0.0,0.0,1.0,0.0,3.0,0.0,1.0,0.0,6.0,0.0,0.0,0.0,6.0,5.0,0.0,0.0,9.0,0.0,2.0,2.0,0.0,97.0,0.0,0.0,1.0,0.0,2.0,4.0,1.0,0.0,2.0,0.0,0.0,0.0,1.0,0.0,3.0,0.0,1.0,1.0,0.0,0.0,0.0,0.0,0.0,0.0,28.0,0.0,0.0,0.0,0.0,0.0,1.0,0.0,0.0,0.0,24.0,3.0,193.0,340.0,91.0,213.0,184.0,304.0,8.0,32.0,36.0,1.0,0.0,9.0,18.0,13.0,7.0,17.0,12.0,15.0,3.0,22.0,25.0,3.0,10.0,6.0,3.0,198.0,11.0,5.0,31.0,8.0,1.0,1.0,44.0,29.0,125.0,7.0,203.0,458.0,9.0,9.0,1605.0,60.0,1063.0,165.0,54.0,177.0,16.0,9.0,9.0,280.0
2011-05-01,26.0,59.0,25.0,7.0,36.0,7.0,7.0,4.0,2.0,5.0,13.0,304.0,17.0,30.0,1.0,78.0,2.0,17.0,7.0,1961.0,8.0,45.0,2.0,1.0,5.0,11.0,66.0,2.0,25.0,8.0,12.0,123.0,0.0,2.0,4.0,10.0,167.0,15.0,20.0,23.0,13.0,14.0,17.0,20.0,150.0,32.0,54.0,50.0,33.0,6.0,48.0,15.0,63.0,0.0,105.0,0.0,169.0,144.0,33.0,154.0,10.0,1105.0,13.0,9.0,24.0,699.0,9.0,23.0,15.0,13.0,26.0,26.0,52.0,58.0,32.0,34.0,3.0,6.0,14.0,5.0,52.0,23.0,14.0,6.0,7.0,24.0,81.0,1085.0,58.0,28.0,52.0,5.0,4.0,3.0,218.0,28.0,41.0,21.0,33.0,176.0,39.0,12.0,42.0,1.0,139.0,231.0,153.0,15.0,22.0,39.0,16.0,109.0,89.0,28.0,25.0,6644.0,9.0,420.0,176.0,19.0,39.0,69.0,156.0,8.0,13.0,78.0,8.0,33.0,10.0,18.0,84.0,88.0,77.0,82.0,11.0,26.0,72.0,2.0,28.0,11.0,69.0,54.0,12.0,26.0,75.0,69.0,217.0,225.0,72.0,233.0,2250.0,77.0,28.0,57.0,25.0,8.0,2.0,3.0,37.0,2.0,11.0,30.0,17.0,48.0,33.0,102.0,42.0,87.0,78.0,20.0,18.0,38.0,57.0,851.0,11.0,19.0,112.0,100.0,4.0,163.0,7.0,19.0,33.0,22.0,36.0,285.0,7.0,383.0,99.0,106.0,72.0,1101.0,89.0,8.0,12.0,5.0,4.0,17.0,152.0,162.0,3.0,15.0,52.0,157.0,388.0,36.0,40.0,4.0,36.0,2.0,32.0,13.0,6.0,38.0,5.0,2.0,2.0,233.0,13.0,15.0,306.0,107.0,75.0,504.0,9.0,86.0,124.0,26.0,562.0,118.0,81.0,354.0,22.0,48.0,114.0,182.0,39.0,37.0,16.0,64.0,1332.0,67.0,46.0,276.0,49.0,206.0,44.0,121.0,36.0,9.0,666.0,319.0,7.0,21.0,25.0,36.0,10.0,12.0,106.0,43.0,7.0,1.0,29.0,33.0,11.0,12.0,81.0,4.0,172.0,130.0,7.0,168.0,53.0,245.0,55.0,2.0,180.0,5.0,88.0,0.0,2.0,570.0,67.0,1.0,3.0,55.0,30.0,299.0,353.0,165.0,774.0,37.0,132.0,1.0,53.0,2.0,1.0,3.0,27.0,40.0,15.0,237.0,13.0,2.0,91.0,7.0,0.0,2.0,1.0,4.0,5.0,351.0,23.0,3.0,130.0,168.0,785.0,436.0,159.0,272.0,658.0,207.0,274.0,339.0,35.0,16.0,4773.0,207.0,171.0,347.0,61.0,199.0,89.0,1524.0,227.0,223.0,391.0,308.0,5.0,762.0,2162.0,3555.0,595.0,1139.0,274.0,64.0,58.0,201.0,23486.0,348.0,44.0,126.0,295.0,176.0,2.0,57.0,12.0,250.0,239.0,112.0,275.0,207.0,6836.0,86.0,189.0,20.0,48.0,128.0,931.0,112.0,2.0,6.0,952.0,42.0,533.0,1200.0,280.0,116.0,208.0,731.0,1973.0,8.0,25.0,15.0,81.0,52.0,20.0,75.0,168.0,3.0,0.0,51.0,0.0,2.0,754.0,28.0,38.0,1.0,2046.0,1022.0,7.0,5.0,799.0,164.0,69.0,376.0,154.0,222.0,79.0,1239.0,14.0,109.0,33.0,88.0,2.0,10.0,43.0,55.0,128.0,1.0,18.0,14.0,532.0,3.0,35.0,386.0,273.0,126.0,1.0,3.0,0.0,0.0,0.0,41.0,65.0,282.0,7.0,15.0,2.0,0.0,1.0,0.0,1.0,0.0,0.0,0.0,0.0,1.0,14.0,0.0,0.0,0.0,2.0,0.0,0.0,0.0,2.0,0.0,4.0,0.0,0.0,0.0,4.0,1.0,1.0,0.0,1.0,0.0,2.0,1.0,1.0,24.0,0.0,0.0,2.0,0.0,2.0,3.0,0.0,1.0,0.0,0.0,0.0,0.0,0.0,0.0,0.0,0.0,0.0,0.0,0.0,0.0,1.0,0.0,0.0,0.0,4.0,0.0,0.0,0.0,0.0,0.0,0.0,0.0,0.0,0.0,6.0,1.0,113.0,117.0,43.0,133.0,125.0,90.0,1.0,14.0,39.0,1.0,5.0,4.0,17.0,10.0,24.0,59.0,0.0,19.0,3.0,10.0,16.0,5.0,8.0,3.0,8.0,54.0,0.0,3.0,28.0,1.0,0.0,6.0,13.0,9.0,121.0,2.0,137.0,369.0,7.0,3.0,1340.0,32.0,724.0,202.0,24.0,76.0,18.0,8.0,17.0,269.0
2011-06-01,12.0,14.0,0.0,1.0,12.0,3.0,1.0,1.0,2.0,1.0,7.0,99.0,17.0,19.0,1.0,34.0,1.0,20.0,3.0,1042.0,0.0,7.0,0.0,1.0,3.0,6.0,81.0,6.0,32.0,14.0,13.0,22.0,0.0,5.0,2.0,3.0,90.0,6.0,9.0,10.0,9.0,32.0,5.0,7.0,47.0,12.0,64.0,20.0,6.0,5.0,12.0,4.0,54.0,0.0,62.0,0.0,67.0,81.0,19.0,78.0,4.0,931.0,2.0,3.0,9.0,980.0,4.0,9.0,5.0,2.0,4.0,4.0,15.0,17.0,7.0,32.0,0.0,2.0,5.0,4.0,31.0,15.0,7.0,3.0,3.0,12.0,18.0,904.0,53.0,17.0,30.0,4.0,0.0,2.0,93.0,5.0,20.0,42.0,12.0,32.0,13.0,3.0,3.0,0.0,21.0,96.0,28.0,2.0,4.0,8.0,13.0,63.0,31.0,4.0,15.0,2410.0,4.0,91.0,56.0,10.0,29.0,43.0,64.0,1.0,4.0,30.0,3.0,8.0,2.0,5.0,19.0,47.0,26.0,37.0,1.0,10.0,22.0,9.0,23.0,3.0,42.0,26.0,3.0,11.0,49.0,38.0,149.0,94.0,44.0,59.0,1797.0,23.0,12.0,57.0,11.0,2.0,5.0,0.0,37.0,1.0,10.0,14.0,8.0,6.0,9.0,73.0,34.0,28.0,52.0,13.0,7.0,39.0,27.0,552.0,4.0,1.0,18.0,33.0,2.0,106.0,6.0,10.0,34.0,17.0,30.0,99.0,2.0,153.0,40.0,79.0,40.0,944.0,46.0,0.0,4.0,1.0,2.0,4.0,113.0,137.0,0.0,26.0,56.0,52.0,245.0,23.0,44.0,6.0,21.0,4.0,27.0,8.0,2.0,29.0,1.0,1.0,6.0,195.0,5.0,11.0,109.0,13.0,15.0,295.0,3.0,63.0,17.0,5.0,108.0,49.0,23.0,291.0,25.0,8.0,65.0,53.0,55.0,7.0,17.0,38.0,1154.0,38.0,18.0,144.0,10.0,116.0,14.0,58.0,10.0,3.0,231.0,194.0,8.0,14.0,5.0,14.0,1.0,7.0,36.0,26.0,0.0,0.0,7.0,13.0,0.0,6.0,24.0,1.0,22.0,36.0,1.0,33.0,15.0,51.0,11.0,1.0,58.0,3.0,20.0,1.0,3.0,150.0,13.0,0.0,5.0,4.0,6.0,46.0,131.0,59.0,225.0,7.0,46.0,0.0,15.0,0.0,0.0,0.0,6.0,5.0,3.0,24.0,1.0,0.0,8.0,2.0,0.0,0.0,1.0,1.0,0.0,55.0,2.0,1.0,6.0,31.0,82.0,142.0,44.0,99.0,260.0,116.0,133.0,73.0,9.0,9.0,1959.0,98.0,65.0,104.0,20.0,99.0,15.0,721.0,152.0,60.0,26.0,44.0,3.0,197.0,1215.0,878.0,50.0,535.0,65.0,9.0,13.0,49.0,5772.0,74.0,9.0,35.0,72.0,39.0,0.0,14.0,1.0,31.0,71.0,4.0,49.0,24.0,887.0,8.0,71.0,5.0,1.0,16.0,123.0,9.0,0.0,0.0,147.0,12.0,67.0,138.0,64.0,28.0,21.0,124.0,275.0,1.0,3.0,2.0,13.0,6.0,8.0,11.0,12.0,0.0,0.0,3.0,0.0,0.0,75.0,15.0,6.0,0.0,311.0,135.0,1.0,1.0,108.0,26.0,17.0,33.0,9.0,33.0,20.0,191.0,1.0,35.0,10.0,26.0,0.0,1.0,5.0,7.0,22.0,0.0,5.0,0.0,26.0,0.0,0.0,50.0,18.0,2.0,0.0,0.0,0.0,0.0,1.0,2.0,2.0,22.0,0.0,2.0,0.0,0.0,0.0,0.0,0.0,0.0,0.0,0.0,0.0,0.0,0.0,0.0,0.0,0.0,0.0,1.0,1.0,0.0,0.0,0.0,1.0,0.0,0.0,0.0,1.0,0.0,0.0,0.0,0.0,0.0,0.0,0.0,0.0,0.0,1.0,0.0,0.0,0.0,0.0,0.0,0.0,0.0,0.0,0.0,0.0,0.0,0.0,0.0,1.0,0.0,0.0,0.0,0.0,0.0,0.0,0.0,0.0,0.0,2.0,0.0,0.0,1.0,0.0,0.0,0.0,0.0,0.0,0.0,0.0,0.0,35.0,32.0,9.0,43.0,14.0,8.0,2.0,5.0,5.0,7.0,5.0,5.0,5.0,5.0,35.0,84.0,0.0,6.0,8.0,6.0,10.0,0.0,11.0,1.0,0.0,35.0,0.0,0.0,7.0,0.0,0.0,2.0,3.0,0.0,9.0,0.0,43.0,135.0,2.0,2.0,604.0,13.0,203.0,55.0,14.0,19.0,10.0,4.0,8.0,73.0
2011-07-01,15.0,1.0,1.0,2.0,8.0,3.0,1.0,1.0,0.0,1.0,1.0,50.0,4.0,19.0,0.0,7.0,0.0,34.0,0.0,503.0,2.0,1.0,0.0,0.0,0.0,2.0,110.0,11.0,18.0,5.0,3.0,17.0,0.0,2.0,1.0,3.0,86.0,7.0,13.0,10.0,0.0,28.0,3.0,11.0,38.0,2.0,61.0,3.0,5.0,6.0,6.0,0.0,0.0,0.0,40.0,1.0,27.0,53.0,8.0,32.0,0.0,484.0,2.0,1.0,9.0,842.0,5.0,5.0,10.0,3.0,2.0,4.0,9.0,19.0,5.0,9.0,2.0,4.0,1.0,3.0,24.0,6.0,0.0,0.0,0.0,4.0,6.0,523.0,43.0,2.0,36.0,2.0,0.0,0.0,11.0,3.0,2.0,21.0,5.0,8.0,6.0,2.0,4.0,0.0,2.0,21.0,42.0,2.0,0.0,2.0,0.0,10.0,29.0,2.0,2.0,985.0,1.0,10.0,14.0,15.0,3.0,10.0,23.0,1.0,3.0,27.0,0.0,1.0,4.0,0.0,7.0,31.0,16.0,26.0,6.0,1.0,18.0,5.0,15.0,1.0,18.0,17.0,2.0,5.0,11.0,23.0,98.0,43.0,31.0,51.0,824.0,8.0,14.0,29.0,7.0,3.0,2.0,0.0,19.0,1.0,10.0,8.0,10.0,5.0,6.0,29.0,18.0,17.0,30.0,2.0,0.0,7.0,9.0,260.0,1.0,3.0,12.0,14.0,5.0,50.0,1.0,5.0,13.0,14.0,11.0,72.0,2.0,134.0,21.0,33.0,15.0,634.0,35.0,3.0,3.0,1.0,2.0,0.0,66.0,53.0,0.0,6.0,34.0,15.0,149.0,19.0,42.0,2.0,13.0,0.0,21.0,10.0,5.0,15.0,0.0,0.0,2.0,221.0,4.0,12.0,43.0,8.0,3.0,157.0,6.0,33.0,10.0,11.0,38.0,24.0,18.0,265.0,12.0,12.0,24.0,60.0,6.0,15.0,10.0,27.0,839.0,10.0,9.0,92.0,2.0,44.0,8.0,45.0,15.0,3.0,101.0,65.0,5.0,6.0,6.0,2.0,0.0,0.0,17.0,16.0,0.0,0.0,10.0,2.0,1.0,5.0,6.0,1.0,1.0,19.0,0.0,11.0,5.0,7.0,0.0,1.0,16.0,2.0,8.0,0.0,1.0,43.0,3.0,2.0,1.0,0.0,0.0,5.0,77.0,9.0,122.0,2.0,16.0,1.0,3.0,0.0,0.0,2.0,4.0,4.0,0.0,8.0,1.0,0.0,2.0,1.0,0.0,0.0,0.0,1.0,0.0,11.0,5.0,1.0,2.0,7.0,13.0,15.0,16.0,49.0,75.0,56.0,43.0,23.0,0.0,1.0,804.0,42.0,12.0,26.0,16.0,47.0,4.0,338.0,32.0,12.0,7.0,6.0,2.0,49.0,451.0,213.0,17.0,133.0,8.0,3.0,10.0,18.0,1604.0,16.0,1.0,11.0,30.0,15.0,1.0,3.0,0.0,11.0,15.0,2.0,8.0,10.0,155.0,2.0,10.0,2.0,1.0,5.0,20.0,5.0,2.0,1.0,49.0,11.0,10.0,29.0,19.0,14.0,5.0,21.0,63.0,0.0,0.0,0.0,13.0,0.0,0.0,3.0,5.0,0.0,0.0,1.0,0.0,1.0,14.0,4.0,3.0,0.0,54.0,27.0,2.0,2.0,28.0,4.0,9.0,9.0,5.0,8.0,1.0,91.0,2.0,12.0,0.0,4.0,0.0,0.0,1.0,1.0,4.0,0.0,2.0,0.0,8.0,0.0,0.0,3.0,5.0,0.0,0.0,0.0,0.0,0.0,0.0,1.0,1.0,5.0,0.0,0.0,0.0,0.0,0.0,0.0,0.0,0.0,0.0,0.0,0.0,0.0,1.0,0.0,0.0,1.0,0.0,0.0,0.0,0.0,0.0,0.0,1.0,0.0,0.0,1.0,0.0,0.0,0.0,0.0,2.0,0.0,0.0,0.0,0.0,0.0,0.0,0.0,0.0,0.0,0.0,0.0,0.0,0.0,0.0,1.0,0.0,0.0,0.0,0.0,0.0,0.0,0.0,0.0,0.0,0.0,0.0,0.0,0.0,0.0,2.0,0.0,0.0,0.0,0.0,0.0,0.0,0.0,0.0,0.0,0.0,0.0,17.0,15.0,3.0,15.0,5.0,2.0,1.0,3.0,1.0,7.0,0.0,19.0,1.0,6.0,29.0,91.0,0.0,4.0,3.0,1.0,3.0,0.0,6.0,0.0,1.0,25.0,1.0,0.0,0.0,0.0,0.0,1.0,4.0,2.0,7.0,1.0,13.0,21.0,0.0,1.0,255.0,2.0,132.0,58.0,3.0,10.0,6.0,3.0,2.0,50.0
2011-08-01,17.0,6.0,2.0,18.0,3.0,3.0,8.0,2.0,2.0,0.0,1.0,49.0,2.0,40.0,0.0,8.0,0.0,14.0,0.0,437.0,0.0,1.0,1.0,1.0,0.0,1.0,95.0,10.0,12.0,5.0,1.0,14.0,0.0,2.0,4.0,1.0,116.0,5.0,11.0,21.0,29.0,20.0,6.0,6.0,35.0,8.0,82.0,2.0,2.0,9.0,1.0,1.0,34.0,0.0,35.0,0.0,32.0,43.0,11.0,31.0,0.0,332.0,0.0,3.0,13.0,903.0,4.0,3.0,10.0,2.0,1.0,3.0,13.0,4.0,1.0,11.0,0.0,1.0,1.0,1.0,11.0,20.0,1.0,1.0,0.0,8.0,4.0,324.0,23.0,5.0,22.0,0.0,0.0,0.0,1.0,6.0,2.0,17.0,3.0,7.0,3.0,1.0,0.0,0.0,1.0,51.0,8.0,3.0,0.0,1.0,0.0,9.0,16.0,0.0,0.0,631.0,2.0,2.0,8.0,6.0,1.0,9.0,14.0,10.0,2.0,0.0,0.0,1.0,2.0,0.0,7.0,14.0,1.0,19.0,4.0,1.0,15.0,1.0,11.0,0.0,8.0,9.0,1.0,4.0,3.0,14.0,42.0,23.0,9.0,24.0,461.0,6.0,11.0,7.0,2.0,1.0,7.0,1.0,8.0,5.0,3.0,3.0,2.0,0.0,1.0,12.0,4.0,2.0,14.0,4.0,0.0,1.0,8.0,130.0,3.0,5.0,1.0,9.0,3.0,9.0,0.0,1.0,9.0,7.0,4.0,28.0,3.0,53.0,14.0,20.0,6.0,523.0,21.0,0.0,2.0,1.0,1.0,1.0,66.0,77.0,0.0,4.0,31.0,3.0,109.0,8.0,31.0,7.0,8.0,1.0,11.0,7.0,1.0,20.0,0.0,1.0,2.0,120.0,1.0,10.0,6.0,1.0,6.0,50.0,11.0,7.0,3.0,11.0,18.0,17.0,19.0,175.0,4.0,10.0,29.0,30.0,6.0,6.0,4.0,18.0,470.0,3.0,8.0,84.0,0.0,19.0,8.0,22.0,6.0,2.0,112.0,36.0,4.0,3.0,5.0,3.0,2.0,2.0,12.0,0.0,0.0,0.0,0.0,1.0,0.0,0.0,6.0,1.0,1.0,15.0,0.0,1.0,5.0,5.0,0.0,0.0,9.0,0.0,5.0,0.0,0.0,43.0,0.0,0.0,0.0,1.0,2.0,0.0,54.0,3.0,70.0,4.0,5.0,0.0,3.0,0.0,0.0,1.0,1.0,1.0,1.0,1.0,0.0,0.0,0.0,0.0,1.0,0.0,0.0,0.0,0.0,12.0,1.0,0.0,2.0,3.0,4.0,11.0,7.0,70.0,46.0,35.0,15.0,10.0,1.0,1.0,300.0,29.0,16.0,23.0,1.0,14.0,3.0,103.0,16.0,1.0,3.0,3.0,0.0,47.0,69.0,58.0,7.0,63.0,4.0,6.0,6.0,11.0,945.0,4.0,1.0,1.0,28.0,9.0,0.0,0.0,0.0,1.0,15.0,3.0,6.0,3.0,91.0,3.0,10.0,4.0,2.0,4.0,8.0,4.0,0.0,4.0,51.0,15.0,1.0,3.0,9.0,5.0,4.0,11.0,54.0,2.0,1.0,1.0,9.0,0.0,3.0,1.0,1.0,0.0,0.0,2.0,0.0,1.0,3.0,4.0,2.0,0.0,30.0,17.0,0.0,0.0,35.0,1.0,7.0,4.0,1.0,13.0,1.0,38.0,1.0,16.0,1.0,2.0,0.0,0.0,0.0,0.0,9.0,0.0,0.0,0.0,8.0,0.0,0.0,2.0,1.0,1.0,0.0,0.0,0.0,0.0,0.0,0.0,2.0,5.0,0.0,0.0,0.0,0.0,0.0,0.0,0.0,0.0,0.0,0.0,0.0,0.0,1.0,0.0,0.0,0.0,0.0,0.0,0.0,0.0,0.0,0.0,0.0,0.0,0.0,0.0,0.0,0.0,0.0,0.0,0.0,0.0,0.0,0.0,1.0,0.0,0.0,0.0,0.0,0.0,0.0,0.0,0.0,0.0,0.0,0.0,0.0,0.0,0.0,0.0,0.0,0.0,0.0,0.0,0.0,0.0,0.0,0.0,0.0,0.0,2.0,1.0,0.0,0.0,0.0,0.0,0.0,0.0,0.0,1.0,2.0,1.0,9.0,31.0,4.0,5.0,7.0,5.0,0.0,1.0,0.0,5.0,4.0,26.0,4.0,15.0,10.0,53.0,2.0,9.0,4.0,7.0,1.0,2.0,3.0,0.0,0.0,22.0,1.0,1.0,4.0,2.0,0.0,0.0,0.0,1.0,7.0,0.0,6.0,16.0,0.0,1.0,245.0,3.0,50.0,20.0,2.0,10.0,5.0,3.0,3.0,29.0
2011-09-01,15.0,7.0,4.0,29.0,5.0,7.0,4.0,6.0,0.0,0.0,0.0,36.0,2.0,66.0,0.0,3.0,0.0,1.0,0.0,262.0,1.0,2.0,0.0,0.0,0.0,0.0,60.0,2.0,4.0,3.0,0.0,12.0,0.0,0.0,2.0,6.0,175.0,9.0,12.0,27.0,18.0,21.0,0.0,4.0,44.0,15.0,46.0,8.0,14.0,16.0,2.0,1.0,46.0,0.0,27.0,0.0,13.0,33.0,7.0,44.0,0.0,284.0,0.0,1.0,5.0,314.0,1.0,1.0,9.0,2.0,0.0,1.0,7.0,7.0,2.0,15.0,1.0,0.0,1.0,0.0,10.0,6.0,0.0,0.0,0.0,1.0,1.0,161.0,3.0,0.0,1.0,0.0,0.0,1.0,1.0,0.0,1.0,0.0,0.0,4.0,2.0,0.0,0.0,0.0,1.0,19.0,0.0,2.0,0.0,1.0,1.0,3.0,8.0,1.0,0.0,456.0,2.0,20.0,8.0,8.0,3.0,5.0,8.0,17.0,0.0,0.0,1.0,1.0,7.0,0.0,2.0,9.0,1.0,33.0,0.0,0.0,4.0,0.0,18.0,1.0,0.0,0.0,3.0,2.0,2.0,0.0,0.0,5.0,0.0,9.0,232.0,0.0,15.0,0.0,1.0,1.0,13.0,0.0,4.0,0.0,3.0,2.0,1.0,2.0,1.0,6.0,1.0,11.0,5.0,1.0,0.0,1.0,4.0,71.0,2.0,9.0,4.0,3.0,1.0,2.0,2.0,2.0,3.0,8.0,10.0,11.0,2.0,27.0,13.0,10.0,8.0,482.0,13.0,0.0,5.0,0.0,2.0,3.0,78.0,67.0,1.0,3.0,16.0,7.0,180.0,1.0,17.0,1.0,1.0,0.0,9.0,3.0,2.0,9.0,1.0,0.0,1.0,92.0,1.0,11.0,6.0,0.0,7.0,29.0,8.0,1.0,18.0,1.0,9.0,15.0,13.0,114.0,8.0,17.0,14.0,23.0,7.0,5.0,4.0,8.0,129.0,1.0,4.0,53.0,0.0,19.0,14.0,65.0,2.0,3.0,85.0,24.0,4.0,5.0,5.0,2.0,1.0,0.0,12.0,0.0,0.0,0.0,4.0,0.0,1.0,3.0,3.0,1.0,2.0,10.0,0.0,3.0,11.0,1.0,2.0,3.0,8.0,1.0,11.0,0.0,0.0,27.0,1.0,0.0,0.0,0.0,2.0,2.0,29.0,3.0,76.0,0.0,11.0,1.0,4.0,0.0,0.0,0.0,0.0,1.0,0.0,1.0,1.0,0.0,0.0,0.0,0.0,1.0,0.0,0.0,0.0,5.0,0.0,2.0,0.0,6.0,1.0,3.0,3.0,33.0,21.0,11.0,5.0,12.0,1.0,0.0,119.0,15.0,7.0,11.0,0.0,7.0,4.0,40.0,12.0,0.0,2.0,0.0,0.0,20.0,30.0,65.0,1.0,38.0,6.0,0.0,4.0,3.0,1109.0,15.0,8.0,4.0,45.0,15.0,0.0,0.0,1.0,7.0,31.0,2.0,4.0,4.0,89.0,8.0,1.0,10.0,4.0,0.0,11.0,1.0,0.0,0.0,61.0,10.0,2.0,3.0,10.0,0.0,4.0,10.0,93.0,3.0,1.0,0.0,15.0,0.0,2.0,3.0,0.0,0.0,0.0,0.0,0.0,0.0,9.0,8.0,2.0,0.0,20.0,35.0,0.0,0.0,21.0,2.0,7.0,5.0,0.0,23.0,1.0,42.0,1.0,29.0,1.0,1.0,1.0,0.0,0.0,1.0,9.0,0.0,3.0,0.0,15.0,0.0,0.0,2.0,0.0,0.0,0.0,0.0,0.0,0.0,0.0,1.0,2.0,3.0,0.0,0.0,0.0,0.0,0.0,0.0,0.0,0.0,0.0,0.0,0.0,0.0,1.0,0.0,0.0,0.0,0.0,0.0,0.0,0.0,1.0,0.0,1.0,0.0,0.0,0.0,0.0,0.0,0.0,0.0,0.0,0.0,0.0,0.0,0.0,0.0,0.0,0.0,0.0,0.0,0.0,0.0,0.0,0.0,0.0,0.0,0.0,0.0,0.0,0.0,0.0,0.0,0.0,0.0,0.0,0.0,0.0,1.0,0.0,0.0,1.0,0.0,0.0,1.0,0.0,0.0,0.0,0.0,0.0,0.0,2.0,0.0,2.0,40.0,4.0,2.0,10.0,0.0,1.0,6.0,4.0,8.0,2.0,17.0,8.0,10.0,19.0,20.0,2.0,8.0,0.0,6.0,1.0,0.0,2.0,1.0,0.0,22.0,1.0,0.0,11.0,1.0,0.0,0.0,0.0,0.0,8.0,0.0,11.0,8.0,0.0,1.0,306.0,1.0,52.0,10.0,6.0,15.0,3.0,2.0,2.0,22.0
2011-10-01,13.0,4.0,6.0,10.0,12.0,9.0,16.0,2.0,0.0,2.0,2.0,52.0,4.0,52.0,0.0,0.0,0.0,9.0,7.0,247.0,1.0,2.0,1.0,0.0,1.0,6.0,58.0,4.0,5.0,9.0,0.0,3.0,0.0,1.0,1.0,6.0,211.0,18.0,12.0,33.0,5.0,17.0,8.0,3.0,34.0,7.0,19.0,8.0,23.0,8.0,4.0,0.0,46.0,0.0,18.0,0.0,20.0,28.0,13.0,59.0,3.0,193.0,1.0,2.0,2.0,127.0,4.0,3.0,1.0,0.0,4.0,0.0,5.0,5.0,0.0,5.0,4.0,1.0,2.0,3.0,4.0,13.0,0.0,6.0,0.0,0.0,1.0,2.0,2.0,0.0,0.0,0.0,0.0,0.0,0.0,0.0,0.0,0.0,0.0,1.0,2.0,2.0,0.0,1.0,5.0,7.0,1.0,1.0,2.0,2.0,2.0,7.0,4.0,0.0,0.0,411.0,2.0,13.0,5.0,12.0,0.0,0.0,4.0,5.0,0.0,1.0,1.0,0.0,19.0,1.0,4.0,12.0,0.0,38.0,7.0,0.0,3.0,1.0,53.0,1.0,0.0,0.0,0.0,1.0,6.0,0.0,3.0,5.0,0.0,3.0,168.0,0.0,7.0,3.0,1.0,0.0,14.0,0.0,1.0,1.0,3.0,1.0,2.0,0.0,2.0,10.0,1.0,4.0,4.0,0.0,0.0,0.0,0.0,41.0,1.0,17.0,1.0,4.0,6.0,2.0,0.0,1.0,3.0,4.0,3.0,8.0,0.0,35.0,25.0,7.0,1.0,517.0,8.0,0.0,4.0,1.0,3.0,1.0,71.0,64.0,0.0,3.0,27.0,6.0,64.0,1.0,8.0,1.0,1.0,1.0,5.0,4.0,0.0,11.0,0.0,2.0,4.0,84.0,3.0,14.0,23.0,2.0,18.0,36.0,3.0,0.0,9.0,12.0,19.0,38.0,19.0,49.0,6.0,5.0,12.0,24.0,0.0,4.0,4.0,3.0,49.0,1.0,6.0,69.0,1.0,16.0,29.0,64.0,1.0,0.0,66.0,8.0,1.0,7.0,7.0,2.0,1.0,2.0,9.0,0.0,0.0,0.0,0.0,0.0,0.0,3.0,7.0,0.0,1.0,20.0,0.0,6.0,13.0,6.0,4.0,2.0,13.0,5.0,9.0,0.0,0.0,50.0,0.0,0.0,0.0,0.0,2.0,0.0,27.0,0.0,72.0,5.0,38.0,0.0,2.0,5.0,0.0,2.0,0.0,0.0,2.0,2.0,0.0,0.0,0.0,0.0,1.0,0.0,0.0,0.0,0.0,6.0,3.0,1.0,3.0,1.0,3.0,5.0,4.0,15.0,22.0,4.0,15.0,14.0,2.0,2.0,166.0,12.0,5.0,8.0,4.0,33.0,4.0,37.0,20.0,2.0,3.0,0.0,0.0,15.0,43.0,152.0,4.0,50.0,8.0,6.0,12.0,2.0,1454.0,23.0,9.0,3.0,59.0,22.0,0.0,5.0,1.0,3.0,10.0,4.0,7.0,5.0,87.0,3.0,6.0,3.0,12.0,2.0,8.0,2.0,0.0,0.0,41.0,6.0,3.0,4.0,35.0,3.0,7.0,19.0,168.0,6.0,2.0,2.0,10.0,1.0,3.0,9.0,3.0,0.0,0.0,1.0,0.0,0.0,12.0,2.0,1.0,0.0,24.0,67.0,0.0,1.0,34.0,9.0,27.0,1.0,0.0,27.0,2.0,29.0,0.0,38.0,2.0,1.0,0.0,0.0,0.0,7.0,11.0,0.0,4.0,0.0,24.0,0.0,0.0,1.0,0.0,0.0,0.0,0.0,1.0,0.0,0.0,3.0,1.0,11.0,3.0,0.0,0.0,0.0,0.0,0.0,0.0,0.0,0.0,0.0,0.0,0.0,0.0,0.0,0.0,1.0,0.0,0.0,0.0,0.0,1.0,0.0,1.0,0.0,0.0,0.0,2.0,0.0,0.0,0.0,0.0,0.0,0.0,0.0,0.0,0.0,0.0,0.0,0.0,0.0,0.0,0.0,0.0,0.0,0.0,0.0,0.0,0.0,0.0,0.0,0.0,0.0,0.0,0.0,0.0,0.0,0.0,1.0,0.0,0.0,0.0,0.0,0.0,0.0,0.0,0.0,0.0,0.0,0.0,0.0,0.0,4.0,2.0,53.0,1.0,1.0,15.0,3.0,0.0,16.0,3.0,26.0,6.0,21.0,13.0,25.0,24.0,60.0,8.0,4.0,4.0,25.0,8.0,0.0,6.0,1.0,0.0,31.0,2.0,7.0,6.0,3.0,0.0,0.0,3.0,3.0,2.0,0.0,25.0,12.0,0.0,3.0,469.0,1.0,14.0,17.0,2.0,12.0,2.0,0.0,2.0,20.0
2011-11-01,2.0,5.0,2.0,1.0,6.0,2.0,3.0,9.0,0.0,0.0,0.0,49.0,3.0,57.0,1.0,1.0,0.0,16.0,0.0,253.0,0.0,1.0,1.0,1.0,1.0,4.0,46.0,3.0,2.0,0.0,1.0,10.0,0.0,0.0,0.0,8.0,208.0,10.0,3.0,8.0,5.0,10.0,6.0,1.0,17.0,20.0,20.0,23.0,63.0,9.0,13.0,2.0,2.0,0.0,8.0,0.0,28.0,39.0,20.0,50.0,4.0,167.0,3.0,1.0,0.0,56.0,0.0,13.0,3.0,0.0,2.0,2.0,2.0,9.0,0.0,6.0,1.0,0.0,0.0,3.0,4.0,14.0,1.0,1.0,0.0,1.0,0.0,1.0,3.0,0.0,0.0,0.0,0.0,0.0,0.0,0.0,0.0,0.0,0.0,0.0,1.0,1.0,1.0,0.0,0.0,0.0,1.0,1.0,1.0,2.0,2.0,0.0,6.0,1.0,0.0,379.0,3.0,48.0,0.0,7.0,0.0,1.0,2.0,1.0,0.0,0.0,0.0,0.0,1.0,1.0,0.0,28.0,3.0,59.0,0.0,0.0,3.0,0.0,0.0,0.0,0.0,0.0,0.0,1.0,0.0,0.0,2.0,4.0,0.0,0.0,18.0,1.0,12.0,1.0,0.0,0.0,2.0,0.0,1.0,0.0,1.0,5.0,0.0,0.0,0.0,3.0,0.0,0.0,0.0,0.0,0.0,0.0,0.0,15.0,0.0,10.0,0.0,0.0,0.0,1.0,1.0,0.0,2.0,8.0,0.0,2.0,1.0,4.0,12.0,2.0,2.0,436.0,1.0,0.0,0.0,0.0,2.0,0.0,26.0,52.0,0.0,1.0,7.0,0.0,54.0,4.0,3.0,1.0,0.0,1.0,1.0,0.0,0.0,14.0,2.0,4.0,6.0,42.0,1.0,8.0,3.0,2.0,8.0,16.0,0.0,2.0,1.0,5.0,5.0,6.0,1.0,29.0,0.0,0.0,1.0,3.0,2.0,5.0,0.0,2.0,59.0,4.0,3.0,9.0,0.0,3.0,1.0,34.0,1.0,0.0,32.0,1.0,2.0,4.0,13.0,4.0,0.0,4.0,7.0,0.0,0.0,0.0,7.0,0.0,0.0,3.0,1.0,1.0,0.0,22.0,0.0,4.0,2.0,8.0,7.0,0.0,4.0,0.0,7.0,0.0,0.0,80.0,1.0,0.0,0.0,0.0,1.0,0.0,6.0,1.0,176.0,4.0,45.0,1.0,0.0,0.0,0.0,0.0,0.0,0.0,0.0,7.0,0.0,0.0,0.0,0.0,0.0,0.0,0.0,0.0,0.0,2.0,0.0,0.0,0.0,0.0,5.0,0.0,0.0,2.0,8.0,5.0,7.0,14.0,1.0,0.0,173.0,3.0,0.0,16.0,0.0,7.0,10.0,12.0,5.0,0.0,3.0,1.0,0.0,9.0,118.0,11.0,4.0,9.0,1.0,2.0,9.0,3.0,1610.0,14.0,2.0,2.0,29.0,6.0,1.0,0.0,0.0,1.0,2.0,1.0,0.0,1.0,27.0,0.0,1.0,4.0,5.0,1.0,7.0,1.0,0.0,0.0,7.0,4.0,2.0,4.0,0.0,1.0,4.0,15.0,40.0,1.0,3.0,3.0,9.0,3.0,0.0,2.0,1.0,0.0,0.0,1.0,0.0,0.0,1.0,0.0,5.0,0.0,6.0,49.0,0.0,1.0,7.0,1.0,2.0,1.0,0.0,0.0,2.0,21.0,0.0,6.0,2.0,0.0,2.0,0.0,0.0,6.0,10.0,0.0,10.0,0.0,16.0,0.0,0.0,3.0,0.0,5.0,0.0,0.0,0.0,0.0,0.0,0.0,7.0,8.0,0.0,0.0,1.0,0.0,0.0,0.0,0.0,0.0,0.0,0.0,0.0,0.0,0.0,0.0,0.0,0.0,1.0,0.0,0.0,0.0,0.0,0.0,2.0,0.0,0.0,0.0,0.0,0.0,0.0,0.0,0.0,0.0,0.0,0.0,0.0,0.0,0.0,0.0,0.0,0.0,0.0,0.0,0.0,0.0,1.0,0.0,0.0,0.0,0.0,0.0,0.0,0.0,0.0,0.0,0.0,0.0,0.0,0.0,0.0,0.0,0.0,0.0,0.0,0.0,0.0,0.0,0.0,0.0,0.0,0.0,2.0,0.0,6.0,46.0,1.0,1.0,11.0,1.0,0.0,5.0,0.0,98.0,5.0,5.0,8.0,76.0,27.0,19.0,3.0,12.0,2.0,28.0,1.0,0.0,4.0,0.0,0.0,20.0,1.0,5.0,6.0,2.0,0.0,2.0,1.0,1.0,0.0,1.0,5.0,13.0,0.0,1.0,198.0,0.0,11.0,11.0,1.0,6.0,3.0,0.0,0.0,13.0
2011-12-01,5.0,11.0,10.0,2.0,8.0,12.0,6.0,33.0,3.0,0.0,0.0,712.0,1.0,23.0,2.0,1.0,0.0,56.0,13.0,601.0,1.0,2.0,1.0,1.0,5.0,6.0,25.0,0.0,0.0,1.0,1.0,35.0,0.0,1.0,0.0,0.0,95.0,5.0,6.0,2.0,24.0,11.0,2.0,73.0,25.0,36.0,42.0,74.0,4.0,34.0,20.0,0.0,19.0,0.0,46.0,2.0,14.0,20.0,17.0,9.0,11.0,68.0,9.0,2.0,40.0,49.0,0.0,3.0,30.0,13.0,9.0,9.0,17.0,15.0,11.0,1.0,0.0,5.0,1.0,1.0,1.0,9.0,1.0,2.0,0.0,56.0,3.0,6.0,3.0,1.0,0.0,1.0,0.0,1.0,0.0,3.0,0.0,0.0,0.0,0.0,18.0,1.0,5.0,0.0,5.0,3.0,7.0,69.0,0.0,4.0,16.0,1.0,7.0,13.0,0.0,491.0,6.0,35.0,23.0,12.0,1.0,0.0,2.0,0.0,1.0,48.0,0.0,4.0,1.0,1.0,4.0,22.0,2.0,19.0,2.0,6.0,0.0,13.0,15.0,0.0,2.0,0.0,1.0,2.0,5.0,0.0,6.0,6.0,0.0,3.0,15.0,0.0,1.0,21.0,3.0,0.0,10.0,5.0,1.0,0.0,1.0,7.0,8.0,5.0,1.0,2.0,2.0,1.0,3.0,0.0,2.0,1.0,1.0,24.0,0.0,6.0,28.0,7.0,3.0,7.0,0.0,0.0,1.0,2.0,3.0,1.0,0.0,27.0,4.0,4.0,1.0,134.0,5.0,0.0,0.0,0.0,0.0,0.0,7.0,39.0,1.0,1.0,1.0,5.0,53.0,1.0,1.0,2.0,0.0,1.0,4.0,1.0,1.0,11.0,0.0,0.0,0.0,14.0,1.0,6.0,22.0,16.0,12.0,6.0,2.0,1.0,2.0,1.0,57.0,8.0,18.0,18.0,5.0,2.0,7.0,6.0,4.0,0.0,0.0,2.0,58.0,11.0,1.0,27.0,5.0,4.0,1.0,3.0,0.0,0.0,16.0,5.0,3.0,5.0,11.0,0.0,2.0,4.0,2.0,0.0,2.0,0.0,1.0,0.0,0.0,0.0,22.0,1.0,3.0,11.0,1.0,2.0,4.0,39.0,3.0,11.0,16.0,2.0,1.0,0.0,0.0,93.0,6.0,0.0,1.0,0.0,0.0,0.0,24.0,15.0,233.0,8.0,52.0,2.0,6.0,0.0,0.0,0.0,2.0,1.0,1.0,3.0,0.0,1.0,0.0,0.0,0.0,0.0,2.0,0.0,0.0,0.0,2.0,0.0,0.0,3.0,49.0,20.0,5.0,1.0,38.0,28.0,5.0,7.0,1.0,1.0,147.0,8.0,2.0,17.0,1.0,47.0,24.0,37.0,2.0,1.0,9.0,0.0,0.0,2.0,15.0,4.0,7.0,1.0,1.0,4.0,4.0,6.0,2001.0,10.0,1.0,0.0,9.0,1.0,1.0,0.0,2.0,11.0,8.0,32.0,1.0,10.0,81.0,0.0,1.0,2.0,1.0,2.0,7.0,0.0,1.0,0.0,4.0,2.0,0.0,8.0,4.0,0.0,2.0,5.0,29.0,0.0,2.0,0.0,5.0,0.0,1.0,6.0,2.0,0.0,0.0,0.0,0.0,0.0,2.0,0.0,2.0,0.0,9.0,11.0,0.0,0.0,9.0,1.0,2.0,2.0,2.0,5.0,1.0,27.0,3.0,5.0,1.0,0.0,0.0,0.0,0.0,1.0,6.0,1.0,2.0,1.0,34.0,0.0,0.0,1.0,3.0,144.0,0.0,0.0,1.0,0.0,1.0,5.0,6.0,18.0,0.0,0.0,0.0,0.0,1.0,0.0,0.0,0.0,0.0,0.0,0.0,0.0,0.0,1.0,0.0,0.0,0.0,0.0,0.0,0.0,0.0,0.0,0.0,0.0,0.0,0.0,0.0,0.0,0.0,0.0,0.0,0.0,0.0,0.0,0.0,0.0,0.0,0.0,0.0,0.0,0.0,1.0,0.0,0.0,0.0,0.0,0.0,0.0,0.0,0.0,0.0,0.0,0.0,0.0,0.0,0.0,0.0,0.0,0.0,0.0,2.0,0.0,0.0,0.0,0.0,0.0,0.0,1.0,0.0,0.0,3.0,0.0,11.0,49.0,0.0,9.0,46.0,2.0,0.0,1.0,3.0,26.0,4.0,15.0,5.0,35.0,4.0,16.0,2.0,8.0,3.0,21.0,9.0,1.0,7.0,1.0,0.0,37.0,0.0,0.0,9.0,5.0,0.0,5.0,4.0,7.0,11.0,0.0,16.0,22.0,1.0,2.0,251.0,3.0,28.0,20.0,13.0,27.0,4.0,3.0,0.0,27.0
2012-01-01,27.0,24.0,1.0,9.0,36.0,8.0,122.0,39.0,4.0,3.0,0.0,383.0,5.0,280.0,0.0,4.0,0.0,11.0,18.0,582.0,0.0,0.0,0.0,1.0,1.0,20.0,119.0,9.0,5.0,13.0,9.0,58.0,0.0,0.0,6.0,45.0,711.0,107.0,17.0,87.0,86.0,75.0,58.0,50.0,156.0,248.0,128.0,125.0,395.0,108.0,91.0,25.0,16.0,0.0,21.0,0.0,233.0,285.0,159.0,225.0,24.0,764.0,24.0,10.0,1.0,55.0,3.0,3.0,6.0,16.0,6.0,30.0,39.0,124.0,37.0,56.0,2.0,13.0,5.0,10.0,71.0,24.0,11.0,62.0,11.0,12.0,2.0,359.0,9.0,9.0,6.0,7.0,13.0,62.0,4.0,109.0,1.0,20.0,24.0,8.0,4.0,1.0,25.0,1.0,3.0,19.0,0.0,2.0,3.0,0.0,3.0,103.0,8.0,5.0,4.0,732.0,11.0,5.0,7.0,16.0,3.0,4.0,8.0,3.0,1.0,22.0,6.0,1.0,30.0,25.0,7.0,851.0,44.0,227.0,6.0,19.0,81.0,9.0,160.0,68.0,33.0,6.0,1.0,28.0,64.0,2.0,15.0,21.0,4.0,16.0,407.0,4.0,8.0,2.0,4.0,6.0,8.0,1.0,2.0,11.0,0.0,7.0,1.0,0.0,0.0,0.0,0.0,2.0,5.0,5.0,1.0,3.0,3.0,47.0,6.0,349.0,19.0,165.0,41.0,61.0,4.0,3.0,40.0,74.0,299.0,5.0,9.0,223.0,169.0,5.0,12.0,2029.0,55.0,1.0,4.0,5.0,42.0,11.0,153.0,767.0,2.0,5.0,21.0,3.0,289.0,20.0,18.0,0.0,6.0,3.0,38.0,65.0,1.0,18.0,3.0,2.0,21.0,244.0,18.0,11.0,6.0,9.0,30.0,114.0,25.0,2.0,17.0,22.0,38.0,159.0,50.0,286.0,16.0,41.0,68.0,696.0,21.0,10.0,17.0,21.0,648.0,37.0,14.0,140.0,2.0,199.0,47.0,275.0,26.0,30.0,356.0,47.0,5.0,8.0,22.0,117.0,2.0,7.0,35.0,1.0,2.0,0.0,8.0,25.0,6.0,6.0,161.0,12.0,46.0,49.0,5.0,1.0,9.0,67.0,113.0,7.0,14.0,2.0,21.0,0.0,3.0,248.0,25.0,1.0,2.0,5.0,13.0,1.0,445.0,0.0,224.0,11.0,384.0,1.0,25.0,6.0,0.0,0.0,1.0,0.0,5.0,5.0,3.0,2.0,0.0,1.0,0.0,2.0,1.0,0.0,2.0,19.0,19.0,4.0,46.0,17.0,6.0,9.0,1.0,7.0,39.0,19.0,19.0,34.0,2.0,4.0,716.0,25.0,11.0,29.0,2.0,38.0,12.0,60.0,16.0,4.0,11.0,1.0,0.0,15.0,114.0,189.0,9.0,98.0,3.0,2.0,24.0,8.0,7720.0,5.0,3.0,6.0,34.0,4.0,1.0,0.0,2.0,11.0,14.0,2.0,18.0,11.0,196.0,0.0,32.0,27.0,22.0,5.0,10.0,7.0,0.0,1.0,91.0,9.0,9.0,12.0,60.0,2.0,4.0,24.0,98.0,5.0,4.0,1.0,22.0,0.0,1.0,5.0,0.0,0.0,0.0,0.0,0.0,0.0,8.0,4.0,10.0,0.0,19.0,507.0,1.0,3.0,14.0,2.0,1.0,17.0,5.0,19.0,14.0,206.0,8.0,102.0,3.0,17.0,5.0,3.0,4.0,6.0,9.0,0.0,6.0,1.0,8.0,0.0,1.0,5.0,4.0,2.0,0.0,0.0,0.0,0.0,1.0,8.0,13.0,21.0,1.0,22.0,2.0,0.0,1.0,0.0,1.0,0.0,0.0,0.0,0.0,0.0,8.0,2.0,0.0,2.0,3.0,1.0,1.0,0.0,0.0,0.0,2.0,0.0,1.0,0.0,0.0,2.0,0.0,0.0,2.0,0.0,0.0,0.0,1.0,1.0,2.0,0.0,0.0,0.0,0.0,0.0,1.0,1.0,0.0,0.0,0.0,0.0,0.0,0.0,5.0,0.0,0.0,0.0,0.0,1.0,0.0,1.0,1.0,0.0,5.0,1.0,0.0,0.0,0.0,0.0,0.0,1.0,0.0,1.0,2.0,1.0,17.0,130.0,7.0,3.0,350.0,1.0,2.0,15.0,7.0,181.0,17.0,98.0,20.0,247.0,223.0,299.0,2.0,31.0,59.0,33.0,56.0,18.0,43.0,14.0,16.0,329.0,7.0,33.0,16.0,17.0,0.0,10.0,16.0,22.0,37.0,2.0,46.0,29.0,5.0,16.0,2036.0,0.0,56.0,55.0,10.0,20.0,12.0,2.0,4.0,156.0
2012-02-01,16.0,36.0,3.0,37.0,24.0,10.0,125.0,49.0,4.0,0.0,0.0,366.0,5.0,115.0,2.0,2.0,0.0,9.0,15.0,1037.0,5.0,0.0,0.0,0.0,0.0,32.0,32.0,8.0,33.0,27.0,12.0,104.0,0.0,4.0,0.0,58.0,585.0,95.0,26.0,62.0,134.0,34.0,34.0,50.0,241.0,380.0,198.0,101.0,684.0,220.0,81.0,28.0,32.0,0.0,17.0,1.0,136.0,382.0,241.0,186.0,90.0,1103.0,24.0,12.0,14.0,57.0,8.0,14.0,32.0,44.0,9.0,62.0,73.0,142.0,70.0,53.0,4.0,35.0,4.0,12.0,54.0,33.0,16.0,68.0,3.0,38.0,7.0,443.0,22.0,21.0,6.0,17.0,9.0,65.0,1.0,88.0,1.0,48.0,14.0,7.0,6.0,3.0,45.0,0.0,11.0,6.0,1.0,1.0,6.0,6.0,12.0,184.0,22.0,7.0,3.0,1200.0,1.0,8.0,16.0,22.0,2.0,8.0,12.0,4.0,1.0,52.0,2.0,0.0,42.0,53.0,20.0,636.0,103.0,269.0,13.0,88.0,204.0,32.0,102.0,137.0,25.0,16.0,9.0,6.0,98.0,13.0,14.0,31.0,21.0,61.0,594.0,6.0,34.0,3.0,3.0,3.0,6.0,1.0,7.0,25.0,0.0,14.0,1.0,0.0,5.0,1.0,3.0,1.0,0.0,13.0,2.0,2.0,3.0,66.0,15.0,236.0,48.0,817.0,53.0,61.0,6.0,40.0,113.0,81.0,138.0,10.0,19.0,263.0,71.0,29.0,18.0,3232.0,117.0,0.0,26.0,9.0,77.0,26.0,153.0,615.0,0.0,4.0,71.0,18.0,521.0,50.0,15.0,6.0,9.0,5.0,58.0,43.0,17.0,14.0,8.0,2.0,38.0,315.0,48.0,11.0,11.0,8.0,10.0,74.0,22.0,2.0,5.0,51.0,40.0,419.0,200.0,347.0,74.0,84.0,173.0,888.0,16.0,18.0,25.0,56.0,689.0,29.0,27.0,120.0,0.0,378.0,175.0,291.0,21.0,60.0,559.0,84.0,4.0,3.0,15.0,134.0,1.0,0.0,25.0,0.0,0.0,0.0,1.0,7.0,6.0,5.0,222.0,7.0,103.0,84.0,7.0,10.0,24.0,253.0,93.0,1.0,19.0,5.0,40.0,0.0,2.0,180.0,15.0,1.0,1.0,0.0,11.0,1.0,471.0,3.0,223.0,39.0,331.0,0.0,38.0,1.0,0.0,1.0,4.0,0.0,1.0,4.0,0.0,2.0,0.0,1.0,0.0,1.0,0.0,1.0,3.0,53.0,12.0,8.0,13.0,39.0,8.0,11.0,2.0,32.0,62.0,21.0,10.0,73.0,0.0,0.0,502.0,9.0,25.0,43.0,5.0,16.0,1.0,53.0,27.0,1.0,7.0,5.0,0.0,56.0,140.0,165.0,90.0,116.0,11.0,2.0,10.0,9.0,13730.0,5.0,3.0,4.0,61.0,3.0,1.0,3.0,3.0,14.0,34.0,4.0,6.0,11.0,260.0,2.0,42.0,51.0,34.0,1.0,3.0,5.0,0.0,0.0,199.0,6.0,42.0,4.0,143.0,6.0,7.0,13.0,124.0,1.0,0.0,2.0,49.0,0.0,5.0,2.0,1.0,0.0,0.0,1.0,0.0,1.0,18.0,7.0,7.0,1.0,52.0,1422.0,0.0,1.0,13.0,0.0,3.0,14.0,4.0,25.0,14.0,167.0,6.0,105.0,6.0,20.0,2.0,3.0,1.0,15.0,10.0,2.0,5.0,6.0,16.0,0.0,0.0,3.0,2.0,1.0,0.0,0.0,0.0,0.0,1.0,26.0,16.0,28.0,0.0,189.0,1.0,0.0,1.0,1.0,1.0,0.0,2.0,1.0,0.0,0.0,5.0,0.0,0.0,4.0,2.0,1.0,0.0,1.0,0.0,0.0,0.0,0.0,0.0,0.0,2.0,2.0,0.0,0.0,4.0,0.0,0.0,1.0,0.0,4.0,1.0,0.0,0.0,0.0,0.0,1.0,1.0,0.0,0.0,0.0,0.0,0.0,1.0,0.0,3.0,0.0,0.0,0.0,0.0,0.0,0.0,1.0,1.0,0.0,4.0,0.0,0.0,0.0,0.0,0.0,0.0,0.0,0.0,0.0,39.0,6.0,16.0,137.0,7.0,7.0,324.0,0.0,4.0,20.0,21.0,152.0,35.0,72.0,28.0,154.0,94.0,386.0,9.0,14.0,48.0,37.0,93.0,47.0,106.0,13.0,4.0,1603.0,89.0,56.0,14.0,44.0,0.0,2.0,6.0,19.0,64.0,1.0,47.0,38.0,7.0,25.0,2042.0,1.0,45.0,81.0,38.0,17.0,8.0,2.0,18.0,151.0
2012-03-01,23.0,64.0,2.0,22.0,48.0,13.0,116.0,86.0,1.0,1.0,0.0,179.0,21.0,92.0,0.0,1.0,0.0,3.0,2.0,295.0,1.0,2.0,0.0,3.0,3.0,18.0,42.0,2.0,74.0,143.0,16.0,165.0,0.0,1.0,6.0,96.0,601.0,78.0,100.0,94.0,116.0,31.0,61.0,49.0,548.0,274.0,114.0,127.0,313.0,176.0,111.0,23.0,4.0,0.0,33.0,0.0,89.0,622.0,155.0,110.0,122.0,1049.0,21.0,21.0,21.0,116.0,7.0,13.0,122.0,74.0,9.0,90.0,81.0,164.0,57.0,93.0,5.0,26.0,22.0,24.0,104.0,15.0,36.0,41.0,2.0,72.0,22.0,889.0,46.0,31.0,14.0,12.0,4.0,44.0,11.0,86.0,6.0,35.0,2.0,58.0,26.0,3.0,14.0,0.0,12.0,16.0,4.0,0.0,17.0,3.0,11.0,106.0,72.0,22.0,10.0,3415.0,7.0,137.0,38.0,39.0,5.0,38.0,28.0,1.0,7.0,51.0,3.0,6.0,64.0,34.0,50.0,601.0,86.0,312.0,19.0,78.0,379.0,36.0,105.0,128.0,71.0,28.0,59.0,4.0,282.0,141.0,24.0,139.0,33.0,137.0,1779.0,6.0,45.0,25.0,12.0,23.0,25.0,1.0,14.0,20.0,1.0,19.0,8.0,3.0,11.0,2.0,2.0,3.0,9.0,46.0,4.0,7.0,8.0,383.0,36.0,119.0,138.0,1209.0,73.0,78.0,21.0,34.0,267.0,154.0,156.0,61.0,61.0,529.0,67.0,116.0,68.0,4154.0,515.0,15.0,86.0,9.0,174.0,54.0,281.0,651.0,0.0,8.0,202.0,100.0,1822.0,85.0,53.0,37.0,12.0,12.0,55.0,35.0,38.0,14.0,9.0,4.0,38.0,415.0,55.0,16.0,27.0,7.0,7.0,84.0,22.0,5.0,5.0,310.0,92.0,1129.0,353.0,653.0,164.0,185.0,259.0,1103.0,35.0,23.0,34.0,105.0,922.0,24.0,109.0,173.0,1.0,597.0,432.0,305.0,81.0,98.0,1962.0,225.0,8.0,5.0,35.0,71.0,2.0,6.0,43.0,0.0,5.0,0.0,4.0,6.0,6.0,9.0,234.0,9.0,195.0,78.0,27.0,7.0,142.0,576.0,155.0,4.0,38.0,1.0,90.0,0.0,1.0,262.0,44.0,3.0,0.0,4.0,4.0,1.0,654.0,2.0,373.0,51.0,103.0,1.0,97.0,4.0,1.0,0.0,3.0,3.0,6.0,6.0,0.0,0.0,1.0,2.0,0.0,0.0,1.0,0.0,0.0,85.0,5.0,4.0,27.0,332.0,8.0,12.0,2.0,82.0,33.0,34.0,10.0,87.0,2.0,3.0,565.0,33.0,44.0,43.0,7.0,19.0,5.0,116.0,48.0,9.0,18.0,5.0,1.0,158.0,268.0,156.0,329.0,163.0,16.0,8.0,48.0,29.0,30947.0,2.0,2.0,3.0,115.0,34.0,52.0,3.0,4.0,31.0,84.0,32.0,15.0,42.0,260.0,3.0,84.0,107.0,99.0,12.0,7.0,1.0,0.0,7.0,225.0,10.0,194.0,58.0,630.0,5.0,2.0,34.0,353.0,2.0,15.0,5.0,97.0,3.0,8.0,4.0,2.0,0.0,0.0,0.0,0.0,0.0,65.0,17.0,6.0,1.0,64.0,2183.0,0.0,3.0,36.0,3.0,4.0,55.0,169.0,49.0,28.0,351.0,5.0,183.0,67.0,128.0,2.0,21.0,9.0,65.0,11.0,1.0,20.0,3.0,22.0,0.0,2.0,31.0,23.0,2.0,0.0,0.0,0.0,0.0,1.0,79.0,48.0,35.0,14.0,327.0,10.0,0.0,0.0,0.0,1.0,0.0,0.0,1.0,0.0,0.0,6.0,0.0,0.0,3.0,2.0,0.0,0.0,1.0,0.0,0.0,3.0,0.0,1.0,0.0,0.0,0.0,0.0,0.0,2.0,0.0,2.0,0.0,1.0,12.0,0.0,1.0,1.0,0.0,3.0,0.0,0.0,0.0,0.0,0.0,0.0,0.0,0.0,0.0,5.0,0.0,1.0,0.0,0.0,0.0,0.0,0.0,0.0,0.0,12.0,1.0,0.0,1.0,0.0,0.0,0.0,0.0,0.0,1.0,183.0,5.0,41.0,334.0,8.0,7.0,147.0,1.0,6.0,43.0,112.0,69.0,80.0,81.0,115.0,79.0,141.0,447.0,9.0,14.0,62.0,31.0,138.0,105.0,257.0,50.0,7.0,3216.0,301.0,51.0,21.0,95.0,2.0,9.0,8.0,14.0,92.0,1.0,52.0,41.0,11.0,32.0,1908.0,1.0,58.0,105.0,105.0,54.0,9.0,13.0,26.0,221.0
2012-04-01,13.0,37.0,3.0,44.0,3.0,17.0,121.0,57.0,0.0,1.0,1.0,109.0,7.0,32.0,0.0,2.0,0.0,10.0,2.0,156.0,0.0,0.0,0.0,0.0,3.0,9.0,47.0,9.0,42.0,75.0,7.0,153.0,1.0,0.0,3.0,59.0,298.0,75.0,126.0,72.0,58.0,12.0,33.0,21.0,211.0,187.0,81.0,106.0,97.0,90.0,49.0,13.0,6.0,0.0,37.0,1.0,86.0,521.0,155.0,114.0,157.0,833.0,32.0,16.0,19.0,190.0,6.0,6.0,41.0,23.0,33.0,88.0,56.0,61.0,24.0,22.0,3.0,14.0,11.0,8.0,104.0,28.0,23.0,20.0,0.0,210.0,92.0,1988.0,85.0,48.0,33.0,21.0,9.0,18.0,22.0,34.0,5.0,45.0,7.0,75.0,81.0,2.0,10.0,0.0,35.0,17.0,2.0,21.0,126.0,14.0,19.0,43.0,110.0,65.0,30.0,9121.0,10.0,124.0,103.0,22.0,4.0,71.0,102.0,14.0,10.0,174.0,7.0,5.0,63.0,13.0,32.0,354.0,41.0,312.0,73.0,32.0,125.0,22.0,168.0,43.0,91.0,61.0,127.0,14.0,393.0,393.0,84.0,290.0,91.0,287.0,3613.0,14.0,77.0,82.0,60.0,95.0,22.0,6.0,45.0,36.0,0.0,41.0,20.0,1.0,12.0,2.0,4.0,19.0,11.0,35.0,1.0,13.0,5.0,1031.0,38.0,44.0,317.0,952.0,45.0,120.0,48.0,70.0,310.0,129.0,107.0,213.0,147.0,377.0,35.0,319.0,191.0,2391.0,462.0,40.0,45.0,22.0,233.0,26.0,233.0,618.0,1.0,17.0,222.0,288.0,3448.0,124.0,155.0,12.0,11.0,3.0,44.0,26.0,47.0,29.0,3.0,18.0,29.0,653.0,51.0,33.0,23.0,4.0,5.0,71.0,38.0,1.0,29.0,267.0,98.0,1550.0,382.0,552.0,126.0,105.0,329.0,466.0,66.0,26.0,32.0,172.0,944.0,138.0,131.0,212.0,1.0,455.0,127.0,288.0,49.0,86.0,3452.0,211.0,9.0,12.0,48.0,59.0,1.0,5.0,139.0,0.0,6.0,1.0,2.0,11.0,0.0,3.0,117.0,15.0,409.0,94.0,19.0,13.0,184.0,690.0,190.0,8.0,59.0,10.0,134.0,0.0,2.0,325.0,46.0,5.0,2.0,3.0,2.0,1.0,562.0,2.0,521.0,46.0,47.0,1.0,103.0,2.0,0.0,1.0,3.0,0.0,23.0,19.0,0.0,2.0,0.0,3.0,1.0,2.0,3.0,1.0,3.0,104.0,6.0,1.0,18.0,624.0,18.0,5.0,0.0,76.0,14.0,26.0,19.0,124.0,4.0,2.0,680.0,51.0,29.0,54.0,24.0,43.0,5.0,161.0,60.0,8.0,6.0,7.0,0.0,80.0,488.0,258.0,360.0,226.0,13.0,20.0,54.0,58.0,46285.0,8.0,3.0,3.0,147.0,35.0,12.0,4.0,5.0,44.0,217.0,58.0,10.0,46.0,268.0,2.0,107.0,211.0,166.0,5.0,4.0,5.0,0.0,4.0,344.0,9.0,135.0,93.0,1453.0,11.0,3.0,79.0,687.0,2.0,7.0,2.0,109.0,4.0,8.0,3.0,1.0,0.0,0.0,0.0,0.0,0.0,66.0,30.0,8.0,0.0,76.0,1082.0,0.0,2.0,28.0,5.0,2.0,75.0,322.0,126.0,55.0,620.0,16.0,440.0,45.0,231.0,0.0,5.0,7.0,252.0,11.0,1.0,37.0,2.0,22.0,0.0,0.0,3.0,29.0,4.0,0.0,0.0,0.0,0.0,0.0,67.0,54.0,41.0,8.0,111.0,1.0,0.0,0.0,0.0,0.0,0.0,0.0,0.0,0.0,0.0,4.0,2.0,0.0,0.0,1.0,0.0,0.0,0.0,0.0,0.0,1.0,0.0,0.0,0.0,2.0,1.0,1.0,0.0,8.0,0.0,0.0,2.0,2.0,9.0,0.0,0.0,0.0,0.0,9.0,0.0,2.0,0.0,1.0,0.0,0.0,0.0,0.0,0.0,2.0,0.0,1.0,0.0,1.0,1.0,0.0,0.0,0.0,0.0,6.0,1.0,0.0,0.0,0.0,0.0,0.0,0.0,0.0,1.0,673.0,5.0,35.0,465.0,12.0,6.0,123.0,2.0,3.0,59.0,58.0,84.0,52.0,48.0,142.0,43.0,176.0,523.0,18.0,10.0,73.0,39.0,120.0,248.0,338.0,86.0,9.0,3335.0,261.0,41.0,33.0,189.0,1.0,6.0,9.0,11.0,112.0,1.0,44.0,48.0,5.0,5.0,1829.0,0.0,99.0,155.0,65.0,144.0,5.0,7.0,54.0,215.0
2012-05-01,6.0,29.0,8.0,18.0,8.0,13.0,180.0,27.0,1.0,2.0,0.0,78.0,3.0,39.0,0.0,0.0,0.0,10.0,0.0,145.0,0.0,0.0,0.0,0.0,2.0,9.0,89.0,20.0,96.0,57.0,11.0,79.0,0.0,1.0,0.0,37.0,205.0,66.0,89.0,74.0,29.0,13.0,53.0,6.0,106.0,33.0,59.0,51.0,68.0,46.0,31.0,9.0,5.0,0.0,53.0,0.0,106.0,162.0,164.0,81.0,136.0,617.0,35.0,16.0,22.0,213.0,5.0,6.0,13.0,10.0,27.0,41.0,39.0,37.0,28.0,12.0,8.0,30.0,4.0,9.0,100.0,26.0,15.0,19.0,0.0,346.0,274.0,2264.0,235.0,62.0,130.0,12.0,7.0,18.0,64.0,19.0,5.0,61.0,2.0,81.0,135.0,8.0,18.0,2.0,114.0,39.0,4.0,10.0,379.0,12.0,54.0,33.0,49.0,144.0,74.0,21891.0,25.0,89.0,98.0,12.0,8.0,130.0,339.0,18.0,8.0,104.0,9.0,7.0,55.0,9.0,63.0,342.0,58.0,194.0,51.0,10.0,36.0,27.0,142.0,16.0,26.0,55.0,60.0,57.0,379.0,232.0,167.0,204.0,124.0,325.0,3496.0,32.0,75.0,60.0,191.0,122.0,22.0,25.0,69.0,18.0,6.0,31.0,35.0,17.0,5.0,0.0,8.0,35.0,13.0,11.0,0.0,33.0,6.0,1106.0,34.0,11.0,121.0,389.0,12.0,79.0,30.0,26.0,130.0,97.0,54.0,268.0,69.0,91.0,30.0,203.0,137.0,1192.0,335.0,39.0,28.0,19.0,203.0,28.0,165.0,450.0,1.0,53.0,231.0,182.0,3555.0,123.0,159.0,22.0,13.0,11.0,23.0,23.0,15.0,21.0,4.0,21.0,7.0,431.0,29.0,71.0,52.0,2.0,3.0,69.0,43.0,2.0,7.0,126.0,55.0,773.0,284.0,665.0,61.0,106.0,155.0,341.0,26.0,18.0,36.0,140.0,974.0,95.0,100.0,185.0,27.0,268.0,108.0,223.0,56.0,50.0,2913.0,302.0,1.0,16.0,22.0,48.0,6.0,4.0,173.0,1.0,5.0,0.0,1.0,6.0,0.0,2.0,98.0,24.0,348.0,99.0,11.0,10.0,81.0,416.0,89.0,3.0,152.0,10.0,143.0,0.0,2.0,214.0,24.0,2.0,3.0,6.0,1.0,0.0,536.0,2.0,620.0,48.0,9.0,1.0,128.0,0.0,0.0,0.0,1.0,0.0,19.0,7.0,1.0,0.0,0.0,4.0,0.0,0.0,1.0,1.0,0.0,77.0,7.0,7.0,20.0,322.0,23.0,17.0,0.0,49.0,25.0,20.0,42.0,47.0,2.0,0.0,629.0,38.0,12.0,90.0,33.0,68.0,14.0,194.0,105.0,12.0,4.0,9.0,0.0,116.0,988.0,211.0,265.0,311.0,11.0,11.0,84.0,87.0,38698.0,10.0,0.0,3.0,93.0,11.0,3.0,2.0,4.0,39.0,179.0,54.0,15.0,22.0,121.0,1.0,71.0,111.0,77.0,5.0,9.0,11.0,0.0,2.0,155.0,4.0,62.0,57.0,616.0,10.0,2.0,51.0,416.0,0.0,17.0,11.0,97.0,2.0,2.0,3.0,3.0,2.0,0.0,2.0,0.0,1.0,24.0,22.0,1.0,0.0,59.0,752.0,1.0,0.0,42.0,5.0,6.0,21.0,81.0,123.0,28.0,271.0,1.0,676.0,49.0,128.0,2.0,8.0,4.0,208.0,8.0,0.0,12.0,3.0,3.0,0.0,1.0,1.0,102.0,2.0,0.0,0.0,2.0,1.0,1.0,14.0,35.0,15.0,0.0,16.0,2.0,0.0,1.0,0.0,0.0,1.0,0.0,0.0,0.0,1.0,7.0,1.0,0.0,0.0,1.0,0.0,0.0,0.0,0.0,0.0,2.0,1.0,0.0,0.0,2.0,1.0,0.0,0.0,2.0,0.0,2.0,1.0,0.0,0.0,2.0,1.0,0.0,0.0,3.0,0.0,1.0,0.0,0.0,0.0,0.0,0.0,0.0,0.0,0.0,1.0,1.0,0.0,3.0,0.0,0.0,0.0,0.0,0.0,9.0,1.0,0.0,0.0,0.0,0.0,0.0,0.0,0.0,0.0,239.0,3.0,27.0,357.0,7.0,6.0,91.0,0.0,7.0,82.0,27.0,51.0,42.0,47.0,173.0,76.0,283.0,784.0,11.0,131.0,75.0,43.0,131.0,348.0,337.0,127.0,9.0,2100.0,118.0,39.0,53.0,235.0,1.0,4.0,3.0,10.0,104.0,2.0,63.0,53.0,4.0,3.0,1997.0,0.0,175.0,191.0,87.0,126.0,11.0,11.0,73.0,204.0
2012-06-01,6.0,26.0,8.0,6.0,3.0,5.0,222.0,17.0,3.0,0.0,0.0,48.0,1.0,29.0,0.0,2.0,0.0,2.0,3.0,211.0,0.0,0.0,1.0,0.0,0.0,8.0,103.0,13.0,44.0,37.0,11.0,46.0,0.0,2.0,2.0,68.0,139.0,38.0,99.0,43.0,13.0,9.0,27.0,11.0,89.0,2.0,28.0,17.0,25.0,12.0,24.0,2.0,1.0,0.0,57.0,0.0,13.0,36.0,67.0,46.0,40.0,314.0,29.0,12.0,2.0,199.0,3.0,2.0,2.0,2.0,30.0,8.0,9.0,12.0,21.0,6.0,29.0,37.0,0.0,2.0,39.0,11.0,17.0,15.0,2.0,115.0,253.0,751.0,83.0,28.0,66.0,8.0,4.0,3.0,24.0,10.0,18.0,37.0,3.0,41.0,54.0,6.0,34.0,1.0,70.0,48.0,4.0,6.0,142.0,13.0,31.0,20.0,32.0,63.0,107.0,5047.0,6.0,31.0,40.0,9.0,3.0,44.0,159.0,3.0,5.0,13.0,1.0,0.0,31.0,5.0,32.0,137.0,27.0,78.0,12.0,0.0,15.0,15.0,43.0,9.0,7.0,18.0,39.0,38.0,276.0,30.0,117.0,171.0,25.0,214.0,1873.0,40.0,29.0,22.0,52.0,43.0,14.0,44.0,44.0,14.0,22.0,6.0,8.0,9.0,5.0,2.0,3.0,40.0,4.0,5.0,0.0,27.0,2.0,766.0,18.0,5.0,32.0,102.0,7.0,35.0,12.0,10.0,47.0,37.0,33.0,124.0,12.0,29.0,16.0,46.0,55.0,684.0,200.0,12.0,3.0,7.0,129.0,16.0,92.0,275.0,0.0,20.0,121.0,53.0,2014.0,33.0,139.0,7.0,6.0,11.0,8.0,12.0,12.0,24.0,3.0,9.0,1.0,207.0,20.0,74.0,22.0,1.0,2.0,27.0,9.0,1.0,0.0,51.0,19.0,210.0,137.0,388.0,24.0,58.0,48.0,163.0,14.0,8.0,23.0,53.0,601.0,20.0,34.0,101.0,4.0,82.0,56.0,107.0,41.0,13.0,1110.0,279.0,2.0,2.0,22.0,37.0,1.0,1.0,85.0,1.0,1.0,0.0,1.0,5.0,0.0,4.0,58.0,21.0,192.0,66.0,13.0,11.0,54.0,212.0,19.0,2.0,125.0,8.0,59.0,0.0,2.0,186.0,6.0,0.0,1.0,1.0,4.0,0.0,355.0,2.0,607.0,57.0,11.0,1.0,49.0,2.0,0.0,0.0,1.0,0.0,7.0,5.0,0.0,0.0,1.0,2.0,0.0,1.0,1.0,1.0,1.0,33.0,1.0,2.0,17.0,145.0,7.0,9.0,2.0,18.0,14.0,13.0,80.0,32.0,5.0,2.0,560.0,25.0,6.0,171.0,23.0,128.0,17.0,251.0,57.0,5.0,11.0,2.0,0.0,38.0,764.0,137.0,167.0,212.0,6.0,2.0,50.0,44.0,16156.0,9.0,2.0,3.0,55.0,19.0,0.0,0.0,0.0,21.0,105.0,22.0,3.0,6.0,49.0,0.0,38.0,45.0,28.0,1.0,2.0,1.0,0.0,1.0,36.0,3.0,12.0,29.0,191.0,3.0,8.0,6.0,191.0,0.0,13.0,2.0,32.0,1.0,1.0,0.0,0.0,1.0,0.0,2.0,0.0,1.0,6.0,9.0,4.0,0.0,28.0,210.0,0.0,0.0,51.0,7.0,4.0,12.0,21.0,26.0,5.0,98.0,2.0,400.0,12.0,43.0,1.0,1.0,3.0,7.0,17.0,0.0,7.0,1.0,8.0,0.0,1.0,3.0,21.0,0.0,0.0,0.0,0.0,0.0,1.0,4.0,15.0,8.0,2.0,3.0,2.0,1.0,3.0,0.0,0.0,0.0,0.0,0.0,0.0,0.0,3.0,0.0,0.0,0.0,0.0,1.0,0.0,1.0,0.0,0.0,0.0,0.0,0.0,0.0,0.0,2.0,0.0,0.0,0.0,0.0,0.0,0.0,0.0,2.0,1.0,0.0,0.0,0.0,2.0,0.0,0.0,0.0,0.0,0.0,0.0,0.0,0.0,0.0,0.0,0.0,0.0,0.0,0.0,0.0,0.0,0.0,0.0,0.0,2.0,0.0,0.0,0.0,0.0,0.0,0.0,0.0,0.0,0.0,54.0,7.0,48.0,198.0,9.0,3.0,63.0,0.0,6.0,37.0,10.0,67.0,23.0,42.0,148.0,40.0,232.0,684.0,41.0,59.0,59.0,20.0,137.0,125.0,138.0,80.0,0.0,530.0,19.0,21.0,74.0,146.0,0.0,8.0,2.0,13.0,40.0,0.0,46.0,53.0,1.0,2.0,1436.0,0.0,132.0,152.0,103.0,95.0,4.0,7.0,33.0,106.0
2012-07-01,6.0,15.0,4.0,6.0,13.0,19.0,133.0,16.0,0.0,1.0,0.0,43.0,1.0,35.0,1.0,2.0,0.0,2.0,1.0,241.0,0.0,0.0,0.0,0.0,1.0,13.0,120.0,21.0,11.0,11.0,20.0,147.0,0.0,3.0,0.0,45.0,121.0,33.0,38.0,47.0,14.0,9.0,43.0,12.0,83.0,8.0,47.0,26.0,3.0,10.0,6.0,2.0,8.0,0.0,87.0,3.0,9.0,48.0,55.0,15.0,23.0,168.0,5.0,9.0,4.0,150.0,3.0,3.0,0.0,2.0,51.0,7.0,8.0,1.0,8.0,1.0,35.0,1.0,0.0,1.0,10.0,3.0,0.0,2.0,0.0,27.0,267.0,330.0,40.0,17.0,11.0,2.0,5.0,2.0,7.0,6.0,5.0,9.0,6.0,15.0,28.0,0.0,13.0,1.0,26.0,16.0,1.0,0.0,25.0,7.0,22.0,49.0,32.0,35.0,71.0,1322.0,10.0,7.0,41.0,32.0,9.0,30.0,32.0,3.0,1.0,4.0,2.0,1.0,4.0,3.0,5.0,21.0,25.0,40.0,9.0,0.0,6.0,12.0,55.0,2.0,8.0,10.0,34.0,30.0,83.0,20.0,62.0,187.0,18.0,103.0,1345.0,97.0,11.0,9.0,22.0,31.0,23.0,5.0,7.0,19.0,3.0,5.0,5.0,4.0,2.0,2.0,15.0,30.0,4.0,2.0,0.0,10.0,3.0,790.0,20.0,3.0,27.0,39.0,4.0,9.0,4.0,1.0,18.0,29.0,19.0,107.0,7.0,19.0,10.0,48.0,47.0,641.0,193.0,5.0,2.0,4.0,38.0,14.0,78.0,171.0,1.0,6.0,91.0,47.0,2028.0,92.0,132.0,8.0,15.0,5.0,11.0,8.0,4.0,11.0,1.0,7.0,4.0,166.0,15.0,53.0,34.0,4.0,0.0,20.0,16.0,2.0,1.0,34.0,7.0,99.0,82.0,244.0,17.0,22.0,29.0,104.0,13.0,3.0,22.0,55.0,562.0,10.0,26.0,84.0,4.0,51.0,43.0,60.0,34.0,2.0,507.0,270.0,0.0,2.0,10.0,30.0,1.0,1.0,60.0,5.0,0.0,0.0,1.0,4.0,0.0,2.0,23.0,45.0,60.0,16.0,4.0,2.0,15.0,92.0,17.0,0.0,58.0,3.0,23.0,0.0,1.0,90.0,2.0,0.0,0.0,1.0,0.0,0.0,187.0,0.0,304.0,36.0,43.0,1.0,15.0,0.0,0.0,0.0,1.0,1.0,1.0,3.0,1.0,1.0,1.0,0.0,0.0,1.0,0.0,0.0,0.0,7.0,5.0,1.0,6.0,41.0,3.0,2.0,1.0,15.0,16.0,17.0,64.0,29.0,4.0,1.0,556.0,30.0,4.0,85.0,11.0,63.0,4.0,156.0,24.0,0.0,1.0,2.0,0.0,25.0,333.0,66.0,33.0,85.0,2.0,2.0,9.0,21.0,4418.0,7.0,3.0,2.0,16.0,11.0,0.0,0.0,1.0,12.0,23.0,13.0,3.0,2.0,27.0,0.0,11.0,8.0,3.0,3.0,2.0,1.0,0.0,0.0,12.0,3.0,3.0,8.0,40.0,1.0,0.0,5.0,55.0,0.0,5.0,1.0,13.0,0.0,1.0,0.0,0.0,0.0,0.0,3.0,0.0,0.0,4.0,6.0,2.0,0.0,12.0,33.0,0.0,0.0,36.0,4.0,7.0,3.0,5.0,8.0,6.0,64.0,0.0,162.0,1.0,10.0,0.0,1.0,0.0,1.0,11.0,0.0,1.0,0.0,4.0,0.0,0.0,5.0,3.0,0.0,0.0,0.0,0.0,0.0,0.0,3.0,9.0,9.0,0.0,1.0,0.0,0.0,0.0,0.0,0.0,0.0,0.0,0.0,0.0,0.0,3.0,0.0,0.0,0.0,0.0,0.0,0.0,1.0,0.0,0.0,2.0,0.0,0.0,0.0,0.0,0.0,0.0,0.0,0.0,0.0,0.0,0.0,0.0,0.0,0.0,0.0,0.0,0.0,0.0,0.0,0.0,0.0,0.0,0.0,0.0,0.0,0.0,0.0,1.0,0.0,0.0,0.0,0.0,0.0,0.0,0.0,0.0,0.0,1.0,1.0,0.0,0.0,0.0,0.0,0.0,0.0,0.0,0.0,9.0,2.0,17.0,120.0,1.0,1.0,22.0,2.0,1.0,16.0,5.0,62.0,18.0,30.0,65.0,21.0,191.0,541.0,51.0,43.0,43.0,27.0,82.0,76.0,90.0,23.0,2.0,190.0,25.0,11.0,115.0,92.0,0.0,5.0,3.0,12.0,26.0,0.0,17.0,23.0,1.0,0.0,911.0,1.0,112.0,31.0,68.0,62.0,0.0,3.0,18.0,91.0
2012-08-01,7.0,17.0,3.0,1.0,3.0,41.0,96.0,10.0,0.0,0.0,0.0,32.0,3.0,23.0,0.0,16.0,0.0,1.0,0.0,154.0,0.0,1.0,0.0,0.0,0.0,1.0,143.0,91.0,9.0,11.0,32.0,254.0,0.0,50.0,1.0,59.0,105.0,34.0,54.0,39.0,26.0,5.0,31.0,15.0,87.0,5.0,21.0,18.0,5.0,13.0,3.0,2.0,6.0,1.0,260.0,4.0,5.0,19.0,18.0,18.0,11.0,87.0,5.0,3.0,3.0,144.0,6.0,2.0,1.0,5.0,41.0,1.0,10.0,2.0,3.0,0.0,14.0,2.0,0.0,1.0,6.0,3.0,0.0,1.0,0.0,2.0,135.0,178.0,68.0,7.0,6.0,2.0,0.0,4.0,3.0,5.0,7.0,2.0,0.0,8.0,11.0,3.0,8.0,1.0,4.0,33.0,0.0,8.0,5.0,6.0,8.0,59.0,18.0,16.0,24.0,439.0,10.0,16.0,39.0,7.0,9.0,7.0,3.0,2.0,1.0,6.0,1.0,1.0,2.0,2.0,1.0,4.0,0.0,28.0,4.0,0.0,4.0,1.0,114.0,10.0,1.0,0.0,18.0,50.0,55.0,5.0,17.0,108.0,9.0,58.0,730.0,33.0,5.0,12.0,10.0,24.0,23.0,2.0,8.0,11.0,2.0,3.0,4.0,4.0,1.0,0.0,9.0,36.0,12.0,7.0,0.0,4.0,14.0,677.0,20.0,4.0,9.0,12.0,0.0,3.0,5.0,0.0,6.0,13.0,4.0,55.0,1.0,10.0,5.0,9.0,13.0,338.0,73.0,0.0,5.0,2.0,7.0,11.0,72.0,125.0,0.0,3.0,32.0,34.0,1593.0,46.0,106.0,4.0,7.0,3.0,4.0,7.0,1.0,10.0,0.0,2.0,7.0,101.0,7.0,15.0,9.0,0.0,2.0,8.0,3.0,2.0,2.0,20.0,8.0,31.0,101.0,202.0,13.0,11.0,16.0,51.0,5.0,1.0,13.0,25.0,328.0,1.0,18.0,81.0,0.0,33.0,18.0,33.0,20.0,7.0,239.0,152.0,2.0,1.0,14.0,23.0,0.0,3.0,29.0,1.0,1.0,0.0,0.0,9.0,0.0,4.0,8.0,31.0,17.0,24.0,4.0,0.0,16.0,51.0,6.0,0.0,11.0,0.0,9.0,1.0,3.0,41.0,1.0,0.0,0.0,0.0,1.0,0.0,114.0,0.0,154.0,16.0,21.0,1.0,10.0,0.0,0.0,0.0,1.0,0.0,1.0,0.0,0.0,0.0,1.0,0.0,0.0,0.0,0.0,0.0,0.0,4.0,3.0,0.0,0.0,16.0,1.0,4.0,0.0,14.0,13.0,10.0,34.0,18.0,4.0,0.0,401.0,25.0,5.0,40.0,1.0,20.0,9.0,77.0,21.0,1.0,2.0,1.0,0.0,21.0,371.0,56.0,21.0,28.0,2.0,2.0,16.0,6.0,2279.0,4.0,1.0,14.0,17.0,5.0,1.0,2.0,0.0,7.0,6.0,8.0,0.0,0.0,18.0,1.0,8.0,7.0,3.0,0.0,1.0,0.0,0.0,0.0,16.0,0.0,1.0,4.0,16.0,0.0,3.0,7.0,32.0,0.0,1.0,3.0,8.0,0.0,1.0,1.0,0.0,0.0,0.0,0.0,0.0,0.0,4.0,7.0,0.0,1.0,6.0,11.0,0.0,1.0,27.0,5.0,0.0,2.0,1.0,7.0,1.0,35.0,1.0,72.0,2.0,6.0,1.0,2.0,4.0,1.0,5.0,0.0,0.0,0.0,21.0,0.0,0.0,4.0,2.0,0.0,0.0,0.0,0.0,0.0,0.0,3.0,2.0,3.0,0.0,0.0,0.0,0.0,1.0,0.0,0.0,0.0,0.0,0.0,0.0,0.0,0.0,1.0,0.0,0.0,0.0,0.0,0.0,0.0,0.0,0.0,1.0,0.0,0.0,0.0,0.0,1.0,0.0,0.0,0.0,0.0,0.0,0.0,0.0,0.0,0.0,0.0,0.0,0.0,0.0,0.0,0.0,0.0,0.0,0.0,0.0,0.0,0.0,0.0,0.0,0.0,0.0,0.0,0.0,0.0,1.0,0.0,0.0,0.0,0.0,0.0,0.0,0.0,0.0,0.0,1.0,0.0,0.0,0.0,7.0,1.0,23.0,65.0,1.0,0.0,6.0,6.0,1.0,8.0,8.0,43.0,33.0,16.0,33.0,10.0,49.0,315.0,49.0,28.0,45.0,33.0,46.0,33.0,59.0,10.0,6.0,104.0,19.0,7.0,62.0,63.0,1.0,7.0,1.0,8.0,15.0,1.0,10.0,25.0,1.0,2.0,739.0,0.0,30.0,31.0,42.0,49.0,0.0,2.0,6.0,77.0
2012-09-01,10.0,28.0,2.0,1.0,3.0,16.0,27.0,4.0,0.0,0.0,0.0,27.0,13.0,28.0,0.0,26.0,1.0,0.0,1.0,148.0,0.0,1.0,1.0,0.0,2.0,0.0,56.0,44.0,7.0,5.0,80.0,122.0,1.0,6.0,0.0,25.0,68.0,12.0,38.0,25.0,25.0,8.0,18.0,9.0,67.0,5.0,17.0,25.0,3.0,4.0,6.0,3.0,39.0,0.0,304.0,1.0,5.0,33.0,13.0,8.0,6.0,52.0,4.0,2.0,1.0,109.0,1.0,6.0,1.0,0.0,19.0,0.0,6.0,3.0,2.0,3.0,1.0,0.0,1.0,0.0,3.0,2.0,2.0,0.0,0.0,2.0,34.0,87.0,32.0,2.0,1.0,1.0,1.0,2.0,1.0,10.0,2.0,4.0,1.0,0.0,5.0,0.0,2.0,1.0,3.0,27.0,0.0,0.0,8.0,1.0,3.0,33.0,7.0,3.0,8.0,195.0,17.0,7.0,47.0,11.0,5.0,2.0,8.0,0.0,4.0,0.0,0.0,0.0,0.0,0.0,0.0,4.0,1.0,9.0,0.0,1.0,1.0,1.0,110.0,6.0,3.0,0.0,3.0,33.0,11.0,0.0,22.0,36.0,1.0,26.0,261.0,5.0,2.0,4.0,1.0,4.0,5.0,2.0,5.0,9.0,0.0,5.0,3.0,0.0,3.0,0.0,4.0,23.0,2.0,0.0,0.0,5.0,4.0,309.0,4.0,1.0,3.0,3.0,2.0,6.0,2.0,1.0,6.0,6.0,5.0,8.0,4.0,4.0,6.0,2.0,13.0,167.0,30.0,0.0,2.0,7.0,9.0,2.0,54.0,80.0,2.0,6.0,21.0,13.0,877.0,42.0,87.0,2.0,3.0,1.0,0.0,2.0,6.0,9.0,0.0,0.0,3.0,62.0,6.0,7.0,7.0,0.0,1.0,7.0,9.0,0.0,2.0,51.0,13.0,22.0,54.0,90.0,10.0,6.0,7.0,37.0,3.0,2.0,3.0,10.0,191.0,7.0,19.0,42.0,0.0,10.0,10.0,12.0,15.0,1.0,138.0,58.0,5.0,2.0,5.0,7.0,1.0,2.0,27.0,0.0,0.0,0.0,0.0,5.0,1.0,0.0,26.0,18.0,5.0,20.0,2.0,2.0,7.0,20.0,2.0,0.0,5.0,0.0,4.0,0.0,1.0,61.0,3.0,1.0,0.0,4.0,0.0,0.0,118.0,4.0,134.0,7.0,15.0,0.0,10.0,0.0,1.0,0.0,0.0,0.0,1.0,0.0,0.0,0.0,2.0,0.0,0.0,0.0,1.0,1.0,0.0,1.0,3.0,0.0,3.0,10.0,1.0,3.0,0.0,6.0,8.0,7.0,22.0,10.0,0.0,3.0,467.0,16.0,1.0,37.0,4.0,15.0,9.0,58.0,8.0,1.0,1.0,0.0,0.0,10.0,173.0,31.0,12.0,26.0,0.0,0.0,12.0,6.0,1188.0,3.0,2.0,4.0,8.0,4.0,0.0,0.0,1.0,16.0,2.0,5.0,4.0,3.0,14.0,0.0,7.0,3.0,1.0,2.0,0.0,0.0,0.0,0.0,3.0,0.0,0.0,3.0,10.0,0.0,0.0,0.0,35.0,2.0,2.0,1.0,11.0,1.0,0.0,0.0,0.0,0.0,0.0,0.0,0.0,0.0,2.0,1.0,1.0,0.0,4.0,2.0,0.0,0.0,23.0,1.0,0.0,0.0,0.0,1.0,0.0,32.0,0.0,46.0,3.0,5.0,0.0,0.0,3.0,1.0,5.0,0.0,0.0,0.0,11.0,0.0,0.0,1.0,3.0,0.0,0.0,0.0,0.0,0.0,0.0,3.0,5.0,2.0,0.0,0.0,0.0,0.0,0.0,0.0,0.0,0.0,0.0,0.0,0.0,0.0,1.0,0.0,0.0,0.0,0.0,0.0,0.0,0.0,0.0,0.0,0.0,0.0,0.0,0.0,0.0,0.0,0.0,0.0,0.0,0.0,0.0,0.0,0.0,0.0,0.0,0.0,0.0,0.0,0.0,0.0,0.0,0.0,0.0,0.0,0.0,0.0,0.0,0.0,0.0,0.0,0.0,0.0,0.0,0.0,0.0,0.0,0.0,0.0,0.0,0.0,0.0,0.0,0.0,0.0,0.0,0.0,0.0,0.0,7.0,2.0,32.0,75.0,2.0,1.0,0.0,79.0,0.0,5.0,5.0,35.0,18.0,16.0,32.0,5.0,22.0,151.0,34.0,12.0,58.0,6.0,51.0,13.0,15.0,4.0,1.0,51.0,4.0,9.0,8.0,18.0,1.0,6.0,3.0,2.0,16.0,0.0,6.0,18.0,1.0,0.0,862.0,0.0,23.0,5.0,14.0,41.0,0.0,0.0,13.0,51.0
2012-10-01,11.0,35.0,7.0,7.0,2.0,17.0,89.0,2.0,0.0,1.0,0.0,74.0,32.0,9.0,0.0,114.0,0.0,0.0,2.0,150.0,0.0,1.0,1.0,0.0,3.0,1.0,41.0,6.0,5.0,10.0,112.0,37.0,0.0,8.0,0.0,13.0,58.0,11.0,6.0,28.0,15.0,3.0,21.0,34.0,26.0,1.0,5.0,31.0,4.0,4.0,3.0,5.0,69.0,1.0,190.0,4.0,12.0,52.0,15.0,14.0,20.0,101.0,3.0,6.0,3.0,37.0,1.0,8.0,0.0,1.0,10.0,0.0,14.0,0.0,2.0,0.0,11.0,4.0,0.0,0.0,1.0,0.0,2.0,0.0,0.0,1.0,10.0,86.0,22.0,0.0,1.0,0.0,0.0,1.0,1.0,3.0,0.0,2.0,0.0,0.0,0.0,0.0,0.0,0.0,0.0,21.0,0.0,0.0,0.0,2.0,0.0,18.0,10.0,3.0,8.0,140.0,2.0,7.0,31.0,52.0,2.0,2.0,2.0,1.0,4.0,0.0,0.0,0.0,2.0,0.0,1.0,6.0,2.0,13.0,0.0,1.0,1.0,6.0,88.0,4.0,3.0,1.0,3.0,44.0,13.0,2.0,16.0,12.0,0.0,13.0,132.0,3.0,0.0,18.0,0.0,3.0,4.0,2.0,3.0,7.0,0.0,3.0,0.0,2.0,1.0,3.0,2.0,7.0,4.0,1.0,1.0,4.0,2.0,152.0,12.0,2.0,2.0,2.0,3.0,6.0,3.0,2.0,3.0,1.0,5.0,8.0,2.0,5.0,7.0,6.0,19.0,169.0,21.0,0.0,3.0,3.0,6.0,1.0,9.0,57.0,2.0,5.0,22.0,9.0,377.0,11.0,53.0,4.0,1.0,0.0,3.0,3.0,11.0,3.0,2.0,4.0,7.0,42.0,0.0,8.0,4.0,2.0,1.0,5.0,5.0,0.0,1.0,33.0,7.0,21.0,42.0,46.0,3.0,7.0,4.0,25.0,5.0,1.0,10.0,6.0,153.0,3.0,9.0,57.0,0.0,21.0,26.0,16.0,4.0,1.0,124.0,57.0,2.0,0.0,6.0,2.0,1.0,6.0,26.0,0.0,2.0,0.0,0.0,10.0,0.0,3.0,50.0,23.0,7.0,32.0,3.0,4.0,8.0,69.0,7.0,1.0,4.0,4.0,10.0,1.0,0.0,83.0,4.0,0.0,3.0,2.0,3.0,0.0,95.0,1.0,138.0,3.0,14.0,0.0,29.0,2.0,0.0,1.0,0.0,0.0,1.0,2.0,1.0,0.0,0.0,0.0,0.0,1.0,0.0,0.0,0.0,3.0,4.0,0.0,1.0,1.0,3.0,3.0,0.0,1.0,6.0,4.0,14.0,7.0,1.0,0.0,627.0,13.0,1.0,44.0,4.0,16.0,103.0,34.0,10.0,1.0,0.0,0.0,0.0,6.0,22.0,34.0,9.0,22.0,1.0,0.0,19.0,2.0,1069.0,2.0,4.0,4.0,27.0,1.0,1.0,1.0,1.0,14.0,13.0,13.0,3.0,13.0,14.0,0.0,14.0,8.0,4.0,0.0,0.0,2.0,0.0,0.0,9.0,1.0,0.0,8.0,4.0,0.0,0.0,1.0,45.0,1.0,3.0,2.0,75.0,0.0,0.0,1.0,0.0,0.0,0.0,0.0,0.0,0.0,4.0,3.0,0.0,0.0,11.0,5.0,0.0,1.0,34.0,2.0,0.0,1.0,0.0,8.0,2.0,45.0,1.0,78.0,5.0,7.0,1.0,0.0,5.0,2.0,16.0,0.0,1.0,1.0,22.0,0.0,0.0,2.0,0.0,0.0,0.0,0.0,0.0,0.0,0.0,1.0,5.0,5.0,2.0,1.0,0.0,0.0,0.0,0.0,0.0,0.0,0.0,0.0,0.0,0.0,1.0,0.0,0.0,0.0,0.0,0.0,0.0,0.0,0.0,0.0,0.0,0.0,0.0,0.0,0.0,0.0,0.0,0.0,1.0,0.0,0.0,0.0,0.0,0.0,0.0,0.0,0.0,0.0,0.0,0.0,0.0,0.0,0.0,0.0,0.0,0.0,0.0,0.0,0.0,0.0,0.0,0.0,0.0,0.0,0.0,0.0,0.0,0.0,1.0,0.0,0.0,0.0,0.0,0.0,0.0,0.0,0.0,0.0,2.0,5.0,19.0,111.0,1.0,0.0,0.0,43.0,56.0,14.0,4.0,61.0,58.0,15.0,71.0,10.0,36.0,273.0,45.0,12.0,107.0,22.0,87.0,23.0,25.0,8.0,2.0,41.0,28.0,8.0,9.0,14.0,2.0,8.0,1.0,23.0,23.0,0.0,16.0,37.0,1.0,2.0,1026.0,0.0,25.0,14.0,10.0,101.0,2.0,1.0,18.0,52.0
2012-11-01,41.0,82.0,7.0,14.0,7.0,40.0,102.0,13.0,0.0,0.0,0.0,184.0,105.0,19.0,0.0,144.0,0.0,0.0,2.0,256.0,0.0,0.0,1.0,2.0,1.0,11.0,18.0,14.0,9.0,25.0,268.0,31.0,0.0,18.0,0.0,5.0,56.0,4.0,12.0,19.0,14.0,5.0,27.0,122.0,48.0,20.0,3.0,70.0,15.0,4.0,9.0,30.0,59.0,1.0,124.0,18.0,20.0,74.0,25.0,24.0,86.0,136.0,0.0,3.0,0.0,21.0,0.0,2.0,0.0,2.0,1.0,0.0,9.0,0.0,4.0,0.0,9.0,2.0,1.0,0.0,2.0,1.0,0.0,3.0,0.0,1.0,7.0,86.0,14.0,0.0,0.0,1.0,0.0,0.0,1.0,6.0,1.0,6.0,0.0,4.0,0.0,0.0,0.0,0.0,3.0,28.0,1.0,0.0,1.0,0.0,2.0,13.0,2.0,1.0,1.0,116.0,2.0,7.0,19.0,149.0,11.0,0.0,2.0,2.0,1.0,0.0,1.0,0.0,1.0,1.0,0.0,12.0,2.0,9.0,0.0,1.0,3.0,5.0,123.0,9.0,3.0,1.0,8.0,55.0,20.0,3.0,4.0,13.0,0.0,4.0,128.0,1.0,0.0,12.0,1.0,1.0,0.0,9.0,1.0,3.0,0.0,0.0,2.0,0.0,2.0,0.0,1.0,7.0,3.0,0.0,0.0,5.0,0.0,83.0,0.0,1.0,4.0,3.0,2.0,1.0,0.0,0.0,2.0,4.0,4.0,11.0,1.0,8.0,5.0,6.0,4.0,217.0,12.0,0.0,2.0,8.0,3.0,0.0,1.0,79.0,0.0,1.0,11.0,2.0,367.0,14.0,27.0,1.0,0.0,0.0,4.0,8.0,3.0,1.0,0.0,3.0,0.0,18.0,3.0,0.0,4.0,2.0,3.0,16.0,10.0,0.0,0.0,29.0,209.0,20.0,33.0,57.0,5.0,13.0,7.0,38.0,4.0,0.0,2.0,11.0,123.0,13.0,12.0,111.0,2.0,54.0,39.0,22.0,16.0,1.0,111.0,58.0,2.0,2.0,34.0,34.0,1.0,29.0,28.0,1.0,0.0,0.0,0.0,48.0,0.0,1.0,45.0,25.0,11.0,40.0,0.0,5.0,19.0,164.0,5.0,4.0,16.0,3.0,11.0,0.0,1.0,61.0,6.0,0.0,0.0,1.0,8.0,0.0,110.0,2.0,312.0,5.0,72.0,0.0,26.0,2.0,1.0,1.0,1.0,1.0,5.0,0.0,0.0,0.0,1.0,0.0,0.0,0.0,0.0,0.0,0.0,4.0,7.0,0.0,2.0,2.0,6.0,11.0,0.0,3.0,4.0,8.0,21.0,8.0,4.0,2.0,814.0,15.0,4.0,21.0,1.0,36.0,336.0,67.0,18.0,6.0,2.0,2.0,0.0,11.0,57.0,38.0,37.0,18.0,1.0,0.0,21.0,6.0,1133.0,7.0,2.0,9.0,62.0,4.0,0.0,2.0,1.0,31.0,40.0,58.0,2.0,18.0,23.0,0.0,31.0,7.0,4.0,1.0,1.0,2.0,0.0,0.0,8.0,0.0,3.0,14.0,9.0,0.0,3.0,9.0,83.0,0.0,8.0,2.0,120.0,0.0,0.0,1.0,1.0,0.0,1.0,0.0,0.0,0.0,36.0,10.0,2.0,0.0,7.0,10.0,0.0,1.0,12.0,9.0,3.0,6.0,0.0,4.0,1.0,36.0,0.0,143.0,48.0,8.0,0.0,0.0,44.0,6.0,23.0,0.0,3.0,3.0,18.0,0.0,0.0,17.0,0.0,0.0,0.0,0.0,0.0,0.0,0.0,4.0,13.0,6.0,0.0,0.0,0.0,0.0,0.0,0.0,0.0,1.0,0.0,0.0,0.0,0.0,0.0,1.0,0.0,0.0,0.0,0.0,0.0,0.0,0.0,0.0,2.0,0.0,0.0,0.0,0.0,0.0,0.0,0.0,0.0,0.0,0.0,0.0,0.0,0.0,1.0,0.0,0.0,0.0,0.0,0.0,0.0,0.0,0.0,0.0,0.0,0.0,0.0,1.0,0.0,0.0,0.0,0.0,0.0,0.0,0.0,0.0,0.0,0.0,1.0,1.0,0.0,1.0,0.0,0.0,0.0,0.0,0.0,1.0,10.0,78.0,48.0,322.0,1.0,1.0,8.0,57.0,438.0,56.0,54.0,44.0,244.0,177.0,130.0,10.0,113.0,285.0,53.0,69.0,174.0,58.0,83.0,44.0,25.0,5.0,14.0,100.0,58.0,16.0,46.0,28.0,12.0,23.0,2.0,26.0,51.0,0.0,92.0,58.0,3.0,5.0,1341.0,0.0,42.0,22.0,54.0,111.0,4.0,0.0,3.0,53.0
2012-12-01,46.0,98.0,8.0,30.0,44.0,78.0,107.0,29.0,2.0,1.0,0.0,401.0,110.0,38.0,0.0,109.0,0.0,0.0,1.0,529.0,0.0,4.0,0.0,5.0,0.0,16.0,28.0,4.0,2.0,17.0,79.0,8.0,0.0,8.0,0.0,13.0,112.0,11.0,12.0,18.0,13.0,7.0,9.0,74.0,53.0,63.0,13.0,39.0,74.0,7.0,9.0,50.0,14.0,2.0,57.0,3.0,28.0,99.0,50.0,51.0,166.0,223.0,2.0,12.0,1.0,20.0,0.0,2.0,0.0,2.0,6.0,4.0,27.0,10.0,1.0,3.0,2.0,1.0,2.0,2.0,16.0,0.0,7.0,13.0,0.0,6.0,3.0,78.0,5.0,9.0,2.0,1.0,4.0,2.0,0.0,14.0,7.0,8.0,3.0,4.0,3.0,1.0,0.0,3.0,1.0,26.0,0.0,0.0,2.0,2.0,7.0,12.0,3.0,0.0,1.0,172.0,3.0,4.0,19.0,58.0,11.0,0.0,4.0,2.0,0.0,2.0,0.0,0.0,4.0,0.0,1.0,115.0,1.0,30.0,0.0,0.0,25.0,3.0,156.0,10.0,5.0,0.0,0.0,54.0,19.0,2.0,3.0,12.0,2.0,1.0,124.0,2.0,3.0,8.0,0.0,1.0,1.0,6.0,1.0,1.0,1.0,1.0,0.0,0.0,0.0,0.0,3.0,3.0,5.0,2.0,1.0,2.0,2.0,89.0,1.0,26.0,4.0,4.0,2.0,4.0,0.0,2.0,7.0,3.0,23.0,0.0,0.0,32.0,11.0,4.0,6.0,429.0,21.0,0.0,0.0,4.0,10.0,1.0,19.0,223.0,1.0,13.0,13.0,0.0,187.0,9.0,27.0,1.0,1.0,0.0,2.0,10.0,0.0,7.0,4.0,1.0,4.0,29.0,3.0,1.0,4.0,3.0,28.0,19.0,6.0,1.0,3.0,18.0,71.0,30.0,41.0,88.0,3.0,9.0,8.0,87.0,0.0,2.0,4.0,8.0,195.0,28.0,11.0,413.0,6.0,65.0,31.0,45.0,11.0,0.0,144.0,55.0,1.0,2.0,207.0,70.0,2.0,191.0,331.0,2.0,10.0,0.0,3.0,1018.0,3.0,6.0,74.0,155.0,89.0,154.0,4.0,3.0,21.0,419.0,16.0,2.0,30.0,12.0,28.0,0.0,0.0,97.0,26.0,0.0,4.0,0.0,8.0,0.0,286.0,16.0,1935.0,21.0,441.0,0.0,44.0,2.0,1.0,1.0,3.0,2.0,3.0,3.0,1.0,1.0,0.0,0.0,0.0,0.0,1.0,3.0,0.0,11.0,7.0,1.0,8.0,7.0,7.0,20.0,1.0,3.0,9.0,15.0,26.0,6.0,12.0,3.0,2033.0,12.0,5.0,23.0,0.0,143.0,412.0,181.0,21.0,9.0,0.0,3.0,0.0,61.0,93.0,27.0,42.0,21.0,2.0,4.0,87.0,11.0,1962.0,7.0,5.0,7.0,73.0,4.0,2.0,0.0,0.0,165.0,96.0,83.0,5.0,35.0,55.0,1.0,78.0,6.0,1.0,2.0,9.0,2.0,0.0,0.0,36.0,2.0,1.0,52.0,3.0,2.0,2.0,14.0,65.0,0.0,2.0,20.0,131.0,0.0,3.0,1.0,0.0,0.0,3.0,2.0,1.0,0.0,7.0,5.0,2.0,2.0,12.0,54.0,0.0,0.0,11.0,67.0,2.0,3.0,4.0,6.0,2.0,73.0,1.0,100.0,222.0,20.0,28.0,22.0,503.0,16.0,18.0,0.0,9.0,3.0,26.0,0.0,0.0,9.0,1.0,0.0,0.0,1.0,0.0,0.0,0.0,1.0,13.0,20.0,1.0,2.0,1.0,0.0,0.0,0.0,0.0,0.0,0.0,0.0,0.0,0.0,1.0,0.0,0.0,0.0,0.0,0.0,0.0,0.0,0.0,0.0,0.0,0.0,0.0,0.0,0.0,1.0,0.0,0.0,0.0,0.0,0.0,0.0,1.0,0.0,0.0,0.0,0.0,0.0,0.0,2.0,0.0,0.0,0.0,2.0,0.0,0.0,0.0,0.0,1.0,0.0,0.0,0.0,0.0,0.0,0.0,0.0,0.0,0.0,3.0,0.0,0.0,1.0,0.0,0.0,0.0,0.0,0.0,1.0,16.0,125.0,84.0,1938.0,5.0,3.0,24.0,31.0,120.0,149.0,121.0,58.0,384.0,207.0,173.0,38.0,220.0,342.0,66.0,94.0,175.0,124.0,58.0,65.0,42.0,13.0,38.0,182.0,77.0,107.0,96.0,105.0,2.0,54.0,2.0,22.0,112.0,0.0,122.0,74.0,3.0,9.0,2065.0,1.0,40.0,29.0,65.0,87.0,1.0,1.0,6.0,101.0
2013-01-01,395.0,228.0,33.0,364.0,343.0,414.0,378.0,176.0,9.0,5.0,7.0,649.0,129.0,47.0,0.0,188.0,4.0,19.0,59.0,2505.0,1.0,8.0,4.0,75.0,14.0,191.0,23.0,2.0,19.0,10.0,209.0,167.0,1.0,78.0,0.0,8.0,119.0,12.0,15.0,6.0,12.0,1.0,44.0,335.0,150.0,51.0,32.0,99.0,91.0,27.0,131.0,107.0,90.0,0.0,133.0,53.0,46.0,100.0,95.0,264.0,404.0,491.0,5.0,38.0,1.0,22.0,0.0,2.0,7.0,15.0,20.0,11.0,52.0,5.0,67.0,2.0,0.0,1.0,0.0,3.0,19.0,6.0,35.0,9.0,1.0,6.0,3.0,144.0,47.0,3.0,42.0,3.0,13.0,3.0,6.0,1.0,11.0,2.0,0.0,3.0,9.0,2.0,23.0,0.0,15.0,16.0,1.0,3.0,0.0,24.0,1.0,48.0,9.0,8.0,0.0,287.0,8.0,23.0,67.0,323.0,24.0,2.0,5.0,2.0,25.0,17.0,0.0,2.0,13.0,2.0,16.0,5.0,7.0,13.0,12.0,0.0,2.0,47.0,483.0,22.0,4.0,0.0,42.0,78.0,64.0,1.0,52.0,83.0,1.0,8.0,158.0,1.0,27.0,115.0,39.0,3.0,15.0,12.0,29.0,2.0,3.0,5.0,7.0,25.0,14.0,2.0,1.0,6.0,12.0,3.0,0.0,8.0,0.0,135.0,7.0,4.0,8.0,6.0,2.0,6.0,2.0,1.0,19.0,13.0,15.0,4.0,13.0,1.0,5.0,7.0,1.0,132.0,18.0,0.0,0.0,3.0,3.0,1.0,6.0,60.0,0.0,4.0,13.0,3.0,143.0,9.0,13.0,0.0,0.0,0.0,1.0,1.0,0.0,0.0,0.0,0.0,0.0,21.0,3.0,1.0,69.0,12.0,111.0,43.0,4.0,17.0,62.0,14.0,397.0,40.0,25.0,165.0,14.0,50.0,3.0,115.0,8.0,2.0,6.0,56.0,90.0,355.0,27.0,1352.0,80.0,619.0,254.0,245.0,254.0,2.0,493.0,864.0,9.0,22.0,835.0,1248.0,189.0,1950.0,2736.0,56.0,290.0,5.0,128.0,924.0,18.0,95.0,577.0,509.0,692.0,912.0,19.0,23.0,298.0,1985.0,37.0,11.0,205.0,81.0,797.0,0.0,9.0,1873.0,156.0,1.0,15.0,36.0,46.0,5.0,1535.0,81.0,12753.0,1122.0,954.0,10.0,165.0,16.0,3.0,3.0,11.0,10.0,12.0,10.0,4.0,7.0,2.0,7.0,0.0,3.0,3.0,0.0,4.0,204.0,174.0,46.0,121.0,187.0,78.0,1140.0,13.0,27.0,62.0,13.0,53.0,57.0,42.0,10.0,6231.0,42.0,18.0,129.0,10.0,2032.0,1236.0,1570.0,230.0,529.0,34.0,30.0,5.0,827.0,749.0,558.0,417.0,257.0,138.0,16.0,1151.0,44.0,6577.0,24.0,77.0,20.0,774.0,60.0,8.0,10.0,6.0,1861.0,825.0,1058.0,54.0,443.0,520.0,11.0,384.0,39.0,53.0,9.0,422.0,15.0,0.0,5.0,183.0,14.0,10.0,800.0,48.0,15.0,19.0,36.0,260.0,7.0,21.0,68.0,539.0,89.0,32.0,43.0,12.0,1.0,5.0,3.0,3.0,3.0,144.0,18.0,15.0,0.0,135.0,804.0,2.0,1.0,78.0,1570.0,16.0,51.0,57.0,35.0,22.0,432.0,13.0,699.0,2546.0,63.0,213.0,28.0,1742.0,239.0,139.0,3.0,222.0,18.0,155.0,8.0,5.0,14.0,7.0,2.0,0.0,1.0,3.0,0.0,2.0,182.0,48.0,89.0,13.0,6.0,3.0,0.0,4.0,1.0,0.0,0.0,2.0,0.0,0.0,0.0,60.0,1.0,0.0,0.0,5.0,2.0,1.0,1.0,0.0,1.0,19.0,2.0,1.0,2.0,13.0,4.0,2.0,1.0,6.0,0.0,3.0,0.0,0.0,1.0,1.0,1.0,0.0,2.0,1.0,0.0,2.0,0.0,1.0,0.0,2.0,0.0,0.0,0.0,3.0,0.0,0.0,0.0,1.0,0.0,0.0,1.0,0.0,0.0,16.0,0.0,0.0,0.0,0.0,0.0,0.0,0.0,0.0,2.0,485.0,1013.0,560.0,19058.0,53.0,25.0,460.0,1026.0,473.0,767.0,855.0,577.0,933.0,705.0,454.0,84.0,621.0,977.0,121.0,472.0,152.0,251.0,355.0,534.0,284.0,52.0,49.0,470.0,285.0,525.0,211.0,871.0,74.0,176.0,29.0,171.0,1419.0,4.0,580.0,446.0,73.0,67.0,14602.0,15.0,729.0,863.0,206.0,1464.0,47.0,18.0,296.0,510.0
2013-02-01,221.0,210.0,29.0,307.0,230.0,631.0,361.0,364.0,7.0,3.0,3.0,505.0,81.0,39.0,1.0,30.0,2.0,37.0,351.0,2954.0,1.0,31.0,16.0,66.0,7.0,104.0,25.0,2.0,14.0,11.0,304.0,347.0,0.0,60.0,8.0,7.0,180.0,14.0,23.0,9.0,26.0,11.0,16.0,254.0,160.0,79.0,63.0,62.0,153.0,49.0,102.0,92.0,31.0,0.0,181.0,18.0,84.0,58.0,120.0,397.0,405.0,636.0,18.0,35.0,3.0,24.0,2.0,1.0,39.0,5.0,20.0,15.0,125.0,5.0,148.0,8.0,0.0,4.0,13.0,4.0,13.0,23.0,61.0,17.0,1.0,9.0,9.0,207.0,77.0,11.0,66.0,10.0,3.0,5.0,36.0,12.0,30.0,15.0,1.0,4.0,16.0,11.0,32.0,0.0,68.0,60.0,3.0,5.0,4.0,23.0,3.0,123.0,18.0,25.0,3.0,396.0,145.0,61.0,59.0,372.0,39.0,3.0,7.0,1.0,59.0,50.0,1.0,0.0,12.0,3.0,33.0,12.0,6.0,9.0,0.0,4.0,1.0,33.0,89.0,21.0,9.0,7.0,112.0,118.0,301.0,1.0,172.0,73.0,8.0,3.0,196.0,3.0,95.0,299.0,44.0,23.0,30.0,7.0,53.0,16.0,5.0,8.0,6.0,54.0,14.0,9.0,0.0,11.0,13.0,2.0,2.0,33.0,5.0,196.0,4.0,5.0,41.0,13.0,4.0,3.0,2.0,4.0,16.0,21.0,12.0,21.0,2.0,9.0,9.0,12.0,2.0,194.0,12.0,0.0,2.0,2.0,11.0,0.0,2.0,63.0,1.0,11.0,31.0,3.0,220.0,2.0,6.0,1.0,25.0,0.0,0.0,0.0,1.0,0.0,0.0,0.0,1.0,20.0,0.0,0.0,360.0,70.0,243.0,107.0,4.0,67.0,334.0,19.0,1168.0,72.0,76.0,382.0,15.0,42.0,12.0,148.0,8.0,5.0,5.0,43.0,141.0,641.0,222.0,1030.0,426.0,1512.0,838.0,278.0,573.0,3.0,1038.0,1549.0,26.0,99.0,1556.0,2262.0,402.0,2223.0,2990.0,160.0,1481.0,9.0,303.0,554.0,414.0,273.0,1685.0,612.0,1465.0,1279.0,83.0,86.0,705.0,4849.0,164.0,211.0,777.0,200.0,3996.0,7.0,108.0,13736.0,693.0,29.0,41.0,31.0,48.0,15.0,2111.0,266.0,8173.0,995.0,644.0,61.0,825.0,76.0,15.0,26.0,40.0,11.0,16.0,20.0,3.0,6.0,12.0,9.0,5.0,4.0,10.0,13.0,6.0,676.0,763.0,44.0,617.0,1231.0,337.0,1831.0,60.0,67.0,90.0,24.0,204.0,109.0,37.0,43.0,8271.0,205.0,122.0,1093.0,24.0,1999.0,524.0,3517.0,981.0,943.0,404.0,119.0,80.0,1419.0,2163.0,2105.0,638.0,1247.0,183.0,67.0,1652.0,173.0,15869.0,126.0,278.0,65.0,3078.0,145.0,54.0,39.0,6.0,2028.0,1637.0,1276.0,169.0,573.0,2026.0,29.0,1466.0,103.0,176.0,35.0,1080.0,36.0,2.0,3.0,350.0,33.0,38.0,1699.0,219.0,79.0,133.0,174.0,859.0,8.0,101.0,325.0,961.0,145.0,89.0,375.0,40.0,2.0,3.0,18.0,4.0,5.0,236.0,40.0,10.0,0.0,304.0,1531.0,14.0,0.0,440.0,1977.0,161.0,66.0,143.0,232.0,14.0,522.0,19.0,4335.0,5460.0,203.0,422.0,157.0,2847.0,498.0,553.0,153.0,794.0,35.0,170.0,7.0,19.0,20.0,32.0,4.0,1.0,4.0,5.0,0.0,4.0,698.0,58.0,237.0,136.0,45.0,5.0,1.0,1.0,0.0,0.0,0.0,0.0,0.0,0.0,0.0,49.0,1.0,0.0,10.0,5.0,2.0,1.0,4.0,3.0,1.0,6.0,0.0,0.0,1.0,3.0,13.0,0.0,0.0,15.0,0.0,6.0,2.0,0.0,16.0,2.0,0.0,0.0,0.0,0.0,1.0,8.0,2.0,3.0,0.0,0.0,0.0,0.0,0.0,6.0,1.0,0.0,0.0,0.0,0.0,0.0,1.0,1.0,0.0,46.0,0.0,1.0,0.0,0.0,0.0,0.0,1.0,0.0,1.0,662.0,1077.0,1136.0,13392.0,154.0,88.0,920.0,916.0,548.0,1610.0,2063.0,335.0,670.0,608.0,425.0,81.0,501.0,1339.0,78.0,154.0,116.0,365.0,382.0,397.0,280.0,38.0,27.0,703.0,163.0,386.0,106.0,732.0,39.0,258.0,102.0,135.0,889.0,14.0,666.0,1064.0,83.0,121.0,18845.0,80.0,1435.0,2123.0,165.0,1284.0,45.0,40.0,619.0,835.0
2013-03-01,135.0,90.0,33.0,207.0,119.0,477.0,267.0,360.0,2.0,1.0,17.0,347.0,45.0,49.0,0.0,20.0,3.0,85.0,288.0,2919.0,1.0,27.0,28.0,27.0,3.0,107.0,26.0,6.0,7.0,14.0,162.0,401.0,0.0,23.0,5.0,28.0,194.0,25.0,40.0,14.0,19.0,38.0,39.0,102.0,227.0,57.0,72.0,63.0,192.0,90.0,89.0,50.0,151.0,0.0,238.0,17.0,66.0,82.0,101.0,321.0,247.0,683.0,9.0,81.0,6.0,65.0,5.0,7.0,42.0,5.0,16.0,28.0,69.0,9.0,129.0,22.0,2.0,25.0,13.0,2.0,16.0,32.0,23.0,16.0,0.0,20.0,16.0,376.0,96.0,20.0,37.0,12.0,1.0,9.0,37.0,34.0,27.0,13.0,2.0,29.0,72.0,9.0,59.0,0.0,135.0,105.0,3.0,5.0,35.0,20.0,2.0,267.0,34.0,46.0,21.0,876.0,342.0,180.0,74.0,187.0,25.0,3.0,13.0,1.0,29.0,30.0,1.0,2.0,24.0,1.0,38.0,62.0,62.0,33.0,3.0,3.0,1.0,29.0,174.0,95.0,7.0,8.0,133.0,93.0,382.0,1.0,222.0,159.0,5.0,9.0,261.0,22.0,49.0,279.0,104.0,53.0,68.0,17.0,131.0,19.0,18.0,13.0,16.0,71.0,28.0,32.0,38.0,12.0,76.0,2.0,0.0,77.0,8.0,203.0,13.0,7.0,43.0,18.0,10.0,2.0,9.0,4.0,42.0,48.0,6.0,43.0,9.0,13.0,8.0,31.0,4.0,365.0,64.0,0.0,5.0,3.0,14.0,1.0,10.0,141.0,0.0,29.0,66.0,5.0,342.0,3.0,1.0,7.0,1.0,2.0,2.0,1.0,3.0,1.0,0.0,2.0,3.0,22.0,0.0,0.0,674.0,104.0,351.0,114.0,5.0,311.0,690.0,43.0,2026.0,321.0,133.0,664.0,17.0,36.0,32.0,228.0,9.0,5.0,17.0,140.0,251.0,575.0,692.0,1188.0,268.0,1222.0,1487.0,735.0,515.0,14.0,2309.0,2381.0,48.0,558.0,1175.0,896.0,289.0,1250.0,2556.0,198.0,1101.0,64.0,945.0,589.0,657.0,565.0,4091.0,700.0,931.0,2461.0,302.0,477.0,2325.0,4822.0,552.0,1166.0,2690.0,1112.0,14594.0,85.0,1187.0,71425.0,1934.0,119.0,128.0,78.0,121.0,76.0,2088.0,516.0,3491.0,900.0,673.0,462.0,3907.0,414.0,117.0,140.0,222.0,88.0,73.0,129.0,15.0,8.0,208.0,34.0,3.0,8.0,77.0,92.0,14.0,1440.0,1834.0,189.0,1172.0,3093.0,1605.0,1984.0,329.0,128.0,128.0,63.0,401.0,158.0,92.0,49.0,10807.0,1054.0,257.0,3065.0,138.0,2114.0,277.0,7006.0,1981.0,664.0,987.0,304.0,73.0,1312.0,5428.0,7110.0,1372.0,3229.0,972.0,274.0,1545.0,404.0,37310.0,670.0,776.0,455.0,9649.0,439.0,46.0,205.0,66.0,689.0,2600.0,698.0,210.0,1307.0,6336.0,62.0,2371.0,287.0,390.0,158.0,2516.0,159.0,10.0,12.0,1222.0,88.0,284.0,2427.0,1055.0,321.0,602.0,403.0,3776.0,4.0,211.0,1153.0,2023.0,620.0,141.0,1123.0,81.0,6.0,4.0,66.0,31.0,2.0,541.0,122.0,47.0,0.0,782.0,3439.0,33.0,3.0,1389.0,3126.0,733.0,260.0,252.0,868.0,77.0,1421.0,43.0,13843.0,4980.0,1255.0,1236.0,797.0,4039.0,1108.0,1448.0,527.0,2130.0,65.0,468.0,5.0,188.0,49.0,110.0,18.0,0.0,1.0,3.0,2.0,2.0,1363.0,154.0,1186.0,342.0,91.0,1.0,1.0,6.0,1.0,0.0,0.0,0.0,0.0,0.0,0.0,41.0,3.0,0.0,0.0,4.0,3.0,0.0,0.0,1.0,0.0,7.0,0.0,1.0,0.0,8.0,12.0,0.0,1.0,13.0,1.0,2.0,3.0,0.0,22.0,2.0,0.0,0.0,0.0,0.0,5.0,9.0,0.0,1.0,0.0,0.0,0.0,0.0,0.0,2.0,0.0,0.0,0.0,0.0,0.0,0.0,1.0,0.0,0.0,80.0,0.0,1.0,1.0,0.0,0.0,0.0,0.0,0.0,1.0,680.0,539.0,1240.0,5589.0,229.0,373.0,2007.0,423.0,635.0,2098.0,2585.0,229.0,418.0,444.0,534.0,52.0,594.0,1607.0,86.0,145.0,163.0,258.0,237.0,250.0,204.0,32.0,20.0,778.0,105.0,341.0,83.0,413.0,44.0,177.0,142.0,142.0,573.0,41.0,882.0,1768.0,130.0,265.0,17402.0,139.0,3845.0,4945.0,244.0,1603.0,100.0,156.0,612.0,1697.0
2013-04-01,85.0,13.0,18.0,108.0,45.0,171.0,115.0,65.0,2.0,1.0,0.0,140.0,12.0,60.0,0.0,17.0,0.0,47.0,138.0,2248.0,2.0,21.0,36.0,6.0,7.0,63.0,13.0,4.0,11.0,24.0,23.0,230.0,0.0,0.0,12.0,18.0,182.0,36.0,32.0,18.0,5.0,35.0,17.0,88.0,188.0,45.0,57.0,93.0,178.0,109.0,83.0,35.0,129.0,0.0,249.0,7.0,80.0,83.0,68.0,135.0,102.0,732.0,10.0,128.0,9.0,230.0,9.0,10.0,7.0,8.0,28.0,65.0,59.0,54.0,57.0,15.0,3.0,5.0,2.0,3.0,13.0,45.0,17.0,27.0,1.0,21.0,50.0,322.0,64.0,27.0,48.0,28.0,13.0,16.0,47.0,56.0,28.0,42.0,4.0,62.0,292.0,31.0,106.0,2.0,124.0,230.0,8.0,70.0,27.0,52.0,8.0,180.0,75.0,40.0,111.0,2050.0,269.0,123.0,225.0,103.0,56.0,15.0,24.0,4.0,46.0,43.0,12.0,8.0,20.0,5.0,161.0,150.0,76.0,38.0,5.0,19.0,6.0,134.0,340.0,75.0,9.0,3.0,133.0,218.0,484.0,1.0,174.0,347.0,8.0,22.0,404.0,8.0,54.0,243.0,240.0,121.0,92.0,23.0,327.0,21.0,78.0,18.0,14.0,104.0,56.0,31.0,59.0,29.0,131.0,2.0,1.0,35.0,14.0,199.0,8.0,8.0,46.0,37.0,6.0,6.0,15.0,2.0,106.0,48.0,23.0,92.0,17.0,26.0,17.0,28.0,29.0,688.0,95.0,6.0,4.0,8.0,30.0,5.0,14.0,335.0,1.0,80.0,97.0,29.0,328.0,14.0,13.0,13.0,9.0,2.0,1.0,8.0,3.0,2.0,1.0,4.0,1.0,32.0,2.0,1.0,654.0,80.0,257.0,207.0,6.0,158.0,106.0,96.0,1115.0,714.0,200.0,514.0,4.0,37.0,35.0,187.0,6.0,5.0,15.0,337.0,263.0,174.0,475.0,699.0,193.0,501.0,364.0,918.0,206.0,36.0,2785.0,970.0,81.0,755.0,477.0,452.0,383.0,795.0,1031.0,32.0,485.0,63.0,459.0,433.0,258.0,434.0,1455.0,245.0,761.0,2382.0,302.0,955.0,1975.0,1949.0,816.0,1506.0,1881.0,940.0,6834.0,72.0,1744.0,71865.0,1414.0,211.0,202.0,83.0,62.0,94.0,1024.0,440.0,1243.0,279.0,515.0,229.0,5874.0,423.0,261.0,193.0,451.0,275.0,108.0,163.0,13.0,16.0,257.0,32.0,8.0,7.0,168.0,105.0,34.0,802.0,1138.0,324.0,526.0,2106.0,2963.0,648.0,448.0,162.0,214.0,81.0,183.0,595.0,70.0,55.0,7655.0,754.0,160.0,3088.0,260.0,1484.0,56.0,2910.0,1150.0,111.0,624.0,310.0,4.0,1527.0,4878.0,4992.0,969.0,2146.0,874.0,304.0,342.0,296.0,35290.0,1263.0,683.0,622.0,7779.0,591.0,59.0,243.0,63.0,125.0,1258.0,132.0,186.0,1439.0,6717.0,83.0,1229.0,330.0,418.0,152.0,2831.0,332.0,11.0,15.0,1335.0,141.0,447.0,2603.0,1287.0,259.0,722.0,551.0,6041.0,18.0,253.0,682.0,1675.0,692.0,214.0,886.0,86.0,4.0,6.0,96.0,21.0,10.0,786.0,151.0,55.0,2.0,707.0,1989.0,51.0,2.0,1520.0,1426.0,768.0,332.0,365.0,967.0,98.0,1639.0,46.0,10238.0,2590.0,1595.0,929.0,906.0,1643.0,1001.0,1701.0,456.0,1669.0,78.0,875.0,3.0,267.0,119.0,223.0,43.0,0.0,1.0,4.0,0.0,4.0,910.0,158.0,1514.0,256.0,69.0,5.0,1.0,33.0,0.0,0.0,1.0,1.0,1.0,0.0,0.0,49.0,3.0,0.0,0.0,14.0,4.0,4.0,0.0,1.0,1.0,3.0,0.0,1.0,3.0,6.0,11.0,0.0,0.0,20.0,0.0,3.0,6.0,3.0,11.0,2.0,0.0,0.0,1.0,0.0,8.0,6.0,1.0,0.0,0.0,0.0,0.0,0.0,1.0,4.0,0.0,1.0,0.0,0.0,1.0,0.0,0.0,1.0,0.0,54.0,1.0,0.0,4.0,0.0,0.0,0.0,3.0,0.0,1.0,232.0,151.0,692.0,1839.0,275.0,545.0,1730.0,92.0,547.0,973.0,1285.0,129.0,219.0,186.0,536.0,32.0,408.0,975.0,34.0,99.0,183.0,102.0,114.0,142.0,91.0,29.0,6.0,692.0,40.0,129.0,17.0,183.0,24.0,90.0,122.0,112.0,359.0,89.0,615.0,1765.0,76.0,157.0,10918.0,326.0,4729.0,3117.0,140.0,1344.0,119.0,205.0,353.0,3226.0
2013-05-01,72.0,5.0,12.0,88.0,6.0,91.0,48.0,18.0,0.0,2.0,0.0,70.0,16.0,32.0,0.0,10.0,0.0,71.0,58.0,1239.0,2.0,1.0,17.0,0.0,0.0,33.0,26.0,8.0,48.0,47.0,27.0,94.0,0.0,0.0,0.0,12.0,53.0,10.0,8.0,4.0,10.0,3.0,8.0,29.0,67.0,47.0,32.0,93.0,161.0,27.0,33.0,21.0,28.0,0.0,110.0,1.0,52.0,118.0,44.0,42.0,54.0,463.0,18.0,105.0,11.0,232.0,16.0,8.0,3.0,5.0,19.0,35.0,25.0,36.0,36.0,2.0,0.0,2.0,2.0,0.0,15.0,32.0,12.0,10.0,0.0,16.0,46.0,325.0,66.0,11.0,33.0,18.0,3.0,6.0,91.0,17.0,38.0,57.0,11.0,29.0,298.0,24.0,26.0,1.0,181.0,162.0,9.0,164.0,42.0,41.0,4.0,101.0,82.0,75.0,117.0,2316.0,114.0,167.0,361.0,52.0,27.0,10.0,32.0,5.0,13.0,24.0,10.0,52.0,29.0,12.0,159.0,113.0,67.0,48.0,1.0,44.0,17.0,83.0,273.0,13.0,5.0,6.0,113.0,54.0,451.0,6.0,145.0,431.0,13.0,68.0,635.0,10.0,56.0,186.0,271.0,79.0,84.0,26.0,512.0,23.0,58.0,56.0,14.0,75.0,22.0,49.0,128.0,41.0,137.0,13.0,8.0,26.0,22.0,424.0,9.0,5.0,15.0,101.0,7.0,7.0,20.0,9.0,139.0,52.0,26.0,82.0,14.0,37.0,28.0,57.0,52.0,702.0,83.0,8.0,18.0,25.0,35.0,4.0,25.0,793.0,1.0,114.0,88.0,73.0,993.0,18.0,19.0,11.0,30.0,5.0,3.0,5.0,2.0,2.0,4.0,2.0,3.0,64.0,12.0,2.0,771.0,61.0,137.0,253.0,3.0,216.0,45.0,38.0,387.0,250.0,75.0,222.0,3.0,77.0,32.0,140.0,9.0,0.0,15.0,183.0,210.0,41.0,210.0,158.0,83.0,162.0,178.0,328.0,49.0,27.0,1401.0,375.0,86.0,607.0,166.0,151.0,84.0,329.0,284.0,5.0,121.0,27.0,135.0,114.0,31.0,140.0,211.0,80.0,251.0,959.0,129.0,418.0,707.0,649.0,418.0,558.0,637.0,305.0,1155.0,52.0,276.0,14500.0,290.0,42.0,51.0,29.0,21.0,43.0,288.0,99.0,222.0,75.0,294.0,82.0,2920.0,178.0,156.0,55.0,257.0,183.0,19.0,50.0,4.0,6.0,34.0,7.0,4.0,0.0,42.0,43.0,12.0,109.0,193.0,141.0,135.0,507.0,1082.0,121.0,119.0,152.0,267.0,83.0,100.0,334.0,41.0,50.0,5931.0,359.0,92.0,1101.0,105.0,661.0,24.0,1341.0,254.0,13.0,25.0,49.0,3.0,611.0,1578.0,969.0,194.0,657.0,144.0,50.0,109.0,61.0,11201.0,882.0,500.0,529.0,2593.0,258.0,24.0,127.0,45.0,40.0,179.0,28.0,67.0,690.0,2320.0,38.0,534.0,163.0,388.0,90.0,1375.0,225.0,4.0,4.0,507.0,68.0,272.0,1201.0,629.0,110.0,207.0,196.0,2865.0,8.0,192.0,246.0,971.0,722.0,154.0,154.0,32.0,1.0,4.0,26.0,2.0,2.0,326.0,65.0,17.0,2.0,269.0,268.0,30.0,3.0,854.0,189.0,137.0,138.0,265.0,435.0,31.0,642.0,18.0,1695.0,1059.0,539.0,397.0,312.0,350.0,512.0,702.0,146.0,542.0,33.0,354.0,5.0,103.0,29.0,214.0,27.0,1.0,1.0,0.0,0.0,4.0,259.0,76.0,263.0,60.0,18.0,2.0,0.0,4.0,0.0,0.0,0.0,0.0,0.0,0.0,0.0,12.0,2.0,0.0,2.0,7.0,0.0,0.0,0.0,1.0,0.0,2.0,0.0,0.0,0.0,1.0,5.0,0.0,0.0,3.0,0.0,4.0,0.0,0.0,2.0,1.0,0.0,0.0,0.0,0.0,0.0,2.0,0.0,0.0,0.0,0.0,0.0,0.0,0.0,2.0,0.0,0.0,0.0,0.0,0.0,0.0,0.0,0.0,0.0,31.0,0.0,0.0,1.0,0.0,0.0,0.0,0.0,0.0,1.0,74.0,40.0,211.0,947.0,187.0,157.0,789.0,5.0,186.0,379.0,321.0,66.0,83.0,149.0,215.0,50.0,268.0,713.0,20.0,32.0,91.0,20.0,45.0,54.0,32.0,15.0,0.0,331.0,10.0,18.0,7.0,63.0,20.0,41.0,99.0,65.0,151.0,79.0,478.0,1210.0,40.0,75.0,4428.0,458.0,4209.0,978.0,142.0,649.0,129.0,103.0,126.0,2920.0
2013-06-01,35.0,4.0,20.0,35.0,3.0,35.0,20.0,7.0,0.0,2.0,6.0,44.0,26.0,17.0,1.0,3.0,0.0,126.0,23.0,716.0,3.0,6.0,7.0,0.0,1.0,37.0,16.0,14.0,37.0,52.0,5.0,15.0,0.0,3.0,0.0,2.0,17.0,4.0,3.0,1.0,3.0,0.0,3.0,8.0,24.0,7.0,10.0,31.0,28.0,17.0,7.0,13.0,2.0,0.0,42.0,1.0,25.0,78.0,18.0,22.0,12.0,248.0,3.0,42.0,3.0,180.0,2.0,3.0,1.0,2.0,3.0,17.0,19.0,7.0,9.0,9.0,5.0,1.0,1.0,0.0,21.0,17.0,11.0,10.0,0.0,11.0,83.0,228.0,83.0,8.0,15.0,6.0,0.0,1.0,156.0,4.0,12.0,21.0,51.0,15.0,63.0,40.0,14.0,1.0,58.0,286.0,23.0,113.0,23.0,22.0,17.0,48.0,94.0,97.0,68.0,2595.0,117.0,214.0,78.0,26.0,9.0,21.0,73.0,3.0,7.0,34.0,5.0,1.0,43.0,3.0,113.0,57.0,72.0,20.0,6.0,17.0,13.0,43.0,71.0,14.0,15.0,19.0,35.0,144.0,206.0,14.0,144.0,198.0,36.0,67.0,912.0,3.0,115.0,128.0,167.0,27.0,22.0,11.0,261.0,28.0,61.0,44.0,31.0,33.0,16.0,51.0,134.0,31.0,102.0,9.0,1.0,37.0,23.0,460.0,4.0,3.0,9.0,69.0,2.0,10.0,14.0,7.0,75.0,56.0,11.0,45.0,19.0,16.0,14.0,25.0,12.0,418.0,62.0,0.0,8.0,14.0,26.0,7.0,33.0,769.0,3.0,29.0,32.0,98.0,612.0,8.0,21.0,2.0,2.0,4.0,6.0,1.0,12.0,2.0,1.0,3.0,2.0,63.0,7.0,5.0,279.0,31.0,58.0,133.0,8.0,62.0,20.0,21.0,108.0,117.0,50.0,132.0,2.0,17.0,27.0,112.0,5.0,2.0,12.0,106.0,211.0,13.0,33.0,36.0,36.0,29.0,20.0,73.0,8.0,20.0,532.0,155.0,33.0,353.0,52.0,42.0,10.0,108.0,50.0,2.0,21.0,1.0,71.0,34.0,3.0,14.0,48.0,25.0,76.0,261.0,68.0,226.0,226.0,187.0,139.0,160.0,207.0,76.0,251.0,13.0,61.0,2306.0,92.0,13.0,5.0,3.0,4.0,19.0,145.0,9.0,107.0,23.0,53.0,38.0,915.0,31.0,15.0,15.0,93.0,63.0,4.0,18.0,0.0,3.0,11.0,0.0,1.0,1.0,11.0,15.0,2.0,33.0,39.0,21.0,32.0,138.0,114.0,16.0,65.0,166.0,67.0,74.0,99.0,145.0,9.0,7.0,2826.0,162.0,30.0,252.0,25.0,216.0,6.0,493.0,145.0,0.0,24.0,0.0,0.0,154.0,229.0,127.0,38.0,152.0,9.0,11.0,25.0,9.0,2984.0,242.0,152.0,221.0,481.0,68.0,7.0,22.0,8.0,27.0,20.0,4.0,15.0,117.0,338.0,14.0,136.0,35.0,122.0,19.0,264.0,17.0,0.0,0.0,128.0,35.0,86.0,143.0,104.0,26.0,29.0,46.0,677.0,1.0,34.0,100.0,296.0,291.0,30.0,17.0,5.0,0.0,1.0,2.0,0.0,2.0,40.0,13.0,5.0,0.0,83.0,23.0,8.0,0.0,352.0,27.0,29.0,36.0,31.0,62.0,11.0,176.0,4.0,277.0,209.0,171.0,87.0,40.0,51.0,124.0,162.0,19.0,66.0,10.0,75.0,0.0,23.0,16.0,55.0,2.0,0.0,0.0,1.0,0.0,0.0,43.0,16.0,60.0,7.0,5.0,1.0,0.0,0.0,0.0,0.0,0.0,0.0,0.0,0.0,0.0,4.0,0.0,0.0,0.0,1.0,0.0,0.0,0.0,0.0,0.0,4.0,0.0,2.0,0.0,4.0,0.0,0.0,0.0,0.0,0.0,2.0,0.0,0.0,0.0,1.0,0.0,0.0,0.0,0.0,0.0,0.0,0.0,0.0,0.0,0.0,0.0,0.0,1.0,0.0,0.0,0.0,0.0,0.0,0.0,0.0,0.0,0.0,0.0,5.0,0.0,1.0,0.0,0.0,0.0,0.0,0.0,0.0,0.0,41.0,9.0,91.0,351.0,54.0,35.0,46.0,4.0,57.0,61.0,92.0,19.0,62.0,38.0,55.0,18.0,104.0,321.0,12.0,17.0,31.0,2.0,11.0,24.0,27.0,5.0,1.0,153.0,4.0,11.0,3.0,25.0,5.0,8.0,31.0,23.0,33.0,58.0,162.0,474.0,9.0,45.0,2091.0,124.0,2119.0,261.0,43.0,210.0,38.0,30.0,32.0,1340.0
2013-07-01,17.0,3.0,20.0,17.0,2.0,24.0,21.0,2.0,2.0,0.0,5.0,37.0,21.0,24.0,0.0,2.0,0.0,58.0,22.0,451.0,1.0,0.0,3.0,0.0,0.0,17.0,26.0,23.0,24.0,26.0,4.0,6.0,1.0,0.0,5.0,2.0,19.0,0.0,4.0,1.0,4.0,1.0,0.0,2.0,14.0,2.0,6.0,3.0,20.0,6.0,1.0,1.0,2.0,0.0,36.0,1.0,10.0,24.0,9.0,7.0,3.0,86.0,1.0,17.0,1.0,116.0,1.0,2.0,0.0,0.0,0.0,9.0,4.0,6.0,7.0,3.0,1.0,0.0,1.0,1.0,8.0,9.0,4.0,3.0,0.0,13.0,95.0,175.0,33.0,0.0,52.0,16.0,6.0,0.0,25.0,10.0,2.0,15.0,33.0,11.0,71.0,25.0,9.0,0.0,84.0,212.0,27.0,144.0,36.0,25.0,59.0,37.0,95.0,165.0,72.0,2292.0,6.0,239.0,78.0,45.0,6.0,63.0,135.0,9.0,1.0,97.0,1.0,2.0,26.0,4.0,62.0,43.0,74.0,10.0,6.0,6.0,7.0,9.0,71.0,12.0,14.0,15.0,7.0,240.0,112.0,11.0,151.0,181.0,10.0,57.0,942.0,3.0,130.0,59.0,159.0,18.0,11.0,20.0,69.0,19.0,76.0,41.0,33.0,30.0,27.0,27.0,103.0,33.0,221.0,4.0,0.0,55.0,20.0,423.0,4.0,5.0,16.0,28.0,1.0,12.0,3.0,2.0,50.0,29.0,24.0,10.0,12.0,20.0,12.0,8.0,6.0,302.0,37.0,1.0,6.0,7.0,32.0,4.0,13.0,355.0,4.0,14.0,26.0,44.0,404.0,11.0,69.0,2.0,8.0,2.0,0.0,0.0,3.0,4.0,0.0,1.0,2.0,31.0,5.0,1.0,21.0,2.0,13.0,29.0,6.0,67.0,6.0,11.0,21.0,64.0,33.0,135.0,3.0,19.0,21.0,84.0,6.0,1.0,16.0,99.0,210.0,11.0,3.0,14.0,9.0,17.0,10.0,41.0,8.0,11.0,254.0,104.0,41.0,176.0,20.0,10.0,7.0,5.0,17.0,0.0,0.0,0.0,30.0,13.0,0.0,5.0,16.0,9.0,8.0,81.0,17.0,109.0,84.0,59.0,55.0,29.0,78.0,21.0,26.0,1.0,5.0,285.0,22.0,0.0,0.0,0.0,1.0,16.0,79.0,4.0,41.0,4.0,22.0,10.0,111.0,10.0,5.0,12.0,18.0,9.0,1.0,1.0,2.0,0.0,1.0,0.0,0.0,0.0,2.0,3.0,1.0,6.0,10.0,12.0,6.0,12.0,10.0,1.0,13.0,113.0,28.0,42.0,48.0,48.0,2.0,7.0,1551.0,107.0,8.0,38.0,9.0,76.0,1.0,164.0,25.0,0.0,0.0,0.0,0.0,14.0,44.0,25.0,16.0,33.0,2.0,1.0,14.0,1.0,1059.0,35.0,38.0,72.0,95.0,36.0,0.0,4.0,4.0,6.0,4.0,1.0,5.0,45.0,59.0,4.0,50.0,25.0,29.0,3.0,49.0,3.0,0.0,0.0,32.0,5.0,23.0,21.0,20.0,6.0,7.0,17.0,107.0,2.0,8.0,16.0,78.0,56.0,17.0,10.0,2.0,2.0,0.0,4.0,0.0,2.0,8.0,6.0,6.0,0.0,18.0,7.0,7.0,0.0,83.0,0.0,7.0,7.0,1.0,20.0,3.0,99.0,7.0,29.0,54.0,13.0,10.0,4.0,8.0,14.0,16.0,0.0,13.0,4.0,20.0,0.0,0.0,7.0,11.0,0.0,0.0,0.0,1.0,0.0,0.0,8.0,15.0,22.0,2.0,4.0,0.0,0.0,1.0,0.0,0.0,0.0,0.0,0.0,0.0,0.0,3.0,0.0,0.0,0.0,0.0,1.0,0.0,0.0,0.0,0.0,1.0,0.0,0.0,0.0,0.0,0.0,0.0,0.0,0.0,0.0,0.0,0.0,0.0,0.0,0.0,0.0,0.0,0.0,0.0,0.0,0.0,0.0,0.0,0.0,0.0,0.0,0.0,0.0,1.0,0.0,0.0,0.0,0.0,0.0,0.0,0.0,0.0,0.0,3.0,0.0,0.0,0.0,0.0,0.0,0.0,0.0,0.0,0.0,25.0,10.0,29.0,217.0,6.0,31.0,10.0,2.0,28.0,34.0,26.0,20.0,46.0,19.0,30.0,12.0,49.0,164.0,11.0,1.0,7.0,4.0,28.0,13.0,8.0,0.0,0.0,151.0,5.0,5.0,0.0,19.0,0.0,6.0,5.0,6.0,16.0,32.0,81.0,193.0,8.0,11.0,893.0,12.0,847.0,110.0,14.0,48.0,17.0,15.0,21.0,611.0
2013-08-01,14.0,1.0,7.0,13.0,0.0,20.0,10.0,3.0,2.0,0.0,2.0,13.0,0.0,10.0,0.0,4.0,0.0,18.0,18.0,272.0,0.0,0.0,1.0,0.0,0.0,32.0,21.0,5.0,21.0,32.0,0.0,3.0,0.0,0.0,0.0,8.0,30.0,1.0,0.0,1.0,4.0,2.0,2.0,3.0,10.0,5.0,5.0,4.0,12.0,3.0,4.0,3.0,2.0,0.0,56.0,0.0,7.0,24.0,9.0,3.0,1.0,72.0,4.0,4.0,5.0,129.0,0.0,5.0,2.0,2.0,1.0,7.0,5.0,3.0,1.0,2.0,1.0,0.0,1.0,0.0,2.0,4.0,2.0,7.0,0.0,23.0,60.0,109.0,12.0,1.0,3.0,5.0,2.0,0.0,3.0,5.0,0.0,2.0,0.0,4.0,41.0,21.0,10.0,0.0,97.0,118.0,33.0,58.0,37.0,7.0,28.0,117.0,86.0,81.0,44.0,1521.0,5.0,189.0,86.0,96.0,29.0,46.0,137.0,5.0,1.0,191.0,3.0,0.0,16.0,1.0,31.0,18.0,56.0,10.0,22.0,0.0,7.0,19.0,31.0,5.0,8.0,10.0,9.0,237.0,64.0,4.0,201.0,101.0,6.0,31.0,793.0,18.0,125.0,60.0,96.0,10.0,3.0,14.0,19.0,10.0,80.0,30.0,30.0,9.0,11.0,31.0,77.0,47.0,270.0,4.0,2.0,47.0,10.0,204.0,2.0,1.0,12.0,14.0,2.0,2.0,2.0,0.0,42.0,19.0,9.0,6.0,9.0,23.0,6.0,6.0,2.0,305.0,35.0,0.0,2.0,7.0,25.0,3.0,20.0,406.0,0.0,3.0,13.0,18.0,287.0,5.0,33.0,1.0,0.0,1.0,2.0,1.0,10.0,0.0,3.0,2.0,2.0,19.0,2.0,2.0,3.0,2.0,32.0,21.0,2.0,15.0,2.0,16.0,23.0,40.0,18.0,89.0,2.0,13.0,4.0,36.0,6.0,1.0,8.0,40.0,174.0,3.0,2.0,17.0,4.0,7.0,8.0,52.0,0.0,8.0,116.0,58.0,17.0,31.0,13.0,12.0,1.0,4.0,9.0,0.0,0.0,0.0,4.0,8.0,1.0,2.0,5.0,5.0,2.0,70.0,4.0,43.0,34.0,36.0,25.0,9.0,21.0,21.0,9.0,0.0,0.0,119.0,3.0,2.0,1.0,0.0,2.0,2.0,37.0,1.0,13.0,3.0,12.0,4.0,37.0,4.0,2.0,3.0,13.0,3.0,0.0,1.0,0.0,2.0,0.0,1.0,1.0,0.0,0.0,0.0,1.0,7.0,4.0,1.0,3.0,1.0,7.0,0.0,3.0,24.0,16.0,20.0,28.0,26.0,0.0,5.0,994.0,20.0,6.0,17.0,1.0,55.0,3.0,52.0,10.0,0.0,0.0,2.0,1.0,2.0,23.0,13.0,5.0,12.0,1.0,2.0,12.0,1.0,501.0,19.0,17.0,28.0,38.0,6.0,0.0,0.0,2.0,3.0,1.0,2.0,1.0,16.0,35.0,3.0,18.0,2.0,13.0,1.0,7.0,0.0,0.0,0.0,21.0,4.0,5.0,5.0,5.0,2.0,4.0,10.0,58.0,2.0,6.0,19.0,28.0,16.0,3.0,5.0,0.0,0.0,0.0,0.0,0.0,0.0,10.0,6.0,5.0,0.0,21.0,4.0,0.0,0.0,30.0,2.0,1.0,3.0,1.0,11.0,1.0,49.0,1.0,11.0,17.0,5.0,2.0,0.0,0.0,6.0,9.0,0.0,3.0,3.0,20.0,0.0,0.0,2.0,0.0,0.0,0.0,0.0,0.0,0.0,1.0,1.0,1.0,10.0,1.0,2.0,0.0,0.0,0.0,0.0,0.0,0.0,0.0,0.0,0.0,1.0,1.0,0.0,0.0,0.0,0.0,0.0,0.0,0.0,0.0,0.0,0.0,0.0,1.0,0.0,0.0,1.0,0.0,0.0,0.0,0.0,0.0,0.0,0.0,0.0,0.0,0.0,0.0,0.0,0.0,0.0,0.0,1.0,1.0,0.0,0.0,0.0,0.0,0.0,0.0,0.0,0.0,0.0,0.0,0.0,0.0,0.0,0.0,1.0,2.0,0.0,0.0,1.0,0.0,0.0,0.0,0.0,0.0,2.0,14.0,5.0,13.0,114.0,3.0,9.0,6.0,0.0,7.0,7.0,2.0,5.0,51.0,9.0,9.0,2.0,33.0,95.0,3.0,1.0,6.0,3.0,5.0,1.0,7.0,0.0,0.0,116.0,1.0,2.0,3.0,27.0,2.0,5.0,2.0,3.0,38.0,13.0,27.0,132.0,1.0,10.0,789.0,6.0,399.0,41.0,6.0,20.0,10.0,4.0,5.0,205.0
2013-09-01,9.0,1.0,5.0,23.0,0.0,18.0,14.0,2.0,1.0,0.0,5.0,13.0,3.0,6.0,0.0,3.0,0.0,4.0,8.0,203.0,1.0,0.0,2.0,2.0,0.0,45.0,44.0,5.0,18.0,43.0,7.0,1.0,0.0,1.0,0.0,3.0,18.0,3.0,4.0,10.0,4.0,1.0,5.0,2.0,11.0,6.0,8.0,2.0,9.0,2.0,1.0,0.0,0.0,0.0,33.0,0.0,8.0,27.0,7.0,3.0,3.0,52.0,3.0,6.0,16.0,100.0,1.0,1.0,4.0,1.0,0.0,2.0,2.0,1.0,1.0,1.0,0.0,1.0,3.0,0.0,4.0,3.0,6.0,0.0,0.0,8.0,19.0,115.0,4.0,1.0,3.0,3.0,1.0,1.0,3.0,6.0,0.0,2.0,1.0,8.0,11.0,9.0,2.0,0.0,50.0,32.0,9.0,4.0,11.0,6.0,20.0,30.0,19.0,16.0,17.0,538.0,2.0,71.0,39.0,39.0,26.0,24.0,82.0,0.0,1.0,69.0,1.0,3.0,10.0,1.0,21.0,28.0,58.0,4.0,16.0,0.0,4.0,19.0,13.0,7.0,3.0,2.0,2.0,97.0,88.0,5.0,108.0,35.0,6.0,18.0,432.0,12.0,41.0,41.0,29.0,3.0,2.0,3.0,9.0,6.0,42.0,24.0,16.0,6.0,1.0,3.0,23.0,36.0,239.0,2.0,1.0,15.0,8.0,109.0,9.0,0.0,23.0,3.0,0.0,9.0,0.0,0.0,22.0,18.0,7.0,3.0,7.0,18.0,1.0,8.0,3.0,188.0,18.0,0.0,2.0,5.0,33.0,1.0,19.0,484.0,0.0,7.0,7.0,7.0,221.0,4.0,21.0,8.0,0.0,1.0,1.0,2.0,4.0,4.0,0.0,1.0,1.0,14.0,4.0,2.0,1.0,0.0,122.0,25.0,8.0,1.0,0.0,13.0,7.0,13.0,26.0,105.0,0.0,9.0,2.0,53.0,3.0,2.0,3.0,15.0,144.0,5.0,2.0,27.0,0.0,1.0,8.0,37.0,3.0,4.0,67.0,38.0,28.0,27.0,7.0,4.0,1.0,0.0,5.0,0.0,1.0,0.0,0.0,3.0,2.0,0.0,7.0,4.0,2.0,50.0,5.0,35.0,13.0,59.0,22.0,5.0,48.0,24.0,8.0,0.0,1.0,112.0,5.0,2.0,1.0,1.0,2.0,7.0,22.0,1.0,37.0,2.0,3.0,0.0,15.0,2.0,8.0,3.0,6.0,0.0,0.0,1.0,1.0,0.0,0.0,0.0,0.0,0.0,0.0,4.0,0.0,7.0,2.0,0.0,3.0,2.0,5.0,0.0,5.0,17.0,6.0,8.0,19.0,15.0,3.0,0.0,724.0,18.0,5.0,9.0,10.0,62.0,1.0,49.0,7.0,0.0,2.0,0.0,0.0,3.0,7.0,6.0,1.0,7.0,0.0,0.0,1.0,1.0,373.0,4.0,9.0,24.0,22.0,2.0,0.0,2.0,2.0,0.0,3.0,2.0,3.0,11.0,30.0,0.0,3.0,4.0,4.0,0.0,10.0,2.0,0.0,0.0,7.0,0.0,9.0,10.0,10.0,0.0,0.0,11.0,69.0,0.0,5.0,5.0,22.0,10.0,3.0,6.0,0.0,0.0,0.0,0.0,0.0,1.0,27.0,3.0,5.0,0.0,24.0,3.0,0.0,0.0,7.0,2.0,2.0,2.0,0.0,5.0,1.0,33.0,2.0,19.0,12.0,2.0,0.0,0.0,1.0,3.0,5.0,0.0,3.0,2.0,29.0,0.0,0.0,2.0,0.0,0.0,0.0,0.0,0.0,0.0,0.0,2.0,5.0,15.0,0.0,3.0,0.0,0.0,2.0,0.0,0.0,0.0,0.0,0.0,0.0,0.0,0.0,0.0,0.0,1.0,0.0,0.0,0.0,0.0,0.0,0.0,0.0,0.0,0.0,0.0,0.0,2.0,0.0,0.0,0.0,0.0,0.0,0.0,0.0,0.0,0.0,0.0,0.0,0.0,0.0,0.0,0.0,0.0,0.0,0.0,0.0,0.0,0.0,0.0,0.0,0.0,0.0,0.0,0.0,0.0,0.0,0.0,0.0,0.0,0.0,0.0,0.0,0.0,0.0,0.0,0.0,0.0,0.0,0.0,16.0,1.0,10.0,90.0,0.0,2.0,1.0,0.0,5.0,6.0,7.0,14.0,44.0,13.0,6.0,3.0,17.0,54.0,2.0,1.0,2.0,4.0,16.0,4.0,7.0,3.0,1.0,141.0,3.0,2.0,0.0,22.0,2.0,6.0,2.0,6.0,36.0,4.0,16.0,88.0,8.0,0.0,814.0,5.0,164.0,22.0,3.0,9.0,2.0,2.0,1.0,146.0
2013-10-01,6.0,3.0,19.0,25.0,2.0,49.0,19.0,2.0,1.0,1.0,10.0,12.0,0.0,20.0,0.0,3.0,0.0,11.0,8.0,197.0,1.0,1.0,0.0,0.0,4.0,45.0,31.0,5.0,10.0,38.0,6.0,8.0,0.0,0.0,3.0,0.0,16.0,0.0,1.0,7.0,0.0,1.0,3.0,3.0,42.0,5.0,4.0,1.0,20.0,2.0,5.0,1.0,7.0,0.0,26.0,0.0,7.0,19.0,25.0,8.0,1.0,49.0,5.0,4.0,2.0,55.0,1.0,0.0,1.0,0.0,0.0,2.0,6.0,5.0,2.0,2.0,0.0,0.0,0.0,0.0,2.0,0.0,3.0,2.0,1.0,6.0,4.0,75.0,4.0,0.0,0.0,0.0,1.0,1.0,0.0,3.0,0.0,1.0,0.0,1.0,5.0,4.0,0.0,0.0,12.0,2.0,3.0,0.0,3.0,0.0,10.0,15.0,4.0,5.0,7.0,283.0,0.0,63.0,26.0,25.0,27.0,12.0,47.0,0.0,1.0,20.0,0.0,9.0,21.0,0.0,3.0,19.0,25.0,5.0,1.0,0.0,1.0,7.0,85.0,4.0,1.0,3.0,0.0,63.0,107.0,12.0,46.0,16.0,4.0,9.0,235.0,3.0,16.0,7.0,8.0,2.0,3.0,2.0,5.0,2.0,41.0,23.0,19.0,9.0,1.0,6.0,17.0,29.0,140.0,8.0,1.0,10.0,0.0,98.0,2.0,1.0,30.0,4.0,1.0,2.0,5.0,0.0,27.0,10.0,3.0,3.0,7.0,27.0,1.0,8.0,6.0,159.0,25.0,0.0,1.0,1.0,62.0,3.0,12.0,416.0,1.0,6.0,5.0,3.0,123.0,5.0,30.0,11.0,0.0,0.0,0.0,0.0,2.0,6.0,3.0,1.0,1.0,40.0,1.0,1.0,18.0,1.0,14.0,19.0,2.0,2.0,0.0,12.0,8.0,13.0,10.0,88.0,0.0,19.0,9.0,28.0,2.0,0.0,0.0,12.0,127.0,0.0,4.0,32.0,3.0,2.0,9.0,22.0,2.0,3.0,61.0,10.0,26.0,41.0,10.0,5.0,0.0,2.0,11.0,0.0,3.0,0.0,2.0,5.0,2.0,2.0,7.0,5.0,5.0,63.0,1.0,35.0,27.0,96.0,23.0,18.0,38.0,11.0,16.0,0.0,0.0,139.0,3.0,1.0,0.0,0.0,2.0,7.0,47.0,0.0,41.0,2.0,7.0,0.0,8.0,2.0,15.0,4.0,2.0,1.0,1.0,0.0,0.0,0.0,1.0,1.0,0.0,0.0,0.0,5.0,1.0,1.0,2.0,0.0,5.0,4.0,2.0,1.0,1.0,2.0,2.0,17.0,29.0,6.0,4.0,0.0,503.0,36.0,5.0,29.0,1.0,85.0,3.0,19.0,21.0,2.0,1.0,0.0,0.0,2.0,20.0,13.0,6.0,11.0,1.0,0.0,4.0,4.0,395.0,10.0,15.0,37.0,26.0,6.0,0.0,3.0,1.0,2.0,5.0,5.0,0.0,5.0,21.0,1.0,5.0,7.0,6.0,2.0,3.0,3.0,0.0,0.0,6.0,3.0,4.0,14.0,8.0,0.0,3.0,25.0,67.0,0.0,3.0,0.0,23.0,5.0,0.0,4.0,1.0,0.0,1.0,0.0,0.0,0.0,20.0,2.0,5.0,0.0,9.0,10.0,1.0,0.0,17.0,7.0,1.0,2.0,3.0,3.0,4.0,42.0,1.0,14.0,14.0,5.0,3.0,0.0,1.0,7.0,11.0,0.0,6.0,1.0,43.0,0.0,0.0,3.0,0.0,0.0,0.0,0.0,1.0,0.0,0.0,1.0,13.0,23.0,0.0,7.0,0.0,0.0,0.0,0.0,0.0,0.0,0.0,0.0,0.0,0.0,0.0,0.0,1.0,1.0,0.0,0.0,0.0,1.0,0.0,0.0,0.0,0.0,0.0,0.0,0.0,0.0,0.0,0.0,0.0,0.0,0.0,0.0,0.0,1.0,0.0,0.0,0.0,0.0,0.0,1.0,0.0,0.0,1.0,0.0,0.0,0.0,0.0,0.0,0.0,0.0,0.0,0.0,0.0,0.0,0.0,0.0,0.0,0.0,0.0,0.0,0.0,0.0,0.0,0.0,0.0,0.0,0.0,0.0,5.0,6.0,8.0,106.0,1.0,1.0,3.0,0.0,12.0,6.0,1.0,17.0,38.0,14.0,9.0,1.0,26.0,72.0,2.0,4.0,2.0,1.0,17.0,3.0,5.0,2.0,0.0,199.0,1.0,2.0,6.0,30.0,0.0,0.0,1.0,17.0,13.0,5.0,27.0,91.0,10.0,1.0,1180.0,6.0,166.0,30.0,4.0,5.0,17.0,3.0,13.0,106.0
2013-11-01,28.0,63.0,35.0,88.0,7.0,109.0,20.0,5.0,1.0,0.0,25.0,58.0,4.0,6.0,0.0,38.0,0.0,11.0,25.0,194.0,0.0,1.0,2.0,1.0,2.0,28.0,25.0,7.0,19.0,13.0,24.0,7.0,0.0,0.0,3.0,3.0,15.0,2.0,0.0,6.0,1.0,6.0,4.0,7.0,74.0,3.0,9.0,14.0,110.0,5.0,1.0,1.0,13.0,0.0,16.0,0.0,13.0,53.0,46.0,43.0,4.0,82.0,10.0,27.0,1.0,33.0,0.0,2.0,0.0,0.0,3.0,3.0,8.0,3.0,6.0,3.0,0.0,1.0,0.0,0.0,7.0,5.0,1.0,1.0,0.0,27.0,1.0,66.0,3.0,2.0,0.0,1.0,2.0,0.0,2.0,0.0,0.0,4.0,0.0,1.0,1.0,2.0,0.0,0.0,3.0,2.0,0.0,1.0,1.0,4.0,1.0,11.0,12.0,0.0,4.0,204.0,0.0,8.0,7.0,54.0,170.0,9.0,16.0,2.0,24.0,6.0,0.0,0.0,63.0,2.0,27.0,32.0,20.0,11.0,1.0,2.0,1.0,19.0,382.0,0.0,0.0,2.0,1.0,3.0,67.0,14.0,15.0,22.0,5.0,5.0,141.0,10.0,17.0,12.0,4.0,1.0,0.0,8.0,9.0,3.0,14.0,16.0,5.0,3.0,2.0,2.0,8.0,26.0,55.0,3.0,0.0,3.0,2.0,62.0,16.0,0.0,2.0,16.0,1.0,5.0,5.0,0.0,21.0,6.0,4.0,3.0,8.0,12.0,4.0,5.0,1.0,151.0,14.0,0.0,0.0,3.0,54.0,4.0,20.0,454.0,1.0,6.0,5.0,2.0,162.0,2.0,28.0,19.0,1.0,1.0,1.0,0.0,4.0,3.0,0.0,0.0,4.0,40.0,1.0,2.0,8.0,1.0,4.0,18.0,2.0,1.0,2.0,8.0,17.0,5.0,7.0,59.0,0.0,63.0,5.0,49.0,3.0,0.0,2.0,3.0,177.0,0.0,5.0,37.0,0.0,6.0,6.0,22.0,3.0,10.0,98.0,19.0,33.0,18.0,13.0,2.0,1.0,12.0,22.0,0.0,6.0,2.0,2.0,22.0,1.0,2.0,8.0,4.0,10.0,102.0,1.0,3.0,42.0,92.0,29.0,50.0,58.0,16.0,25.0,0.0,0.0,195.0,8.0,2.0,1.0,1.0,0.0,2.0,75.0,1.0,63.0,1.0,14.0,1.0,7.0,7.0,36.0,4.0,4.0,4.0,2.0,3.0,0.0,1.0,0.0,2.0,0.0,0.0,2.0,0.0,0.0,1.0,11.0,0.0,6.0,9.0,5.0,0.0,1.0,5.0,5.0,7.0,39.0,12.0,1.0,2.0,459.0,20.0,3.0,48.0,7.0,74.0,12.0,66.0,3.0,1.0,6.0,2.0,0.0,10.0,31.0,10.0,7.0,33.0,0.0,0.0,10.0,3.0,463.0,11.0,6.0,22.0,50.0,5.0,0.0,1.0,1.0,9.0,6.0,11.0,8.0,7.0,24.0,0.0,29.0,18.0,22.0,9.0,6.0,4.0,0.0,0.0,2.0,1.0,5.0,16.0,11.0,1.0,3.0,7.0,84.0,0.0,0.0,0.0,19.0,2.0,4.0,12.0,1.0,0.0,0.0,3.0,0.0,1.0,71.0,1.0,5.0,0.0,18.0,13.0,0.0,1.0,7.0,7.0,2.0,11.0,13.0,5.0,0.0,50.0,4.0,37.0,38.0,5.0,2.0,1.0,4.0,43.0,51.0,1.0,17.0,11.0,52.0,0.0,0.0,7.0,0.0,0.0,0.0,0.0,1.0,0.0,0.0,9.0,9.0,34.0,4.0,13.0,0.0,0.0,1.0,0.0,0.0,0.0,0.0,0.0,0.0,0.0,4.0,2.0,0.0,1.0,1.0,0.0,0.0,0.0,0.0,0.0,0.0,0.0,0.0,0.0,0.0,1.0,0.0,0.0,0.0,0.0,0.0,0.0,0.0,0.0,0.0,0.0,0.0,0.0,0.0,0.0,0.0,0.0,0.0,0.0,0.0,0.0,0.0,0.0,1.0,0.0,0.0,0.0,0.0,0.0,0.0,0.0,1.0,0.0,0.0,0.0,0.0,0.0,0.0,0.0,0.0,0.0,0.0,0.0,16.0,3.0,37.0,195.0,4.0,5.0,2.0,0.0,3.0,16.0,4.0,66.0,94.0,35.0,20.0,6.0,44.0,160.0,5.0,14.0,29.0,10.0,51.0,8.0,24.0,3.0,6.0,146.0,12.0,6.0,15.0,15.0,5.0,2.0,16.0,32.0,28.0,19.0,44.0,132.0,59.0,5.0,1482.0,5.0,285.0,68.0,12.0,36.0,22.0,9.0,2.0,143.0
2013-12-01,26.0,67.0,39.0,100.0,6.0,54.0,22.0,13.0,2.0,0.0,0.0,78.0,27.0,4.0,0.0,78.0,2.0,13.0,47.0,273.0,0.0,5.0,0.0,1.0,0.0,23.0,16.0,2.0,9.0,15.0,35.0,10.0,0.0,2.0,0.0,1.0,12.0,0.0,1.0,1.0,2.0,7.0,1.0,25.0,44.0,9.0,4.0,5.0,59.0,2.0,6.0,5.0,5.0,0.0,7.0,2.0,12.0,38.0,52.0,102.0,19.0,79.0,3.0,9.0,0.0,32.0,0.0,0.0,1.0,0.0,0.0,5.0,2.0,2.0,3.0,1.0,2.0,0.0,3.0,0.0,0.0,4.0,4.0,0.0,0.0,11.0,0.0,45.0,1.0,0.0,0.0,0.0,2.0,0.0,2.0,2.0,0.0,0.0,1.0,0.0,3.0,0.0,0.0,0.0,1.0,3.0,0.0,0.0,2.0,0.0,0.0,2.0,0.0,1.0,0.0,130.0,1.0,4.0,6.0,108.0,30.0,6.0,21.0,3.0,21.0,6.0,0.0,7.0,43.0,0.0,3.0,45.0,11.0,9.0,1.0,0.0,2.0,14.0,147.0,4.0,0.0,2.0,0.0,5.0,41.0,2.0,5.0,4.0,0.0,2.0,106.0,3.0,14.0,10.0,0.0,1.0,0.0,2.0,1.0,1.0,24.0,15.0,4.0,1.0,3.0,0.0,8.0,11.0,38.0,1.0,0.0,3.0,1.0,77.0,5.0,1.0,4.0,10.0,0.0,4.0,0.0,0.0,31.0,1.0,2.0,1.0,4.0,9.0,2.0,1.0,1.0,98.0,8.0,0.0,1.0,2.0,43.0,0.0,32.0,250.0,3.0,4.0,8.0,8.0,133.0,0.0,37.0,10.0,0.0,0.0,3.0,1.0,3.0,1.0,0.0,0.0,0.0,30.0,1.0,1.0,8.0,1.0,0.0,5.0,2.0,0.0,1.0,5.0,31.0,8.0,2.0,55.0,1.0,2.0,3.0,58.0,3.0,0.0,4.0,6.0,122.0,4.0,8.0,63.0,0.0,12.0,13.0,31.0,3.0,2.0,115.0,29.0,12.0,37.0,50.0,21.0,8.0,49.0,162.0,0.0,17.0,1.0,2.0,177.0,2.0,4.0,31.0,21.0,53.0,104.0,4.0,7.0,52.0,176.0,10.0,63.0,92.0,19.0,42.0,1.0,1.0,257.0,21.0,4.0,2.0,3.0,4.0,2.0,122.0,2.0,400.0,9.0,84.0,1.0,22.0,1.0,67.0,4.0,7.0,1.0,6.0,3.0,0.0,1.0,0.0,2.0,0.0,0.0,0.0,0.0,0.0,4.0,10.0,2.0,12.0,13.0,5.0,15.0,2.0,2.0,3.0,13.0,104.0,60.0,2.0,1.0,580.0,24.0,29.0,45.0,4.0,69.0,59.0,72.0,3.0,8.0,1.0,2.0,0.0,32.0,50.0,27.0,9.0,41.0,5.0,1.0,40.0,8.0,681.0,4.0,13.0,17.0,23.0,1.0,1.0,1.0,1.0,43.0,15.0,29.0,9.0,9.0,49.0,1.0,15.0,9.0,3.0,3.0,11.0,32.0,0.0,0.0,13.0,1.0,2.0,18.0,2.0,2.0,1.0,0.0,96.0,2.0,3.0,3.0,23.0,0.0,3.0,9.0,4.0,0.0,0.0,0.0,0.0,0.0,49.0,3.0,5.0,0.0,33.0,18.0,4.0,1.0,22.0,23.0,6.0,5.0,12.0,12.0,1.0,78.0,1.0,46.0,136.0,9.0,4.0,4.0,83.0,72.0,92.0,0.0,37.0,5.0,38.0,0.0,0.0,7.0,0.0,0.0,0.0,1.0,0.0,0.0,0.0,6.0,14.0,26.0,6.0,2.0,1.0,1.0,1.0,0.0,0.0,0.0,0.0,0.0,0.0,0.0,1.0,0.0,0.0,0.0,1.0,0.0,0.0,0.0,0.0,0.0,0.0,0.0,0.0,0.0,2.0,0.0,0.0,0.0,1.0,0.0,0.0,0.0,0.0,0.0,0.0,0.0,0.0,0.0,0.0,0.0,0.0,0.0,0.0,2.0,0.0,0.0,0.0,0.0,0.0,0.0,0.0,0.0,0.0,0.0,0.0,0.0,0.0,0.0,1.0,0.0,0.0,0.0,0.0,0.0,0.0,1.0,0.0,0.0,17.0,27.0,33.0,549.0,2.0,1.0,40.0,9.0,8.0,24.0,31.0,80.0,64.0,38.0,29.0,12.0,48.0,163.0,7.0,24.0,13.0,19.0,39.0,16.0,17.0,2.0,16.0,156.0,26.0,45.0,20.0,26.0,1.0,9.0,23.0,10.0,48.0,13.0,80.0,190.0,96.0,2.0,1937.0,3.0,386.0,53.0,22.0,116.0,14.0,8.0,3.0,157.0
2014-01-01,30.0,47.0,26.0,55.0,7.0,20.0,9.0,12.0,93.0,0.0,13.0,109.0,9.0,105.0,1.0,539.0,1.0,57.0,77.0,240.0,0.0,58.0,5.0,4.0,9.0,63.0,17.0,2.0,35.0,30.0,67.0,6.0,1.0,0.0,0.0,2.0,34.0,3.0,3.0,8.0,5.0,12.0,14.0,8.0,191.0,11.0,7.0,18.0,156.0,14.0,12.0,6.0,10.0,1.0,16.0,2.0,25.0,43.0,95.0,211.0,34.0,162.0,23.0,13.0,5.0,40.0,3.0,0.0,10.0,2.0,7.0,13.0,17.0,4.0,10.0,1.0,2.0,1.0,0.0,0.0,6.0,1.0,10.0,1.0,0.0,73.0,2.0,122.0,4.0,4.0,1.0,6.0,5.0,1.0,3.0,22.0,3.0,12.0,0.0,6.0,4.0,3.0,3.0,0.0,3.0,30.0,4.0,1.0,6.0,5.0,16.0,5.0,2.0,4.0,1.0,237.0,3.0,42.0,16.0,382.0,8.0,8.0,197.0,7.0,94.0,15.0,0.0,14.0,161.0,0.0,5.0,18.0,37.0,8.0,2.0,1.0,0.0,114.0,216.0,2.0,1.0,4.0,5.0,6.0,57.0,7.0,8.0,3.0,0.0,8.0,107.0,24.0,12.0,4.0,4.0,7.0,2.0,5.0,3.0,1.0,47.0,56.0,9.0,12.0,0.0,3.0,1.0,9.0,38.0,4.0,0.0,2.0,4.0,147.0,6.0,3.0,20.0,12.0,2.0,13.0,3.0,2.0,27.0,9.0,23.0,22.0,15.0,13.0,4.0,7.0,8.0,159.0,42.0,0.0,5.0,4.0,66.0,12.0,32.0,238.0,0.0,4.0,4.0,2.0,208.0,4.0,39.0,2.0,0.0,2.0,1.0,0.0,4.0,2.0,0.0,0.0,0.0,26.0,4.0,1.0,5.0,0.0,14.0,10.0,0.0,7.0,3.0,7.0,17.0,11.0,11.0,182.0,1.0,36.0,3.0,70.0,1.0,0.0,0.0,13.0,195.0,13.0,3.0,30.0,1.0,6.0,5.0,31.0,2.0,4.0,138.0,43.0,270.0,902.0,52.0,19.0,2.0,45.0,47.0,0.0,7.0,1.0,58.0,31.0,2.0,10.0,97.0,27.0,39.0,252.0,6.0,57.0,233.0,28.0,19.0,403.0,247.0,17.0,54.0,2.0,3.0,466.0,26.0,6.0,2.0,0.0,3.0,21.0,95.0,0.0,129.0,5.0,18.0,5.0,175.0,11.0,560.0,3.0,237.0,2.0,6.0,10.0,3.0,2.0,2.0,2.0,1.0,0.0,9.0,1.0,3.0,9.0,21.0,1.0,19.0,10.0,19.0,15.0,10.0,14.0,21.0,19.0,611.0,129.0,3.0,11.0,1706.0,47.0,86.0,106.0,3.0,126.0,21.0,21.0,20.0,0.0,2.0,1.0,0.0,10.0,169.0,62.0,3.0,24.0,31.0,6.0,43.0,5.0,992.0,12.0,11.0,71.0,39.0,10.0,3.0,7.0,0.0,3.0,12.0,10.0,15.0,32.0,112.0,1.0,20.0,70.0,47.0,5.0,8.0,204.0,0.0,0.0,181.0,3.0,19.0,24.0,9.0,58.0,81.0,37.0,917.0,5.0,7.0,6.0,50.0,16.0,12.0,74.0,1.0,0.0,0.0,1.0,2.0,1.0,49.0,18.0,15.0,0.0,216.0,21.0,4.0,0.0,48.0,9.0,14.0,51.0,260.0,21.0,14.0,281.0,9.0,111.0,842.0,11.0,23.0,0.0,4.0,33.0,47.0,2.0,350.0,5.0,65.0,0.0,1.0,13.0,0.0,1.0,0.0,0.0,1.0,0.0,1.0,23.0,23.0,87.0,0.0,7.0,0.0,1.0,0.0,0.0,0.0,0.0,0.0,0.0,0.0,0.0,9.0,0.0,0.0,1.0,0.0,0.0,0.0,0.0,0.0,0.0,1.0,0.0,1.0,0.0,3.0,4.0,0.0,0.0,1.0,0.0,0.0,0.0,0.0,0.0,0.0,0.0,2.0,0.0,0.0,5.0,0.0,0.0,0.0,0.0,1.0,0.0,0.0,0.0,0.0,0.0,0.0,0.0,0.0,1.0,0.0,0.0,0.0,0.0,7.0,1.0,0.0,0.0,1.0,0.0,0.0,0.0,0.0,0.0,51.0,29.0,29.0,217.0,5.0,3.0,6.0,5.0,72.0,47.0,25.0,51.0,80.0,24.0,25.0,4.0,28.0,336.0,2.0,52.0,7.0,9.0,108.0,13.0,33.0,7.0,7.0,195.0,26.0,13.0,5.0,35.0,3.0,18.0,129.0,65.0,173.0,161.0,284.0,679.0,685.0,49.0,4306.0,12.0,1752.0,244.0,163.0,86.0,634.0,66.0,12.0,786.0
2014-02-01,17.0,45.0,62.0,48.0,18.0,29.0,25.0,8.0,33.0,4.0,1.0,106.0,10.0,22.0,2.0,239.0,0.0,126.0,82.0,325.0,0.0,137.0,4.0,2.0,3.0,29.0,26.0,1.0,5.0,18.0,41.0,1.0,0.0,0.0,1.0,1.0,25.0,3.0,7.0,7.0,0.0,16.0,12.0,16.0,285.0,20.0,8.0,23.0,101.0,37.0,16.0,11.0,9.0,0.0,15.0,4.0,36.0,53.0,46.0,106.0,29.0,206.0,8.0,16.0,15.0,66.0,6.0,1.0,4.0,2.0,15.0,23.0,45.0,22.0,14.0,12.0,7.0,2.0,2.0,1.0,10.0,3.0,13.0,1.0,1.0,72.0,4.0,171.0,6.0,5.0,5.0,4.0,2.0,9.0,6.0,13.0,0.0,17.0,1.0,2.0,4.0,3.0,0.0,0.0,8.0,120.0,4.0,5.0,9.0,21.0,17.0,6.0,4.0,4.0,0.0,297.0,5.0,43.0,28.0,261.0,16.0,5.0,113.0,5.0,143.0,77.0,7.0,19.0,185.0,0.0,3.0,20.0,46.0,7.0,2.0,2.0,2.0,179.0,352.0,1.0,3.0,2.0,6.0,13.0,217.0,6.0,11.0,5.0,1.0,5.0,139.0,11.0,5.0,23.0,6.0,7.0,4.0,3.0,10.0,2.0,22.0,85.0,4.0,15.0,0.0,4.0,2.0,12.0,35.0,3.0,2.0,2.0,2.0,174.0,18.0,0.0,83.0,33.0,0.0,28.0,2.0,1.0,22.0,15.0,38.0,10.0,37.0,15.0,2.0,3.0,5.0,175.0,30.0,1.0,1.0,2.0,76.0,21.0,33.0,280.0,0.0,5.0,5.0,17.0,203.0,5.0,21.0,0.0,0.0,0.0,3.0,0.0,0.0,0.0,3.0,0.0,0.0,35.0,6.0,1.0,10.0,1.0,13.0,38.0,1.0,5.0,8.0,7.0,6.0,13.0,9.0,157.0,1.0,53.0,8.0,68.0,3.0,0.0,3.0,20.0,277.0,5.0,14.0,35.0,1.0,4.0,23.0,22.0,0.0,9.0,169.0,50.0,574.0,1638.0,50.0,12.0,0.0,84.0,20.0,0.0,8.0,2.0,38.0,11.0,4.0,13.0,37.0,21.0,70.0,528.0,9.0,67.0,239.0,41.0,40.0,609.0,181.0,31.0,102.0,1.0,12.0,669.0,36.0,1.0,1.0,0.0,5.0,37.0,90.0,1.0,93.0,6.0,9.0,6.0,526.0,35.0,1380.0,5.0,1054.0,6.0,7.0,10.0,3.0,4.0,1.0,3.0,0.0,2.0,50.0,32.0,5.0,14.0,8.0,1.0,16.0,15.0,20.0,1.0,4.0,22.0,35.0,40.0,381.0,84.0,7.0,4.0,1232.0,24.0,30.0,182.0,7.0,82.0,10.0,18.0,6.0,1.0,1.0,1.0,0.0,15.0,74.0,19.0,5.0,10.0,15.0,4.0,27.0,6.0,620.0,21.0,15.0,298.0,62.0,15.0,1.0,10.0,1.0,5.0,25.0,3.0,48.0,64.0,234.0,1.0,91.0,237.0,189.0,9.0,19.0,755.0,1.0,0.0,545.0,21.0,19.0,19.0,48.0,6.0,296.0,27.0,4629.0,5.0,6.0,13.0,56.0,18.0,18.0,200.0,4.0,3.0,1.0,2.0,0.0,2.0,28.0,62.0,26.0,0.0,769.0,18.0,2.0,2.0,119.0,15.0,22.0,259.0,1028.0,80.0,43.0,933.0,13.0,237.0,880.0,25.0,159.0,4.0,5.0,100.0,48.0,5.0,1317.0,6.0,176.0,2.0,0.0,14.0,3.0,5.0,0.0,0.0,1.0,0.0,0.0,118.0,21.0,59.0,1.0,6.0,0.0,0.0,1.0,0.0,0.0,0.0,0.0,0.0,0.0,0.0,7.0,0.0,0.0,1.0,0.0,0.0,0.0,0.0,0.0,0.0,0.0,0.0,1.0,0.0,0.0,3.0,0.0,0.0,1.0,0.0,0.0,0.0,0.0,0.0,0.0,0.0,1.0,2.0,3.0,21.0,2.0,0.0,1.0,0.0,0.0,0.0,0.0,0.0,0.0,0.0,0.0,0.0,0.0,0.0,0.0,1.0,0.0,0.0,1.0,0.0,0.0,0.0,0.0,1.0,0.0,0.0,0.0,0.0,72.0,33.0,16.0,260.0,1.0,1.0,12.0,0.0,128.0,21.0,51.0,48.0,118.0,40.0,46.0,4.0,50.0,399.0,1.0,78.0,11.0,10.0,28.0,13.0,35.0,5.0,11.0,222.0,22.0,8.0,11.0,30.0,1.0,14.0,67.0,61.0,336.0,185.0,366.0,795.0,722.0,81.0,4709.0,26.0,2709.0,333.0,318.0,234.0,656.0,229.0,13.0,1012.0
2014-03-01,74.0,26.0,28.0,56.0,9.0,35.0,15.0,8.0,104.0,1.0,7.0,110.0,10.0,65.0,1.0,64.0,3.0,109.0,97.0,628.0,3.0,146.0,0.0,7.0,5.0,26.0,14.0,8.0,5.0,39.0,43.0,3.0,1.0,1.0,4.0,12.0,44.0,4.0,4.0,22.0,2.0,18.0,18.0,36.0,210.0,15.0,7.0,109.0,125.0,35.0,9.0,11.0,5.0,0.0,24.0,73.0,38.0,79.0,61.0,112.0,33.0,170.0,11.0,8.0,7.0,88.0,3.0,1.0,6.0,0.0,30.0,31.0,54.0,6.0,35.0,14.0,27.0,0.0,1.0,0.0,12.0,10.0,18.0,11.0,0.0,101.0,4.0,235.0,11.0,6.0,2.0,2.0,5.0,4.0,16.0,8.0,0.0,53.0,0.0,13.0,10.0,0.0,0.0,0.0,33.0,93.0,5.0,8.0,9.0,21.0,78.0,19.0,11.0,9.0,3.0,352.0,6.0,27.0,26.0,328.0,10.0,12.0,46.0,11.0,92.0,96.0,1.0,20.0,122.0,3.0,9.0,39.0,167.0,20.0,3.0,1.0,2.0,46.0,225.0,1.0,1.0,17.0,14.0,103.0,345.0,11.0,9.0,10.0,4.0,6.0,227.0,15.0,13.0,40.0,34.0,10.0,6.0,3.0,29.0,4.0,18.0,80.0,2.0,7.0,3.0,7.0,2.0,17.0,23.0,1.0,1.0,5.0,5.0,193.0,14.0,1.0,312.0,44.0,4.0,85.0,2.0,6.0,50.0,21.0,28.0,20.0,47.0,20.0,1.0,9.0,13.0,209.0,52.0,1.0,10.0,5.0,80.0,16.0,12.0,346.0,1.0,8.0,43.0,24.0,295.0,14.0,32.0,2.0,2.0,0.0,1.0,1.0,1.0,0.0,2.0,1.0,1.0,86.0,21.0,6.0,15.0,1.0,11.0,148.0,0.0,7.0,12.0,12.0,5.0,52.0,27.0,140.0,0.0,179.0,13.0,40.0,7.0,2.0,10.0,26.0,529.0,9.0,16.0,58.0,0.0,9.0,24.0,38.0,1.0,7.0,184.0,59.0,945.0,1384.0,99.0,9.0,6.0,47.0,15.0,0.0,17.0,1.0,15.0,26.0,3.0,9.0,24.0,13.0,151.0,1069.0,38.0,247.0,274.0,60.0,98.0,124.0,85.0,58.0,77.0,1.0,46.0,1254.0,47.0,6.0,3.0,7.0,1.0,45.0,141.0,0.0,128.0,4.0,8.0,36.0,1232.0,109.0,1089.0,18.0,1411.0,15.0,31.0,78.0,5.0,6.0,0.0,1.0,2.0,4.0,297.0,183.0,1.0,27.0,13.0,3.0,9.0,21.0,138.0,13.0,6.0,22.0,67.0,35.0,445.0,97.0,7.0,6.0,1341.0,37.0,39.0,213.0,10.0,10.0,3.0,25.0,17.0,2.0,3.0,1.0,0.0,23.0,78.0,57.0,6.0,13.0,9.0,3.0,4.0,3.0,587.0,60.0,32.0,595.0,111.0,18.0,12.0,38.0,4.0,13.0,45.0,7.0,48.0,79.0,327.0,4.0,113.0,723.0,739.0,67.0,48.0,1693.0,3.0,6.0,399.0,193.0,77.0,76.0,219.0,16.0,889.0,257.0,13321.0,28.0,23.0,4.0,226.0,32.0,65.0,313.0,29.0,16.0,0.0,11.0,1.0,2.0,103.0,411.0,223.0,0.0,2403.0,46.0,1.0,19.0,1013.0,8.0,59.0,2393.0,2472.0,613.0,255.0,5505.0,53.0,326.0,619.0,38.0,287.0,11.0,42.0,210.0,40.0,14.0,2763.0,24.0,390.0,1.0,8.0,30.0,3.0,14.0,0.0,1.0,2.0,0.0,0.0,310.0,20.0,147.0,2.0,1.0,4.0,0.0,0.0,0.0,0.0,0.0,0.0,0.0,0.0,0.0,7.0,0.0,0.0,0.0,1.0,0.0,0.0,0.0,0.0,0.0,2.0,0.0,0.0,0.0,0.0,0.0,0.0,0.0,4.0,0.0,0.0,1.0,0.0,0.0,2.0,1.0,0.0,0.0,1.0,13.0,2.0,0.0,0.0,0.0,0.0,0.0,1.0,0.0,2.0,0.0,0.0,0.0,0.0,1.0,0.0,0.0,0.0,0.0,6.0,0.0,0.0,1.0,0.0,0.0,1.0,3.0,0.0,0.0,85.0,19.0,17.0,190.0,7.0,3.0,10.0,3.0,29.0,64.0,52.0,55.0,185.0,49.0,39.0,6.0,55.0,282.0,0.0,31.0,7.0,6.0,9.0,1.0,57.0,0.0,11.0,275.0,21.0,15.0,17.0,26.0,0.0,24.0,155.0,117.0,232.0,143.0,465.0,724.0,389.0,121.0,5591.0,51.0,3041.0,831.0,395.0,407.0,621.0,566.0,30.0,1404.0
2014-04-01,47.0,16.0,18.0,40.0,8.0,19.0,21.0,4.0,255.0,1.0,4.0,91.0,16.0,25.0,0.0,19.0,1.0,78.0,101.0,558.0,1.0,85.0,1.0,2.0,1.0,12.0,22.0,7.0,4.0,37.0,29.0,7.0,42.0,0.0,0.0,3.0,50.0,8.0,5.0,9.0,4.0,9.0,14.0,16.0,177.0,10.0,15.0,25.0,85.0,28.0,24.0,11.0,2.0,0.0,33.0,229.0,21.0,53.0,28.0,100.0,25.0,138.0,8.0,15.0,5.0,151.0,15.0,5.0,2.0,9.0,15.0,34.0,52.0,6.0,28.0,12.0,4.0,0.0,0.0,5.0,24.0,1.0,23.0,5.0,0.0,144.0,32.0,402.0,39.0,11.0,12.0,8.0,8.0,13.0,24.0,47.0,1.0,138.0,9.0,39.0,10.0,13.0,0.0,0.0,39.0,44.0,53.0,21.0,14.0,31.0,122.0,103.0,15.0,6.0,6.0,528.0,6.0,40.0,44.0,246.0,5.0,22.0,39.0,55.0,60.0,182.0,4.0,73.0,172.0,5.0,39.0,148.0,181.0,17.0,9.0,2.0,3.0,24.0,147.0,31.0,1.0,36.0,42.0,343.0,228.0,11.0,12.0,10.0,7.0,7.0,383.0,49.0,18.0,46.0,76.0,19.0,19.0,5.0,31.0,11.0,31.0,58.0,0.0,32.0,9.0,12.0,10.0,19.0,18.0,2.0,1.0,14.0,2.0,289.0,12.0,4.0,481.0,69.0,11.0,316.0,15.0,12.0,94.0,3.0,42.0,51.0,45.0,11.0,6.0,45.0,15.0,269.0,61.0,0.0,8.0,9.0,46.0,13.0,35.0,348.0,2.0,37.0,60.0,19.0,440.0,16.0,45.0,8.0,2.0,1.0,4.0,3.0,0.0,7.0,0.0,0.0,6.0,155.0,80.0,7.0,45.0,4.0,21.0,343.0,2.0,47.0,10.0,14.0,16.0,87.0,63.0,183.0,4.0,93.0,4.0,50.0,10.0,0.0,26.0,96.0,927.0,22.0,95.0,55.0,2.0,14.0,32.0,56.0,0.0,8.0,420.0,91.0,643.0,1008.0,121.0,8.0,10.0,53.0,16.0,0.0,26.0,1.0,7.0,17.0,9.0,16.0,76.0,6.0,324.0,1328.0,205.0,603.0,555.0,52.0,176.0,32.0,127.0,237.0,90.0,5.0,61.0,1497.0,55.0,21.0,14.0,3.0,4.0,36.0,122.0,0.0,104.0,6.0,10.0,107.0,1831.0,191.0,1116.0,51.0,1667.0,40.0,154.0,734.0,23.0,20.0,12.0,17.0,3.0,8.0,871.0,384.0,5.0,29.0,10.0,7.0,17.0,24.0,302.0,6.0,10.0,11.0,39.0,27.0,631.0,150.0,11.0,3.0,1184.0,41.0,33.0,376.0,6.0,3.0,1.0,27.0,6.0,3.0,0.0,1.0,0.0,13.0,41.0,151.0,6.0,9.0,20.0,6.0,0.0,4.0,476.0,150.0,90.0,1274.0,383.0,47.0,50.0,99.0,8.0,32.0,107.0,5.0,126.0,187.0,656.0,12.0,126.0,567.0,2527.0,319.0,176.0,2129.0,24.0,9.0,757.0,264.0,333.0,320.0,932.0,83.0,1325.0,849.0,29301.0,179.0,69.0,53.0,357.0,346.0,290.0,397.0,81.0,63.0,2.0,56.0,9.0,10.0,396.0,1063.0,829.0,7.0,5887.0,113.0,1.0,50.0,3558.0,23.0,125.0,6696.0,3457.0,2549.0,1115.0,16709.0,201.0,1618.0,787.0,139.0,437.0,73.0,129.0,530.0,62.0,63.0,1863.0,62.0,1339.0,5.0,11.0,66.0,12.0,83.0,0.0,2.0,1.0,1.0,2.0,397.0,35.0,196.0,2.0,4.0,1.0,0.0,2.0,0.0,0.0,0.0,2.0,0.0,0.0,1.0,22.0,2.0,0.0,0.0,1.0,1.0,0.0,1.0,0.0,0.0,4.0,0.0,0.0,2.0,1.0,6.0,0.0,0.0,6.0,0.0,1.0,1.0,0.0,2.0,1.0,1.0,1.0,0.0,4.0,6.0,2.0,1.0,0.0,0.0,0.0,0.0,0.0,0.0,1.0,0.0,2.0,0.0,0.0,0.0,0.0,1.0,0.0,0.0,9.0,0.0,0.0,0.0,0.0,0.0,0.0,0.0,0.0,0.0,48.0,7.0,12.0,227.0,23.0,6.0,24.0,5.0,19.0,64.0,43.0,82.0,157.0,23.0,37.0,7.0,44.0,211.0,3.0,12.0,6.0,10.0,13.0,3.0,86.0,3.0,15.0,178.0,15.0,16.0,7.0,29.0,4.0,66.0,279.0,84.0,210.0,139.0,637.0,1038.0,237.0,190.0,6026.0,201.0,3668.0,1368.0,466.0,616.0,268.0,738.0,50.0,2275.0
2014-05-01,52.0,14.0,16.0,59.0,12.0,11.0,9.0,4.0,369.0,1.0,2.0,50.0,9.0,37.0,0.0,39.0,3.0,70.0,80.0,310.0,1.0,22.0,1.0,1.0,2.0,6.0,24.0,23.0,16.0,41.0,34.0,8.0,73.0,1.0,1.0,2.0,61.0,1.0,4.0,7.0,5.0,16.0,7.0,23.0,126.0,15.0,5.0,26.0,43.0,19.0,16.0,3.0,10.0,0.0,36.0,441.0,21.0,72.0,31.0,108.0,24.0,147.0,4.0,17.0,13.0,111.0,11.0,3.0,14.0,9.0,8.0,58.0,40.0,4.0,25.0,1.0,1.0,1.0,1.0,5.0,19.0,5.0,12.0,4.0,0.0,261.0,101.0,829.0,74.0,21.0,49.0,8.0,3.0,8.0,80.0,47.0,5.0,363.0,11.0,145.0,53.0,12.0,3.0,1.0,45.0,77.0,88.0,51.0,9.0,45.0,51.0,153.0,30.0,27.0,62.0,1117.0,15.0,32.0,72.0,445.0,15.0,60.0,142.0,92.0,32.0,95.0,5.0,9.0,168.0,22.0,108.0,358.0,118.0,31.0,10.0,4.0,21.0,94.0,179.0,56.0,2.0,59.0,18.0,477.0,483.0,45.0,28.0,19.0,2.0,27.0,641.0,93.0,22.0,66.0,130.0,22.0,8.0,18.0,35.0,42.0,70.0,51.0,11.0,86.0,4.0,37.0,12.0,15.0,32.0,1.0,5.0,8.0,2.0,402.0,17.0,4.0,723.0,93.0,12.0,309.0,19.0,21.0,214.0,13.0,72.0,71.0,20.0,31.0,2.0,23.0,6.0,366.0,64.0,1.0,10.0,26.0,58.0,27.0,64.0,530.0,3.0,23.0,55.0,13.0,931.0,9.0,146.0,3.0,6.0,5.0,3.0,4.0,9.0,17.0,3.0,4.0,13.0,258.0,258.0,11.0,28.0,1.0,33.0,268.0,1.0,27.0,26.0,29.0,13.0,62.0,54.0,113.0,4.0,70.0,10.0,49.0,45.0,7.0,19.0,67.0,669.0,62.0,333.0,49.0,3.0,11.0,21.0,42.0,0.0,9.0,308.0,70.0,347.0,618.0,41.0,8.0,15.0,46.0,50.0,0.0,23.0,1.0,2.0,17.0,3.0,20.0,75.0,13.0,190.0,1053.0,268.0,571.0,607.0,43.0,151.0,37.0,76.0,349.0,56.0,2.0,64.0,1030.0,36.0,10.0,13.0,4.0,4.0,11.0,127.0,0.0,81.0,5.0,4.0,107.0,1280.0,167.0,257.0,62.0,599.0,34.0,123.0,283.0,27.0,31.0,9.0,18.0,0.0,4.0,359.0,99.0,3.0,1.0,6.0,7.0,23.0,19.0,227.0,22.0,2.0,20.0,11.0,48.0,430.0,166.0,8.0,5.0,1261.0,42.0,30.0,459.0,4.0,3.0,1.0,28.0,4.0,1.0,0.0,4.0,0.0,7.0,52.0,133.0,4.0,13.0,21.0,2.0,1.0,3.0,486.0,272.0,129.0,780.0,451.0,88.0,105.0,70.0,12.0,44.0,95.0,2.0,105.0,296.0,638.0,4.0,174.0,330.0,1944.0,282.0,180.0,411.0,23.0,19.0,755.0,149.0,286.0,279.0,845.0,150.0,803.0,1114.0,14678.0,90.0,81.0,137.0,428.0,341.0,417.0,302.0,112.0,56.0,15.0,29.0,14.0,3.0,415.0,515.0,577.0,2.0,4244.0,165.0,6.0,25.0,2827.0,55.0,215.0,2630.0,1529.0,2125.0,818.0,9366.0,191.0,2485.0,575.0,218.0,252.0,53.0,111.0,520.0,76.0,63.0,510.0,72.0,965.0,68.0,6.0,127.0,32.0,155.0,0.0,1.0,0.0,1.0,1.0,237.0,38.0,170.0,0.0,2.0,0.0,0.0,1.0,0.0,0.0,0.0,0.0,0.0,0.0,0.0,14.0,0.0,0.0,0.0,2.0,0.0,1.0,0.0,1.0,0.0,6.0,0.0,0.0,0.0,1.0,4.0,0.0,0.0,4.0,0.0,1.0,1.0,1.0,1.0,0.0,1.0,0.0,1.0,0.0,1.0,0.0,0.0,1.0,0.0,0.0,0.0,0.0,0.0,0.0,1.0,0.0,0.0,0.0,1.0,1.0,0.0,2.0,0.0,4.0,1.0,0.0,0.0,0.0,0.0,0.0,0.0,0.0,0.0,23.0,6.0,10.0,139.0,23.0,8.0,32.0,1.0,5.0,55.0,52.0,35.0,70.0,30.0,40.0,2.0,52.0,130.0,5.0,7.0,10.0,3.0,5.0,2.0,39.0,3.0,1.0,140.0,4.0,11.0,15.0,30.0,2.0,133.0,245.0,120.0,215.0,89.0,862.0,1382.0,147.0,193.0,5853.0,257.0,3714.0,1275.0,353.0,850.0,142.0,710.0,50.0,3750.0
2014-06-01,48.0,4.0,8.0,38.0,4.0,8.0,10.0,4.0,439.0,0.0,2.0,24.0,8.0,9.0,1.0,18.0,2.0,44.0,43.0,176.0,18.0,14.0,1.0,0.0,1.0,2.0,20.0,38.0,21.0,43.0,10.0,1.0,25.0,2.0,3.0,2.0,54.0,7.0,3.0,3.0,8.0,4.0,5.0,11.0,50.0,2.0,2.0,10.0,25.0,7.0,3.0,2.0,4.0,0.0,54.0,112.0,18.0,51.0,38.0,44.0,30.0,124.0,2.0,13.0,11.0,97.0,1.0,1.0,3.0,3.0,12.0,42.0,16.0,3.0,12.0,3.0,0.0,1.0,2.0,1.0,15.0,0.0,4.0,4.0,0.0,77.0,106.0,912.0,34.0,15.0,38.0,17.0,1.0,4.0,73.0,91.0,8.0,197.0,5.0,38.0,137.0,4.0,2.0,0.0,156.0,20.0,94.0,39.0,34.0,20.0,31.0,110.0,29.0,45.0,68.0,1345.0,12.0,82.0,31.0,234.0,76.0,95.0,345.0,81.0,26.0,85.0,2.0,2.0,39.0,22.0,46.0,189.0,44.0,29.0,4.0,2.0,15.0,28.0,42.0,3.0,1.0,9.0,2.0,41.0,241.0,17.0,37.0,30.0,16.0,23.0,726.0,54.0,24.0,61.0,35.0,11.0,0.0,9.0,20.0,18.0,29.0,37.0,11.0,24.0,3.0,20.0,15.0,13.0,28.0,5.0,1.0,3.0,4.0,357.0,13.0,1.0,335.0,37.0,6.0,169.0,11.0,6.0,191.0,15.0,65.0,93.0,10.0,36.0,2.0,34.0,9.0,393.0,34.0,6.0,2.0,8.0,42.0,10.0,31.0,356.0,1.0,14.0,41.0,14.0,1184.0,21.0,314.0,1.0,2.0,2.0,5.0,5.0,0.0,5.0,2.0,1.0,14.0,202.0,95.0,14.0,6.0,2.0,43.0,164.0,3.0,4.0,6.0,19.0,5.0,26.0,10.0,47.0,4.0,35.0,6.0,11.0,49.0,0.0,14.0,35.0,387.0,14.0,89.0,36.0,1.0,9.0,7.0,31.0,0.0,9.0,218.0,46.0,75.0,164.0,39.0,5.0,1.0,4.0,19.0,1.0,18.0,0.0,4.0,6.0,0.0,6.0,38.0,10.0,49.0,364.0,131.0,294.0,296.0,22.0,82.0,18.0,46.0,152.0,19.0,0.0,32.0,510.0,13.0,3.0,2.0,1.0,0.0,3.0,75.0,0.0,45.0,3.0,0.0,36.0,288.0,63.0,33.0,9.0,180.0,18.0,44.0,47.0,6.0,7.0,2.0,6.0,1.0,3.0,84.0,17.0,3.0,2.0,9.0,3.0,10.0,11.0,77.0,11.0,5.0,15.0,3.0,71.0,205.0,50.0,4.0,1.0,1157.0,36.0,9.0,370.0,6.0,11.0,1.0,17.0,2.0,1.0,0.0,0.0,0.0,10.0,34.0,108.0,9.0,9.0,9.0,0.0,1.0,5.0,295.0,204.0,64.0,179.0,286.0,58.0,40.0,12.0,2.0,16.0,36.0,2.0,15.0,115.0,237.0,1.0,79.0,278.0,459.0,65.0,95.0,66.0,2.0,4.0,281.0,54.0,78.0,93.0,177.0,70.0,283.0,286.0,2336.0,21.0,41.0,78.0,163.0,93.0,182.0,51.0,37.0,14.0,4.0,10.0,4.0,1.0,118.0,112.0,125.0,3.0,1198.0,104.0,4.0,13.0,1058.0,18.0,128.0,404.0,261.0,489.0,96.0,1910.0,67.0,801.0,117.0,52.0,53.0,13.0,23.0,63.0,52.0,7.0,55.0,10.0,94.0,8.0,0.0,77.0,9.0,25.0,1.0,1.0,0.0,0.0,0.0,49.0,15.0,55.0,0.0,0.0,0.0,0.0,3.0,0.0,2.0,0.0,1.0,0.0,0.0,1.0,8.0,0.0,0.0,0.0,1.0,0.0,1.0,0.0,0.0,0.0,1.0,0.0,0.0,0.0,1.0,0.0,0.0,0.0,0.0,0.0,0.0,0.0,0.0,0.0,0.0,0.0,0.0,0.0,0.0,0.0,0.0,0.0,1.0,0.0,0.0,0.0,0.0,0.0,0.0,0.0,1.0,0.0,0.0,0.0,1.0,0.0,0.0,0.0,2.0,0.0,0.0,0.0,0.0,0.0,0.0,0.0,0.0,0.0,19.0,2.0,5.0,66.0,4.0,7.0,20.0,0.0,1.0,12.0,18.0,34.0,26.0,12.0,21.0,0.0,21.0,82.0,1.0,11.0,2.0,3.0,6.0,0.0,10.0,0.0,1.0,127.0,2.0,3.0,11.0,13.0,0.0,50.0,107.0,43.0,130.0,26.0,436.0,717.0,54.0,67.0,2874.0,164.0,2086.0,536.0,104.0,349.0,44.0,184.0,17.0,1701.0
2014-07-01,21.0,0.0,2.0,22.0,2.0,7.0,19.0,3.0,562.0,0.0,0.0,23.0,5.0,31.0,1.0,14.0,21.0,54.0,32.0,78.0,8.0,3.0,0.0,0.0,1.0,3.0,17.0,19.0,41.0,54.0,13.0,1.0,7.0,1.0,1.0,0.0,57.0,0.0,3.0,2.0,4.0,25.0,1.0,8.0,29.0,3.0,2.0,12.0,3.0,2.0,3.0,0.0,3.0,1.0,78.0,8.0,4.0,35.0,4.0,14.0,4.0,49.0,5.0,6.0,9.0,142.0,3.0,3.0,6.0,1.0,1.0,9.0,4.0,13.0,10.0,3.0,0.0,0.0,2.0,0.0,9.0,0.0,1.0,0.0,0.0,62.0,68.0,549.0,50.0,8.0,23.0,4.0,3.0,3.0,29.0,25.0,19.0,58.0,5.0,21.0,166.0,3.0,2.0,4.0,217.0,10.0,304.0,76.0,54.0,4.0,22.0,76.0,33.0,56.0,42.0,1028.0,25.0,58.0,46.0,155.0,35.0,61.0,324.0,127.0,10.0,57.0,0.0,3.0,8.0,11.0,29.0,62.0,22.0,20.0,12.0,0.0,7.0,48.0,23.0,2.0,20.0,3.0,3.0,16.0,85.0,28.0,36.0,30.0,4.0,44.0,649.0,32.0,19.0,31.0,16.0,8.0,1.0,3.0,6.0,8.0,26.0,13.0,14.0,15.0,1.0,19.0,12.0,9.0,25.0,0.0,1.0,5.0,4.0,305.0,17.0,17.0,81.0,35.0,3.0,103.0,3.0,8.0,90.0,23.0,60.0,72.0,10.0,16.0,1.0,22.0,13.0,303.0,38.0,0.0,4.0,11.0,25.0,10.0,31.0,333.0,0.0,23.0,31.0,21.0,1162.0,16.0,310.0,5.0,0.0,1.0,9.0,7.0,2.0,15.0,1.0,2.0,8.0,159.0,21.0,7.0,5.0,0.0,10.0,60.0,4.0,13.0,4.0,29.0,2.0,45.0,18.0,48.0,2.0,12.0,6.0,9.0,25.0,1.0,4.0,24.0,286.0,10.0,14.0,48.0,3.0,7.0,5.0,6.0,3.0,7.0,109.0,34.0,33.0,36.0,20.0,1.0,3.0,0.0,10.0,1.0,8.0,0.0,2.0,3.0,0.0,3.0,27.0,12.0,22.0,138.0,43.0,78.0,49.0,16.0,20.0,5.0,24.0,58.0,10.0,0.0,5.0,185.0,9.0,0.0,0.0,0.0,0.0,1.0,46.0,1.0,25.0,2.0,2.0,17.0,73.0,26.0,1.0,7.0,25.0,5.0,8.0,12.0,4.0,0.0,2.0,1.0,0.0,0.0,1.0,1.0,0.0,1.0,5.0,1.0,9.0,4.0,34.0,3.0,0.0,28.0,5.0,44.0,101.0,13.0,4.0,1.0,940.0,12.0,4.0,193.0,5.0,6.0,0.0,16.0,0.0,0.0,0.0,0.0,0.0,5.0,15.0,83.0,3.0,5.0,6.0,1.0,1.0,7.0,241.0,93.0,37.0,28.0,174.0,23.0,13.0,3.0,1.0,9.0,14.0,0.0,5.0,52.0,97.0,1.0,32.0,51.0,122.0,20.0,34.0,13.0,1.0,2.0,146.0,25.0,26.0,41.0,25.0,29.0,67.0,87.0,434.0,7.0,28.0,31.0,68.0,16.0,139.0,38.0,11.0,1.0,2.0,1.0,0.0,2.0,61.0,39.0,24.0,1.0,245.0,49.0,8.0,0.0,316.0,5.0,45.0,73.0,55.0,123.0,31.0,602.0,24.0,313.0,48.0,27.0,16.0,10.0,4.0,32.0,38.0,2.0,17.0,4.0,44.0,0.0,0.0,70.0,5.0,3.0,1.0,2.0,1.0,0.0,0.0,17.0,9.0,27.0,0.0,0.0,0.0,0.0,0.0,0.0,0.0,0.0,0.0,0.0,0.0,0.0,8.0,0.0,0.0,0.0,0.0,0.0,1.0,1.0,0.0,0.0,2.0,0.0,0.0,0.0,0.0,4.0,0.0,0.0,2.0,0.0,1.0,0.0,0.0,0.0,0.0,0.0,0.0,0.0,0.0,0.0,0.0,0.0,0.0,0.0,0.0,0.0,0.0,0.0,1.0,0.0,1.0,0.0,0.0,0.0,0.0,0.0,0.0,0.0,2.0,0.0,0.0,0.0,0.0,0.0,0.0,0.0,0.0,0.0,2.0,3.0,1.0,62.0,5.0,10.0,22.0,2.0,7.0,8.0,6.0,15.0,15.0,8.0,16.0,3.0,5.0,57.0,0.0,0.0,1.0,1.0,3.0,2.0,8.0,0.0,2.0,106.0,0.0,2.0,8.0,10.0,1.0,5.0,17.0,15.0,54.0,4.0,89.0,294.0,28.0,19.0,1743.0,47.0,782.0,232.0,31.0,132.0,13.0,45.0,4.0,701.0
2014-08-01,19.0,2.0,2.0,13.0,2.0,7.0,16.0,5.0,2182.0,5.0,3.0,26.0,1.0,44.0,0.0,7.0,75.0,38.0,12.0,42.0,0.0,2.0,0.0,0.0,0.0,6.0,20.0,6.0,39.0,66.0,9.0,6.0,2.0,2.0,0.0,2.0,67.0,3.0,5.0,0.0,3.0,4.0,1.0,2.0,55.0,2.0,3.0,6.0,4.0,1.0,1.0,2.0,5.0,1.0,45.0,6.0,6.0,41.0,6.0,8.0,0.0,47.0,2.0,9.0,10.0,144.0,1.0,4.0,4.0,1.0,3.0,4.0,7.0,7.0,4.0,0.0,0.0,0.0,1.0,0.0,4.0,0.0,1.0,2.0,0.0,31.0,37.0,268.0,31.0,4.0,1.0,2.0,0.0,1.0,3.0,21.0,1.0,25.0,0.0,16.0,69.0,3.0,5.0,1.0,42.0,14.0,183.0,24.0,68.0,8.0,11.0,134.0,21.0,33.0,14.0,671.0,12.0,39.0,35.0,77.0,4.0,44.0,210.0,59.0,2.0,48.0,1.0,2.0,2.0,1.0,9.0,67.0,10.0,10.0,14.0,0.0,6.0,6.0,14.0,1.0,5.0,5.0,7.0,9.0,33.0,13.0,17.0,17.0,8.0,21.0,495.0,17.0,8.0,5.0,6.0,1.0,2.0,1.0,3.0,2.0,16.0,13.0,11.0,5.0,0.0,4.0,6.0,13.0,11.0,2.0,1.0,1.0,1.0,201.0,8.0,3.0,9.0,22.0,2.0,33.0,3.0,3.0,47.0,5.0,25.0,46.0,2.0,16.0,3.0,13.0,9.0,237.0,29.0,0.0,5.0,7.0,17.0,4.0,16.0,244.0,3.0,11.0,24.0,12.0,915.0,35.0,236.0,4.0,1.0,1.0,1.0,3.0,1.0,8.0,0.0,1.0,5.0,83.0,16.0,5.0,4.0,0.0,3.0,39.0,10.0,5.0,2.0,16.0,4.0,28.0,10.0,182.0,2.0,11.0,11.0,8.0,8.0,1.0,4.0,14.0,140.0,15.0,13.0,39.0,2.0,2.0,3.0,1.0,2.0,6.0,82.0,47.0,15.0,15.0,22.0,3.0,2.0,0.0,5.0,0.0,3.0,0.0,2.0,5.0,0.0,2.0,34.0,11.0,7.0,53.0,4.0,22.0,43.0,4.0,17.0,3.0,12.0,23.0,12.0,0.0,2.0,79.0,7.0,1.0,1.0,0.0,0.0,0.0,20.0,0.0,29.0,0.0,3.0,6.0,22.0,10.0,3.0,0.0,9.0,5.0,2.0,4.0,3.0,0.0,0.0,1.0,0.0,1.0,1.0,2.0,1.0,1.0,1.0,0.0,5.0,4.0,14.0,13.0,1.0,10.0,6.0,54.0,48.0,20.0,11.0,2.0,670.0,9.0,2.0,90.0,5.0,10.0,1.0,7.0,2.0,0.0,0.0,0.0,0.0,10.0,11.0,58.0,7.0,6.0,1.0,0.0,0.0,1.0,295.0,39.0,36.0,28.0,94.0,9.0,3.0,3.0,0.0,2.0,8.0,2.0,1.0,22.0,45.0,0.0,13.0,42.0,24.0,8.0,6.0,7.0,0.0,0.0,30.0,5.0,7.0,21.0,8.0,9.0,12.0,28.0,174.0,3.0,11.0,10.0,21.0,4.0,67.0,21.0,5.0,0.0,0.0,0.0,0.0,0.0,27.0,10.0,5.0,1.0,60.0,15.0,1.0,0.0,174.0,0.0,18.0,32.0,16.0,35.0,11.0,256.0,2.0,92.0,39.0,40.0,4.0,0.0,2.0,9.0,24.0,0.0,12.0,4.0,37.0,1.0,2.0,27.0,1.0,1.0,1.0,2.0,0.0,0.0,0.0,11.0,6.0,36.0,0.0,0.0,0.0,0.0,0.0,0.0,1.0,1.0,0.0,0.0,0.0,0.0,2.0,0.0,0.0,0.0,0.0,0.0,0.0,0.0,0.0,0.0,0.0,0.0,0.0,0.0,0.0,3.0,0.0,0.0,1.0,0.0,0.0,0.0,0.0,0.0,0.0,0.0,0.0,0.0,0.0,0.0,0.0,0.0,0.0,0.0,0.0,0.0,0.0,0.0,1.0,0.0,1.0,0.0,0.0,0.0,0.0,0.0,0.0,0.0,1.0,0.0,0.0,0.0,0.0,0.0,0.0,0.0,0.0,0.0,4.0,4.0,4.0,39.0,2.0,0.0,26.0,1.0,3.0,6.0,7.0,9.0,5.0,3.0,6.0,2.0,10.0,33.0,0.0,0.0,0.0,0.0,3.0,9.0,1.0,0.0,1.0,121.0,5.0,1.0,2.0,6.0,4.0,3.0,11.0,12.0,50.0,4.0,41.0,122.0,29.0,8.0,1698.0,26.0,231.0,184.0,21.0,74.0,10.0,20.0,3.0,172.0
2014-09-01,26.0,1.0,7.0,8.0,1.0,5.0,9.0,3.0,7300.0,6.0,5.0,21.0,1.0,20.0,0.0,23.0,80.0,21.0,4.0,66.0,0.0,0.0,1.0,0.0,1.0,0.0,51.0,9.0,35.0,42.0,1.0,14.0,0.0,3.0,1.0,3.0,53.0,5.0,4.0,2.0,3.0,9.0,5.0,4.0,90.0,1.0,1.0,2.0,4.0,2.0,0.0,1.0,97.0,0.0,48.0,4.0,1.0,28.0,2.0,6.0,1.0,38.0,3.0,2.0,2.0,85.0,0.0,1.0,1.0,0.0,9.0,8.0,6.0,0.0,9.0,1.0,0.0,0.0,0.0,2.0,3.0,0.0,0.0,2.0,0.0,5.0,28.0,194.0,13.0,4.0,0.0,2.0,0.0,0.0,1.0,7.0,2.0,4.0,2.0,6.0,24.0,4.0,4.0,0.0,14.0,5.0,172.0,11.0,38.0,0.0,15.0,93.0,15.0,30.0,8.0,436.0,0.0,11.0,46.0,29.0,4.0,11.0,67.0,10.0,3.0,11.0,1.0,1.0,0.0,3.0,26.0,55.0,2.0,8.0,1.0,0.0,0.0,2.0,4.0,0.0,18.0,0.0,9.0,8.0,44.0,5.0,13.0,2.0,3.0,13.0,362.0,8.0,4.0,7.0,9.0,2.0,1.0,0.0,3.0,0.0,9.0,20.0,8.0,4.0,2.0,3.0,5.0,11.0,9.0,0.0,4.0,0.0,3.0,138.0,12.0,1.0,3.0,13.0,2.0,17.0,9.0,0.0,35.0,16.0,13.0,9.0,1.0,10.0,3.0,12.0,10.0,252.0,4.0,0.0,8.0,7.0,29.0,10.0,12.0,227.0,4.0,5.0,13.0,1.0,512.0,27.0,92.0,6.0,0.0,1.0,1.0,3.0,1.0,6.0,1.0,1.0,6.0,70.0,11.0,1.0,2.0,0.0,4.0,19.0,8.0,9.0,0.0,9.0,3.0,21.0,7.0,157.0,1.0,2.0,32.0,32.0,11.0,0.0,2.0,14.0,151.0,4.0,9.0,13.0,2.0,4.0,0.0,8.0,1.0,2.0,75.0,12.0,7.0,8.0,16.0,1.0,1.0,1.0,9.0,0.0,3.0,0.0,0.0,9.0,0.0,2.0,28.0,14.0,11.0,81.0,2.0,11.0,81.0,20.0,11.0,4.0,14.0,13.0,5.0,0.0,1.0,85.0,12.0,1.0,4.0,1.0,0.0,1.0,35.0,0.0,58.0,2.0,0.0,10.0,17.0,5.0,2.0,0.0,9.0,1.0,2.0,2.0,1.0,1.0,0.0,0.0,0.0,1.0,5.0,5.0,0.0,0.0,3.0,1.0,6.0,7.0,18.0,20.0,4.0,5.0,4.0,28.0,18.0,6.0,11.0,2.0,646.0,9.0,2.0,84.0,0.0,13.0,2.0,8.0,0.0,2.0,0.0,0.0,0.0,4.0,18.0,37.0,10.0,2.0,2.0,0.0,2.0,2.0,327.0,22.0,35.0,5.0,130.0,30.0,10.0,6.0,4.0,1.0,5.0,0.0,8.0,34.0,29.0,0.0,9.0,21.0,36.0,3.0,6.0,4.0,0.0,0.0,32.0,3.0,15.0,42.0,10.0,6.0,12.0,45.0,157.0,7.0,17.0,6.0,19.0,8.0,73.0,20.0,2.0,0.0,0.0,0.0,0.0,2.0,28.0,7.0,9.0,2.0,63.0,18.0,1.0,2.0,66.0,5.0,17.0,36.0,16.0,32.0,6.0,218.0,20.0,90.0,55.0,24.0,3.0,0.0,0.0,6.0,11.0,1.0,15.0,0.0,28.0,0.0,1.0,12.0,1.0,0.0,1.0,2.0,0.0,0.0,0.0,3.0,8.0,38.0,0.0,0.0,0.0,1.0,1.0,0.0,0.0,0.0,0.0,0.0,0.0,0.0,2.0,1.0,0.0,0.0,1.0,0.0,1.0,0.0,0.0,0.0,3.0,0.0,0.0,0.0,1.0,1.0,0.0,0.0,5.0,0.0,0.0,0.0,0.0,0.0,0.0,1.0,0.0,0.0,0.0,0.0,0.0,0.0,0.0,0.0,0.0,0.0,0.0,0.0,0.0,0.0,0.0,0.0,0.0,0.0,0.0,0.0,0.0,0.0,0.0,0.0,0.0,0.0,0.0,0.0,0.0,0.0,0.0,0.0,29.0,3.0,0.0,29.0,1.0,2.0,6.0,0.0,4.0,9.0,11.0,31.0,15.0,5.0,4.0,4.0,12.0,34.0,1.0,1.0,0.0,0.0,12.0,0.0,4.0,0.0,0.0,169.0,3.0,4.0,7.0,2.0,9.0,5.0,3.0,1.0,21.0,2.0,32.0,128.0,24.0,6.0,1486.0,5.0,85.0,189.0,15.0,55.0,5.0,13.0,0.0,62.0
2014-10-01,72.0,3.0,5.0,21.0,3.0,3.0,12.0,6.0,7603.0,5.0,2.0,45.0,6.0,11.0,1.0,36.0,83.0,40.0,3.0,48.0,0.0,0.0,0.0,1.0,0.0,1.0,40.0,8.0,9.0,30.0,2.0,11.0,2.0,34.0,1.0,3.0,88.0,6.0,10.0,2.0,2.0,12.0,2.0,7.0,97.0,3.0,1.0,6.0,9.0,1.0,3.0,0.0,374.0,0.0,80.0,8.0,5.0,30.0,6.0,12.0,9.0,78.0,1.0,5.0,0.0,32.0,1.0,0.0,8.0,0.0,2.0,5.0,3.0,7.0,1.0,0.0,2.0,1.0,0.0,1.0,5.0,2.0,1.0,1.0,0.0,4.0,2.0,126.0,7.0,3.0,0.0,1.0,0.0,0.0,1.0,2.0,0.0,10.0,1.0,6.0,12.0,0.0,1.0,0.0,3.0,4.0,154.0,26.0,12.0,4.0,7.0,43.0,6.0,7.0,9.0,292.0,3.0,6.0,19.0,10.0,2.0,7.0,72.0,1.0,0.0,13.0,1.0,0.0,0.0,3.0,51.0,33.0,2.0,3.0,3.0,0.0,5.0,0.0,10.0,1.0,70.0,0.0,2.0,34.0,35.0,14.0,10.0,11.0,3.0,11.0,327.0,4.0,3.0,17.0,26.0,1.0,0.0,1.0,0.0,0.0,7.0,3.0,5.0,0.0,0.0,3.0,0.0,5.0,5.0,1.0,0.0,2.0,1.0,168.0,4.0,2.0,6.0,11.0,1.0,9.0,3.0,4.0,10.0,19.0,29.0,1.0,4.0,16.0,2.0,10.0,16.0,325.0,20.0,0.0,17.0,8.0,24.0,13.0,21.0,185.0,0.0,7.0,10.0,11.0,364.0,34.0,31.0,1.0,0.0,3.0,0.0,3.0,0.0,23.0,1.0,3.0,6.0,61.0,1.0,1.0,3.0,2.0,1.0,22.0,3.0,9.0,0.0,10.0,2.0,12.0,11.0,77.0,1.0,0.0,26.0,31.0,10.0,0.0,2.0,19.0,152.0,2.0,9.0,21.0,0.0,2.0,1.0,8.0,1.0,2.0,140.0,14.0,19.0,17.0,14.0,1.0,0.0,2.0,9.0,0.0,6.0,0.0,1.0,6.0,0.0,1.0,17.0,7.0,17.0,64.0,6.0,11.0,45.0,9.0,10.0,5.0,11.0,27.0,22.0,1.0,1.0,83.0,16.0,0.0,1.0,0.0,0.0,1.0,33.0,4.0,56.0,4.0,4.0,7.0,11.0,6.0,3.0,0.0,15.0,1.0,5.0,6.0,3.0,0.0,0.0,1.0,1.0,0.0,3.0,1.0,0.0,0.0,8.0,1.0,7.0,1.0,27.0,32.0,2.0,1.0,4.0,36.0,9.0,9.0,5.0,1.0,467.0,8.0,0.0,10.0,1.0,19.0,21.0,7.0,0.0,1.0,0.0,1.0,0.0,3.0,9.0,34.0,3.0,2.0,2.0,2.0,0.0,2.0,310.0,23.0,33.0,11.0,198.0,43.0,5.0,6.0,4.0,2.0,0.0,2.0,12.0,31.0,21.0,0.0,22.0,12.0,22.0,1.0,12.0,1.0,0.0,0.0,20.0,1.0,12.0,15.0,11.0,58.0,34.0,142.0,166.0,4.0,18.0,4.0,33.0,2.0,194.0,30.0,8.0,1.0,0.0,0.0,0.0,0.0,52.0,12.0,6.0,0.0,69.0,26.0,1.0,2.0,40.0,2.0,44.0,27.0,10.0,31.0,5.0,175.0,12.0,98.0,99.0,31.0,2.0,2.0,0.0,12.0,17.0,0.0,8.0,4.0,35.0,0.0,1.0,31.0,0.0,5.0,0.0,0.0,1.0,0.0,0.0,11.0,24.0,39.0,1.0,1.0,0.0,0.0,0.0,0.0,0.0,0.0,0.0,0.0,0.0,0.0,1.0,1.0,0.0,1.0,1.0,1.0,1.0,1.0,0.0,0.0,0.0,0.0,0.0,0.0,1.0,7.0,0.0,0.0,1.0,0.0,0.0,0.0,2.0,0.0,0.0,0.0,0.0,0.0,0.0,0.0,0.0,0.0,0.0,0.0,0.0,0.0,0.0,0.0,0.0,0.0,0.0,0.0,0.0,0.0,0.0,0.0,0.0,0.0,1.0,0.0,0.0,0.0,0.0,0.0,0.0,0.0,0.0,0.0,6.0,1.0,4.0,37.0,3.0,17.0,7.0,0.0,2.0,19.0,78.0,30.0,21.0,3.0,7.0,2.0,18.0,36.0,3.0,1.0,0.0,1.0,16.0,6.0,2.0,1.0,0.0,127.0,1.0,5.0,3.0,6.0,4.0,28.0,3.0,0.0,52.0,8.0,50.0,153.0,28.0,8.0,1891.0,2.0,73.0,229.0,25.0,50.0,2.0,50.0,3.0,37.0
2014-11-01,238.0,2.0,3.0,42.0,6.0,14.0,12.0,4.0,5497.0,10.0,2.0,32.0,3.0,20.0,2.0,54.0,134.0,54.0,3.0,67.0,1.0,1.0,2.0,0.0,0.0,13.0,47.0,1.0,6.0,11.0,2.0,4.0,0.0,6.0,1.0,8.0,75.0,5.0,17.0,2.0,4.0,6.0,8.0,10.0,44.0,1.0,2.0,10.0,12.0,4.0,6.0,2.0,161.0,1.0,112.0,10.0,3.0,40.0,10.0,17.0,9.0,87.0,3.0,7.0,0.0,42.0,1.0,0.0,20.0,0.0,2.0,6.0,11.0,1.0,14.0,0.0,0.0,0.0,1.0,1.0,2.0,2.0,2.0,1.0,0.0,1.0,6.0,152.0,2.0,2.0,1.0,1.0,0.0,4.0,3.0,0.0,0.0,9.0,2.0,2.0,5.0,2.0,26.0,1.0,5.0,0.0,200.0,76.0,7.0,1.0,10.0,22.0,24.0,2.0,7.0,210.0,3.0,4.0,24.0,48.0,41.0,14.0,31.0,5.0,0.0,8.0,1.0,0.0,2.0,2.0,37.0,16.0,4.0,2.0,0.0,0.0,3.0,11.0,16.0,0.0,48.0,7.0,5.0,33.0,56.0,44.0,6.0,14.0,2.0,16.0,342.0,8.0,8.0,7.0,3.0,2.0,1.0,2.0,1.0,1.0,1.0,3.0,1.0,3.0,0.0,3.0,1.0,4.0,2.0,0.0,4.0,1.0,3.0,125.0,15.0,5.0,2.0,25.0,3.0,10.0,0.0,1.0,8.0,7.0,23.0,12.0,0.0,20.0,0.0,9.0,18.0,492.0,33.0,0.0,8.0,0.0,24.0,8.0,4.0,159.0,3.0,4.0,11.0,6.0,283.0,29.0,17.0,2.0,0.0,0.0,0.0,58.0,0.0,4.0,0.0,4.0,1.0,62.0,4.0,0.0,2.0,3.0,1.0,25.0,4.0,2.0,1.0,7.0,5.0,9.0,17.0,45.0,0.0,3.0,24.0,8.0,7.0,2.0,2.0,5.0,143.0,2.0,8.0,8.0,0.0,3.0,4.0,0.0,0.0,2.0,98.0,22.0,30.0,20.0,14.0,8.0,3.0,0.0,21.0,0.0,4.0,0.0,3.0,10.0,2.0,5.0,14.0,5.0,16.0,77.0,2.0,16.0,67.0,81.0,13.0,12.0,8.0,24.0,15.0,1.0,2.0,123.0,14.0,1.0,1.0,4.0,4.0,0.0,37.0,5.0,79.0,5.0,0.0,11.0,13.0,3.0,7.0,0.0,36.0,3.0,0.0,7.0,1.0,3.0,1.0,13.0,1.0,0.0,3.0,1.0,1.0,1.0,9.0,1.0,7.0,8.0,19.0,6.0,0.0,4.0,0.0,46.0,21.0,6.0,8.0,2.0,537.0,4.0,3.0,10.0,0.0,22.0,8.0,12.0,1.0,2.0,0.0,0.0,0.0,3.0,0.0,27.0,11.0,1.0,5.0,1.0,0.0,0.0,230.0,17.0,38.0,29.0,147.0,107.0,1.0,4.0,5.0,0.0,7.0,2.0,20.0,70.0,30.0,0.0,24.0,46.0,48.0,10.0,53.0,7.0,0.0,1.0,6.0,7.0,24.0,29.0,7.0,257.0,86.0,255.0,253.0,7.0,48.0,4.0,37.0,3.0,342.0,45.0,18.0,0.0,2.0,0.0,0.0,3.0,77.0,11.0,10.0,0.0,74.0,35.0,0.0,1.0,59.0,3.0,54.0,29.0,9.0,28.0,9.0,193.0,14.0,113.0,53.0,30.0,3.0,2.0,4.0,27.0,20.0,0.0,4.0,4.0,47.0,1.0,1.0,38.0,0.0,1.0,1.0,0.0,1.0,1.0,0.0,8.0,20.0,42.0,1.0,0.0,0.0,0.0,1.0,0.0,0.0,0.0,0.0,0.0,0.0,0.0,3.0,0.0,0.0,1.0,1.0,1.0,0.0,1.0,1.0,0.0,1.0,0.0,0.0,0.0,0.0,2.0,0.0,1.0,1.0,0.0,0.0,0.0,1.0,0.0,0.0,0.0,0.0,0.0,0.0,0.0,0.0,0.0,2.0,0.0,0.0,0.0,0.0,0.0,0.0,0.0,0.0,0.0,0.0,0.0,0.0,0.0,0.0,0.0,0.0,0.0,0.0,0.0,0.0,0.0,0.0,0.0,0.0,0.0,12.0,2.0,3.0,70.0,0.0,17.0,6.0,0.0,7.0,18.0,23.0,38.0,20.0,11.0,5.0,11.0,23.0,77.0,2.0,4.0,2.0,0.0,8.0,5.0,9.0,1.0,5.0,111.0,2.0,2.0,14.0,2.0,4.0,45.0,3.0,3.0,98.0,29.0,144.0,155.0,17.0,8.0,2182.0,4.0,116.0,258.0,53.0,73.0,6.0,43.0,5.0,79.0
2014-12-01,59.0,5.0,13.0,49.0,4.0,43.0,15.0,6.0,2980.0,5.0,4.0,78.0,12.0,12.0,0.0,60.0,156.0,14.0,23.0,89.0,0.0,5.0,3.0,1.0,1.0,15.0,47.0,4.0,12.0,31.0,6.0,1.0,0.0,2.0,1.0,3.0,42.0,1.0,6.0,2.0,2.0,7.0,2.0,1.0,106.0,2.0,5.0,11.0,29.0,5.0,3.0,3.0,21.0,0.0,53.0,8.0,0.0,79.0,21.0,48.0,9.0,149.0,8.0,11.0,0.0,28.0,1.0,0.0,164.0,0.0,5.0,1.0,8.0,0.0,8.0,1.0,0.0,0.0,1.0,4.0,16.0,0.0,4.0,0.0,0.0,2.0,3.0,97.0,3.0,0.0,0.0,1.0,0.0,0.0,2.0,1.0,0.0,14.0,1.0,0.0,10.0,2.0,66.0,1.0,2.0,3.0,375.0,35.0,14.0,2.0,12.0,19.0,11.0,4.0,38.0,280.0,0.0,3.0,4.0,95.0,25.0,22.0,27.0,0.0,5.0,5.0,1.0,0.0,23.0,0.0,11.0,26.0,3.0,2.0,1.0,2.0,1.0,14.0,15.0,0.0,13.0,11.0,7.0,16.0,187.0,4.0,10.0,10.0,6.0,15.0,316.0,3.0,3.0,2.0,1.0,0.0,1.0,5.0,0.0,3.0,2.0,10.0,1.0,2.0,0.0,1.0,3.0,5.0,14.0,0.0,7.0,0.0,3.0,131.0,5.0,0.0,7.0,7.0,89.0,13.0,2.0,0.0,7.0,9.0,26.0,9.0,3.0,38.0,1.0,3.0,21.0,490.0,46.0,0.0,2.0,1.0,30.0,7.0,9.0,223.0,2.0,7.0,9.0,4.0,164.0,16.0,19.0,2.0,0.0,0.0,4.0,5.0,0.0,4.0,1.0,5.0,3.0,89.0,2.0,1.0,1.0,4.0,6.0,24.0,1.0,1.0,1.0,5.0,8.0,4.0,13.0,54.0,0.0,6.0,8.0,18.0,2.0,1.0,1.0,10.0,175.0,1.0,1.0,19.0,0.0,2.0,4.0,7.0,0.0,0.0,93.0,14.0,46.0,28.0,11.0,3.0,2.0,5.0,25.0,0.0,2.0,0.0,2.0,11.0,0.0,2.0,31.0,8.0,28.0,100.0,9.0,21.0,73.0,47.0,13.0,27.0,25.0,38.0,13.0,0.0,2.0,182.0,22.0,0.0,0.0,1.0,1.0,2.0,61.0,3.0,67.0,4.0,5.0,72.0,21.0,17.0,15.0,1.0,69.0,5.0,2.0,3.0,2.0,3.0,0.0,21.0,0.0,0.0,2.0,2.0,0.0,3.0,5.0,0.0,8.0,13.0,22.0,10.0,2.0,4.0,5.0,115.0,83.0,30.0,14.0,3.0,583.0,13.0,9.0,28.0,4.0,27.0,3.0,15.0,4.0,0.0,0.0,1.0,0.0,2.0,30.0,166.0,16.0,8.0,3.0,0.0,1.0,5.0,375.0,74.0,41.0,24.0,229.0,305.0,2.0,2.0,21.0,4.0,3.0,3.0,22.0,165.0,40.0,1.0,60.0,202.0,101.0,25.0,99.0,25.0,1.0,0.0,52.0,11.0,96.0,85.0,11.0,776.0,83.0,444.0,428.0,4.0,70.0,8.0,52.0,4.0,178.0,156.0,19.0,1.0,1.0,1.0,1.0,1.0,261.0,19.0,9.0,2.0,63.0,29.0,0.0,0.0,141.0,4.0,45.0,47.0,11.0,38.0,7.0,166.0,3.0,89.0,110.0,25.0,12.0,1.0,0.0,19.0,30.0,0.0,28.0,5.0,47.0,7.0,0.0,30.0,0.0,2.0,0.0,1.0,0.0,0.0,1.0,10.0,23.0,58.0,1.0,0.0,0.0,0.0,0.0,0.0,1.0,0.0,0.0,0.0,0.0,0.0,7.0,1.0,0.0,0.0,1.0,0.0,0.0,0.0,0.0,0.0,0.0,0.0,0.0,0.0,0.0,3.0,0.0,0.0,1.0,0.0,1.0,0.0,0.0,0.0,0.0,0.0,0.0,0.0,0.0,0.0,0.0,1.0,0.0,0.0,0.0,0.0,0.0,0.0,0.0,0.0,0.0,0.0,0.0,1.0,0.0,0.0,0.0,0.0,3.0,0.0,1.0,0.0,0.0,0.0,0.0,0.0,0.0,1.0,15.0,2.0,22.0,113.0,6.0,20.0,38.0,1.0,8.0,10.0,44.0,40.0,19.0,7.0,10.0,25.0,6.0,132.0,0.0,6.0,6.0,3.0,35.0,7.0,9.0,1.0,3.0,116.0,17.0,1.0,17.0,15.0,1.0,33.0,29.0,11.0,53.0,12.0,181.0,251.0,119.0,14.0,3044.0,6.0,271.0,312.0,92.0,109.0,54.0,39.0,24.0,159.0
2015-01-01,40.0,3.0,17.0,32.0,9.0,18.0,41.0,6.0,2311.0,11.0,4.0,57.0,6.0,14.0,0.0,128.0,76.0,8.0,0.0,134.0,1.0,17.0,1.0,0.0,0.0,75.0,21.0,6.0,3.0,66.0,3.0,27.0,1.0,5.0,0.0,8.0,86.0,21.0,6.0,8.0,2.0,9.0,5.0,3.0,94.0,4.0,3.0,19.0,29.0,19.0,9.0,3.0,154.0,0.0,218.0,45.0,9.0,93.0,20.0,24.0,22.0,170.0,3.0,15.0,12.0,48.0,7.0,0.0,169.0,4.0,44.0,1.0,28.0,4.0,26.0,2.0,3.0,9.0,2.0,9.0,161.0,19.0,1.0,1.0,0.0,3.0,2.0,175.0,3.0,1.0,1.0,2.0,0.0,0.0,1.0,0.0,4.0,15.0,2.0,8.0,15.0,3.0,272.0,0.0,16.0,53.0,320.0,38.0,12.0,2.0,45.0,38.0,40.0,5.0,34.0,535.0,9.0,15.0,17.0,110.0,16.0,28.0,13.0,1.0,2.0,5.0,35.0,0.0,0.0,1.0,20.0,118.0,23.0,13.0,0.0,0.0,12.0,1.0,17.0,25.0,23.0,27.0,50.0,29.0,592.0,7.0,21.0,29.0,9.0,57.0,668.0,11.0,5.0,19.0,7.0,4.0,5.0,9.0,25.0,3.0,4.0,228.0,2.0,0.0,0.0,1.0,5.0,7.0,5.0,1.0,4.0,5.0,1.0,174.0,15.0,3.0,5.0,98.0,127.0,77.0,4.0,12.0,78.0,49.0,78.0,22.0,5.0,145.0,18.0,16.0,11.0,1914.0,47.0,0.0,256.0,8.0,100.0,118.0,6.0,179.0,0.0,6.0,10.0,8.0,175.0,46.0,21.0,1.0,4.0,2.0,3.0,17.0,10.0,69.0,2.0,0.0,8.0,197.0,3.0,4.0,9.0,1.0,5.0,18.0,18.0,47.0,0.0,14.0,9.0,8.0,16.0,58.0,11.0,3.0,29.0,44.0,6.0,1.0,4.0,12.0,128.0,24.0,6.0,241.0,9.0,1.0,6.0,42.0,13.0,1.0,252.0,8.0,136.0,32.0,18.0,4.0,45.0,3.0,36.0,4.0,4.0,0.0,4.0,6.0,4.0,2.0,5.0,8.0,94.0,489.0,47.0,42.0,330.0,69.0,35.0,12.0,9.0,430.0,35.0,5.0,11.0,715.0,15.0,3.0,6.0,5.0,1.0,1.0,37.0,0.0,75.0,6.0,27.0,691.0,35.0,178.0,6.0,4.0,95.0,122.0,32.0,22.0,31.0,9.0,5.0,787.0,2.0,8.0,91.0,2.0,1.0,2.0,5.0,1.0,7.0,63.0,29.0,57.0,5.0,9.0,10.0,128.0,20.0,34.0,200.0,4.0,498.0,33.0,10.0,27.0,3.0,82.0,21.0,50.0,5.0,0.0,5.0,3.0,0.0,4.0,31.0,2228.0,61.0,26.0,3.0,5.0,1.0,7.0,297.0,330.0,394.0,130.0,1072.0,3572.0,9.0,118.0,190.0,18.0,42.0,7.0,153.0,825.0,308.0,18.0,255.0,1642.0,1174.0,566.0,567.0,34.0,7.0,13.0,549.0,280.0,1951.0,1886.0,92.0,3301.0,1217.0,3570.0,3605.0,172.0,472.0,215.0,163.0,124.0,5458.0,2112.0,327.0,8.0,14.0,26.0,2.0,6.0,4042.0,488.0,50.0,2.0,320.0,135.0,17.0,19.0,606.0,23.0,661.0,577.0,35.0,191.0,129.0,1491.0,44.0,170.0,739.0,74.0,18.0,28.0,13.0,57.0,37.0,4.0,30.0,97.0,113.0,57.0,1.0,150.0,11.0,18.0,1.0,3.0,1.0,1.0,1.0,28.0,22.0,27.0,0.0,4.0,0.0,1.0,1.0,0.0,0.0,1.0,0.0,0.0,0.0,0.0,15.0,26.0,0.0,2.0,1.0,2.0,0.0,0.0,2.0,0.0,4.0,0.0,0.0,0.0,4.0,117.0,0.0,1.0,4.0,0.0,2.0,0.0,1.0,1.0,0.0,0.0,0.0,0.0,0.0,0.0,1.0,0.0,4.0,3.0,0.0,0.0,0.0,0.0,1.0,0.0,0.0,0.0,0.0,0.0,0.0,0.0,1.0,0.0,5.0,0.0,2.0,0.0,0.0,0.0,1.0,0.0,0.0,0.0,18.0,16.0,174.0,276.0,71.0,110.0,196.0,7.0,12.0,87.0,621.0,62.0,42.0,18.0,2.0,157.0,25.0,215.0,1.0,10.0,8.0,9.0,10.0,6.0,2.0,2.0,3.0,103.0,5.0,20.0,56.0,30.0,17.0,334.0,73.0,57.0,167.0,27.0,913.0,702.0,140.0,127.0,8734.0,82.0,604.0,845.0,215.0,487.0,24.0,189.0,47.0,364.0
2015-02-01,77.0,8.0,10.0,22.0,9.0,17.0,35.0,18.0,1248.0,6.0,2.0,60.0,6.0,10.0,0.0,56.0,55.0,9.0,1.0,188.0,0.0,30.0,14.0,3.0,7.0,107.0,18.0,1.0,2.0,27.0,1.0,43.0,0.0,9.0,11.0,18.0,142.0,33.0,12.0,2.0,4.0,11.0,7.0,4.0,188.0,15.0,8.0,19.0,56.0,52.0,12.0,5.0,125.0,20.0,254.0,163.0,18.0,71.0,19.0,50.0,33.0,422.0,16.0,14.0,6.0,67.0,19.0,3.0,46.0,25.0,30.0,25.0,22.0,5.0,142.0,15.0,2.0,77.0,17.0,2.0,129.0,27.0,19.0,4.0,0.0,15.0,1.0,323.0,4.0,3.0,2.0,2.0,0.0,1.0,22.0,8.0,10.0,19.0,2.0,6.0,15.0,8.0,60.0,2.0,38.0,331.0,74.0,24.0,36.0,16.0,95.0,64.0,43.0,27.0,12.0,1057.0,54.0,17.0,51.0,135.0,6.0,43.0,19.0,4.0,5.0,32.0,67.0,1.0,0.0,4.0,73.0,185.0,25.0,44.0,3.0,1.0,41.0,9.0,162.0,2.0,37.0,34.0,133.0,41.0,463.0,15.0,168.0,92.0,42.0,293.0,994.0,13.0,17.0,60.0,3.0,8.0,8.0,9.0,7.0,5.0,29.0,89.0,24.0,2.0,3.0,1.0,2.0,76.0,9.0,3.0,24.0,6.0,3.0,258.0,21.0,5.0,4.0,154.0,168.0,95.0,13.0,85.0,92.0,157.0,64.0,25.0,2.0,193.0,85.0,19.0,28.0,3022.0,73.0,2.0,334.0,20.0,109.0,121.0,10.0,173.0,2.0,7.0,13.0,26.0,196.0,29.0,26.0,5.0,4.0,6.0,18.0,9.0,5.0,9.0,8.0,3.0,17.0,291.0,23.0,14.0,5.0,1.0,10.0,31.0,60.0,49.0,5.0,6.0,34.0,11.0,17.0,85.0,18.0,37.0,78.0,145.0,14.0,0.0,10.0,13.0,210.0,103.0,11.0,349.0,2.0,4.0,1.0,34.0,10.0,5.0,1500.0,17.0,591.0,36.0,30.0,20.0,28.0,9.0,23.0,1.0,6.0,1.0,4.0,19.0,5.0,4.0,9.0,3.0,231.0,1326.0,193.0,104.0,401.0,86.0,150.0,23.0,19.0,744.0,43.0,1.0,1.0,1648.0,38.0,3.0,5.0,4.0,4.0,1.0,31.0,0.0,92.0,12.0,34.0,529.0,123.0,581.0,19.0,16.0,190.0,416.0,123.0,137.0,75.0,40.0,20.0,224.0,6.0,48.0,688.0,10.0,2.0,11.0,11.0,7.0,13.0,25.0,126.0,50.0,4.0,21.0,13.0,65.0,17.0,23.0,63.0,5.0,372.0,13.0,6.0,35.0,6.0,29.0,44.0,87.0,5.0,3.0,0.0,2.0,0.0,4.0,14.0,2593.0,99.0,387.0,27.0,3.0,1.0,11.0,411.0,708.0,519.0,236.0,3238.0,5812.0,41.0,292.0,332.0,86.0,163.0,7.0,242.0,1356.0,611.0,136.0,406.0,1187.0,2019.0,1201.0,2245.0,214.0,66.0,118.0,1563.0,1972.0,6169.0,7394.0,414.0,4152.0,3182.0,6170.0,13679.0,1367.0,816.0,428.0,575.0,296.0,8505.0,4959.0,1585.0,74.0,64.0,235.0,32.0,68.0,17596.0,1170.0,281.0,5.0,1125.0,386.0,111.0,35.0,1244.0,143.0,2393.0,2945.0,203.0,1519.0,782.0,8010.0,208.0,730.0,867.0,202.0,38.0,122.0,20.0,301.0,124.0,7.0,132.0,194.0,312.0,94.0,13.0,480.0,67.0,103.0,3.0,8.0,4.0,1.0,4.0,201.0,57.0,105.0,2.0,59.0,1.0,0.0,1.0,1.0,1.0,1.0,1.0,0.0,0.0,0.0,41.0,0.0,0.0,2.0,2.0,1.0,1.0,2.0,5.0,1.0,13.0,0.0,2.0,0.0,6.0,584.0,0.0,0.0,10.0,0.0,2.0,1.0,3.0,0.0,0.0,3.0,0.0,0.0,5.0,2.0,4.0,2.0,4.0,0.0,0.0,0.0,0.0,0.0,0.0,0.0,1.0,0.0,0.0,1.0,0.0,0.0,1.0,0.0,6.0,4.0,0.0,1.0,2.0,0.0,0.0,1.0,0.0,1.0,12.0,10.0,257.0,360.0,68.0,101.0,151.0,34.0,19.0,248.0,1547.0,81.0,43.0,42.0,20.0,166.0,41.0,295.0,5.0,3.0,5.0,16.0,13.0,8.0,9.0,3.0,1.0,191.0,4.0,23.0,51.0,36.0,20.0,440.0,105.0,34.0,368.0,39.0,1101.0,1017.0,115.0,173.0,12336.0,46.0,790.0,1446.0,386.0,921.0,30.0,192.0,181.0,637.0
2015-03-01,52.0,8.0,18.0,34.0,14.0,30.0,101.0,15.0,695.0,2.0,4.0,87.0,9.0,14.0,0.0,40.0,39.0,14.0,0.0,233.0,0.0,46.0,157.0,3.0,1.0,59.0,26.0,1.0,5.0,42.0,3.0,106.0,5.0,36.0,45.0,30.0,305.0,57.0,19.0,27.0,8.0,27.0,7.0,26.0,171.0,24.0,28.0,103.0,136.0,64.0,15.0,12.0,261.0,33.0,424.0,60.0,74.0,124.0,57.0,129.0,50.0,933.0,19.0,60.0,31.0,339.0,95.0,18.0,160.0,68.0,24.0,286.0,139.0,58.0,243.0,67.0,8.0,144.0,14.0,9.0,144.0,64.0,191.0,40.0,9.0,52.0,13.0,1424.0,15.0,5.0,12.0,4.0,5.0,15.0,47.0,49.0,19.0,92.0,5.0,37.0,45.0,49.0,18.0,47.0,90.0,334.0,160.0,141.0,180.0,33.0,115.0,163.0,122.0,59.0,40.0,2888.0,154.0,63.0,143.0,131.0,83.0,92.0,68.0,7.0,2.0,93.0,58.0,3.0,2.0,7.0,136.0,662.0,50.0,318.0,52.0,19.0,128.0,16.0,160.0,33.0,50.0,118.0,142.0,213.0,671.0,95.0,480.0,407.0,146.0,521.0,2300.0,100.0,91.0,51.0,37.0,18.0,27.0,84.0,79.0,18.0,88.0,586.0,43.0,3.0,36.0,26.0,60.0,224.0,37.0,12.0,76.0,13.0,3.0,749.0,61.0,31.0,47.0,690.0,199.0,281.0,141.0,311.0,696.0,1215.0,437.0,80.0,30.0,1613.0,467.0,137.0,286.0,9251.0,254.0,9.0,506.0,58.0,179.0,37.0,51.0,355.0,2.0,24.0,36.0,57.0,320.0,55.0,32.0,34.0,15.0,31.0,107.0,8.0,18.0,13.0,29.0,2.0,17.0,547.0,81.0,30.0,26.0,9.0,22.0,53.0,107.0,113.0,19.0,68.0,39.0,217.0,198.0,237.0,418.0,113.0,192.0,380.0,21.0,12.0,15.0,45.0,1270.0,224.0,22.0,729.0,8.0,7.0,3.0,160.0,21.0,66.0,5263.0,63.0,984.0,123.0,78.0,141.0,36.0,31.0,124.0,0.0,21.0,27.0,14.0,47.0,19.0,10.0,72.0,8.0,456.0,3364.0,714.0,309.0,570.0,237.0,400.0,81.0,65.0,1181.0,169.0,51.0,38.0,7820.0,90.0,20.0,17.0,25.0,9.0,84.0,46.0,3.0,156.0,33.0,100.0,314.0,913.0,2043.0,55.0,65.0,450.0,888.0,590.0,934.0,279.0,225.0,324.0,236.0,17.0,346.0,1764.0,40.0,25.0,142.0,22.0,26.0,72.0,89.0,448.0,146.0,9.0,23.0,23.0,122.0,86.0,62.0,14.0,112.0,748.0,19.0,16.0,107.0,20.0,106.0,159.0,181.0,23.0,70.0,5.0,17.0,0.0,17.0,87.0,5044.0,471.0,2203.0,477.0,194.0,1.0,26.0,1271.0,1814.0,757.0,291.0,6717.0,2913.0,110.0,625.0,401.0,303.0,382.0,34.0,793.0,2981.0,1639.0,346.0,778.0,819.0,1806.0,1566.0,4746.0,745.0,189.0,720.0,4072.0,4624.0,8219.0,10492.0,2048.0,2732.0,4716.0,6947.0,42374.0,3896.0,904.0,1583.0,1921.0,1016.0,5874.0,5986.0,2952.0,309.0,301.0,655.0,71.0,221.0,28651.0,2624.0,1125.0,8.0,5765.0,1927.0,322.0,88.0,5325.0,932.0,3561.0,10001.0,1056.0,8074.0,3197.0,30138.0,1331.0,4212.0,1133.0,911.0,244.0,254.0,100.0,1318.0,1005.0,74.0,504.0,287.0,948.0,420.0,49.0,662.0,577.0,490.0,3.0,44.0,3.0,4.0,3.0,1526.0,196.0,585.0,7.0,990.0,13.0,3.0,35.0,0.0,3.0,0.0,0.0,1.0,2.0,0.0,66.0,2.0,2.0,4.0,8.0,3.0,2.0,5.0,2.0,0.0,18.0,4.0,2.0,2.0,15.0,1292.0,1.0,3.0,13.0,0.0,10.0,1.0,0.0,1.0,2.0,93.0,2.0,0.0,206.0,58.0,49.0,7.0,12.0,5.0,0.0,1.0,0.0,0.0,9.0,3.0,1.0,0.0,1.0,2.0,1.0,3.0,1.0,2.0,26.0,0.0,0.0,2.0,0.0,0.0,0.0,2.0,0.0,0.0,32.0,32.0,464.0,1271.0,191.0,262.0,315.0,212.0,25.0,1173.0,1108.0,117.0,64.0,136.0,40.0,94.0,111.0,411.0,12.0,21.0,51.0,54.0,15.0,26.0,31.0,4.0,12.0,558.0,30.0,51.0,84.0,68.0,45.0,278.0,248.0,77.0,372.0,45.0,1301.0,1455.0,134.0,245.0,21499.0,44.0,876.0,2657.0,537.0,1608.0,87.0,233.0,206.0,1194.0
2015-04-01,50.0,9.0,12.0,26.0,8.0,27.0,90.0,51.0,191.0,2.0,0.0,62.0,13.0,31.0,0.0,16.0,36.0,17.0,1.0,139.0,0.0,37.0,206.0,3.0,5.0,26.0,31.0,2.0,6.0,72.0,8.0,110.0,9.0,17.0,17.0,21.0,282.0,15.0,10.0,48.0,4.0,11.0,20.0,28.0,137.0,19.0,65.0,48.0,90.0,41.0,19.0,28.0,57.0,7.0,358.0,18.0,40.0,182.0,45.0,96.0,67.0,754.0,9.0,99.0,21.0,698.0,19.0,5.0,61.0,26.0,16.0,178.0,80.0,63.0,168.0,96.0,24.0,41.0,6.0,3.0,54.0,47.0,132.0,37.0,7.0,142.0,33.0,1461.0,42.0,29.0,17.0,14.0,8.0,9.0,60.0,76.0,13.0,266.0,15.0,94.0,123.0,92.0,67.0,146.0,183.0,240.0,181.0,182.0,162.0,63.0,144.0,185.0,172.0,90.0,101.0,5406.0,150.0,220.0,255.0,236.0,217.0,130.0,184.0,9.0,9.0,231.0,67.0,33.0,25.0,21.0,303.0,1175.0,228.0,581.0,195.0,17.0,97.0,18.0,71.0,95.0,79.0,116.0,40.0,503.0,367.0,44.0,414.0,408.0,89.0,391.0,2801.0,136.0,141.0,151.0,144.0,37.0,141.0,66.0,262.0,14.0,134.0,289.0,50.0,63.0,116.0,21.0,133.0,252.0,71.0,37.0,85.0,52.0,25.0,1427.0,213.0,63.0,82.0,997.0,43.0,336.0,192.0,195.0,1665.0,1057.0,1319.0,136.0,135.0,2166.0,621.0,495.0,536.0,11910.0,625.0,40.0,425.0,60.0,82.0,32.0,151.0,925.0,6.0,29.0,102.0,83.0,488.0,211.0,36.0,26.0,75.0,37.0,105.0,7.0,26.0,12.0,35.0,7.0,11.0,431.0,55.0,66.0,208.0,12.0,104.0,102.0,144.0,327.0,105.0,74.0,60.0,179.0,370.0,392.0,84.0,242.0,99.0,612.0,56.0,14.0,36.0,100.0,1401.0,258.0,39.0,685.0,19.0,39.0,16.0,444.0,74.0,109.0,3408.0,113.0,2653.0,319.0,180.0,269.0,125.0,63.0,336.0,3.0,74.0,74.0,35.0,177.0,33.0,22.0,127.0,24.0,913.0,5743.0,1182.0,675.0,659.0,412.0,790.0,315.0,174.0,1360.0,727.0,125.0,103.0,22006.0,257.0,103.0,20.0,51.0,15.0,62.0,96.0,10.0,208.0,10.0,83.0,297.0,2235.0,2592.0,112.0,232.0,580.0,864.0,1293.0,2471.0,638.0,424.0,466.0,631.0,60.0,1121.0,2555.0,151.0,32.0,147.0,23.0,79.0,329.0,331.0,2093.0,244.0,21.0,55.0,52.0,150.0,166.0,184.0,25.0,76.0,1421.0,78.0,23.0,229.0,72.0,200.0,151.0,340.0,82.0,189.0,8.0,35.0,0.0,95.0,332.0,4875.0,473.0,2974.0,570.0,449.0,5.0,172.0,3974.0,2162.0,711.0,521.0,9720.0,1052.0,124.0,385.0,262.0,541.0,772.0,56.0,719.0,3377.0,2398.0,519.0,1193.0,712.0,2445.0,945.0,3920.0,720.0,176.0,794.0,1761.0,2954.0,5101.0,5156.0,2507.0,1361.0,4469.0,2925.0,38351.0,1939.0,801.0,1537.0,2452.0,1088.0,1503.0,3053.0,2454.0,170.0,251.0,720.0,71.0,124.0,15862.0,2583.0,1250.0,16.0,9029.0,3241.0,121.0,58.0,4745.0,893.0,1600.0,6362.0,1329.0,12018.0,3773.0,17651.0,1841.0,4604.0,996.0,1219.0,462.0,358.0,153.0,1142.0,634.0,202.0,994.0,419.0,1739.0,340.0,93.0,265.0,1072.0,727.0,2.0,125.0,18.0,18.0,7.0,1831.0,266.0,1142.0,19.0,554.0,33.0,1.0,90.0,2.0,0.0,3.0,1.0,0.0,17.0,0.0,100.0,3.0,0.0,7.0,28.0,1.0,2.0,3.0,2.0,1.0,25.0,0.0,3.0,3.0,20.0,1204.0,2.0,5.0,38.0,0.0,9.0,2.0,2.0,7.0,11.0,112.0,3.0,1.0,69.0,225.0,176.0,12.0,9.0,7.0,0.0,0.0,1.0,0.0,16.0,0.0,1.0,1.0,4.0,2.0,0.0,4.0,3.0,0.0,48.0,7.0,1.0,1.0,2.0,0.0,0.0,1.0,0.0,5.0,36.0,28.0,383.0,1340.0,424.0,406.0,542.0,352.0,40.0,1844.0,786.0,130.0,82.0,215.0,285.0,60.0,245.0,442.0,22.0,34.0,115.0,123.0,13.0,27.0,37.0,3.0,16.0,706.0,59.0,136.0,58.0,111.0,110.0,150.0,276.0,74.0,422.0,78.0,1790.0,2052.0,136.0,385.0,17036.0,90.0,1349.0,3192.0,638.0,2633.0,148.0,354.0,276.0,2593.0
2015-05-01,37.0,3.0,1.0,15.0,5.0,27.0,54.0,48.0,108.0,0.0,1.0,73.0,15.0,70.0,0.0,12.0,16.0,14.0,0.0,152.0,1.0,9.0,75.0,3.0,11.0,8.0,19.0,4.0,38.0,28.0,17.0,81.0,1.0,24.0,20.0,15.0,259.0,15.0,3.0,27.0,11.0,17.0,12.0,23.0,110.0,29.0,52.0,20.0,113.0,25.0,33.0,19.0,33.0,2.0,242.0,24.0,34.0,179.0,49.0,109.0,60.0,645.0,14.0,125.0,41.0,482.0,9.0,5.0,23.0,4.0,17.0,120.0,40.0,13.0,46.0,20.0,6.0,16.0,6.0,1.0,6.0,11.0,39.0,13.0,0.0,44.0,144.0,1028.0,37.0,11.0,15.0,9.0,8.0,11.0,13.0,24.0,18.0,136.0,14.0,92.0,96.0,152.0,39.0,337.0,437.0,359.0,143.0,182.0,198.0,106.0,69.0,126.0,221.0,174.0,148.0,11594.0,202.0,262.0,251.0,90.0,302.0,65.0,220.0,39.0,5.0,201.0,69.0,27.0,22.0,31.0,245.0,646.0,389.0,286.0,135.0,2.0,121.0,15.0,36.0,55.0,57.0,61.0,54.0,242.0,229.0,17.0,126.0,234.0,87.0,123.0,1068.0,49.0,152.0,627.0,252.0,214.0,105.0,64.0,261.0,127.0,112.0,132.0,74.0,164.0,50.0,81.0,180.0,134.0,174.0,319.0,4.0,73.0,191.0,2125.0,385.0,61.0,253.0,783.0,18.0,572.0,146.0,179.0,983.0,524.0,580.0,332.0,297.0,2161.0,268.0,563.0,534.0,5876.0,680.0,69.0,293.0,124.0,97.0,35.0,240.0,1530.0,3.0,52.0,103.0,161.0,783.0,125.0,120.0,10.0,9.0,18.0,55.0,4.0,16.0,9.0,16.0,2.0,11.0,271.0,22.0,25.0,671.0,35.0,122.0,162.0,80.0,643.0,348.0,68.0,45.0,331.0,291.0,813.0,27.0,331.0,49.0,788.0,19.0,28.0,36.0,197.0,1588.0,167.0,45.0,136.0,11.0,57.0,46.0,165.0,48.0,40.0,1085.0,169.0,1854.0,351.0,201.0,207.0,49.0,107.0,627.0,1.0,91.0,56.0,25.0,267.0,33.0,41.0,147.0,32.0,608.0,5850.0,1070.0,721.0,384.0,432.0,637.0,303.0,164.0,777.0,609.0,217.0,163.0,20996.0,200.0,142.0,39.0,50.0,34.0,41.0,213.0,40.0,241.0,21.0,63.0,236.0,1898.0,1498.0,80.0,289.0,438.0,634.0,907.0,1323.0,329.0,185.0,233.0,307.0,25.0,657.0,1449.0,108.0,29.0,70.0,15.0,56.0,408.0,502.0,1791.0,281.0,17.0,113.0,85.0,91.0,406.0,220.0,31.0,26.0,2606.0,129.0,17.0,378.0,60.0,693.0,277.0,497.0,233.0,80.0,9.0,48.0,2.0,218.0,564.0,3163.0,266.0,2094.0,231.0,177.0,3.0,138.0,6116.0,1446.0,529.0,432.0,7157.0,606.0,115.0,232.0,113.0,376.0,673.0,56.0,295.0,1410.0,2245.0,199.0,1287.0,475.0,1434.0,267.0,1660.0,214.0,42.0,407.0,1238.0,424.0,1288.0,1537.0,1185.0,463.0,2025.0,1057.0,14194.0,538.0,317.0,530.0,1404.0,496.0,468.0,595.0,928.0,52.0,111.0,315.0,16.0,33.0,2807.0,794.0,499.0,16.0,5921.0,1601.0,27.0,23.0,2007.0,276.0,282.0,1883.0,740.0,5178.0,1507.0,6491.0,880.0,2428.0,305.0,458.0,164.0,145.0,67.0,306.0,243.0,50.0,629.0,183.0,1268.0,78.0,69.0,179.0,469.0,204.0,0.0,39.0,7.0,0.0,2.0,511.0,198.0,811.0,19.0,79.0,13.0,3.0,58.0,1.0,1.0,1.0,2.0,0.0,5.0,0.0,49.0,5.0,1.0,7.0,15.0,0.0,1.0,2.0,3.0,0.0,12.0,1.0,2.0,2.0,8.0,534.0,0.0,1.0,14.0,0.0,9.0,2.0,1.0,6.0,6.0,19.0,2.0,0.0,11.0,54.0,68.0,8.0,9.0,4.0,1.0,0.0,0.0,0.0,4.0,1.0,2.0,0.0,0.0,0.0,1.0,1.0,3.0,1.0,36.0,8.0,1.0,0.0,0.0,2.0,0.0,1.0,0.0,1.0,26.0,35.0,208.0,564.0,453.0,152.0,412.0,196.0,55.0,913.0,418.0,230.0,128.0,195.0,346.0,23.0,277.0,423.0,41.0,40.0,156.0,61.0,23.0,61.0,37.0,6.0,18.0,816.0,57.0,219.0,72.0,197.0,117.0,109.0,255.0,68.0,393.0,71.0,1693.0,2180.0,91.0,424.0,20099.0,285.0,1651.0,2946.0,583.0,2333.0,216.0,346.0,305.0,2697.0
2015-06-01,37.0,3.0,2.0,8.0,2.0,3.0,42.0,25.0,100.0,2.0,1.0,37.0,4.0,45.0,0.0,8.0,10.0,11.0,1.0,119.0,3.0,7.0,33.0,3.0,17.0,4.0,54.0,4.0,66.0,21.0,10.0,24.0,2.0,33.0,11.0,3.0,217.0,10.0,9.0,22.0,5.0,11.0,12.0,16.0,53.0,23.0,12.0,9.0,63.0,10.0,12.0,5.0,10.0,3.0,170.0,4.0,24.0,110.0,34.0,53.0,23.0,456.0,7.0,33.0,17.0,279.0,9.0,4.0,15.0,5.0,8.0,26.0,19.0,13.0,8.0,6.0,7.0,14.0,0.0,1.0,2.0,2.0,12.0,6.0,2.0,12.0,91.0,294.0,29.0,5.0,9.0,4.0,0.0,1.0,10.0,30.0,15.0,43.0,5.0,59.0,128.0,296.0,64.0,254.0,541.0,588.0,70.0,159.0,88.0,48.0,39.0,92.0,147.0,171.0,131.0,6631.0,61.0,259.0,227.0,51.0,204.0,49.0,255.0,171.0,1.0,125.0,161.0,36.0,17.0,28.0,162.0,445.0,381.0,101.0,10.0,0.0,41.0,12.0,14.0,13.0,9.0,26.0,10.0,18.0,27.0,3.0,15.0,31.0,4.0,42.0,526.0,16.0,80.0,280.0,95.0,36.0,21.0,36.0,165.0,34.0,143.0,33.0,41.0,60.0,4.0,29.0,85.0,40.0,117.0,98.0,3.0,15.0,33.0,1195.0,198.0,25.0,146.0,405.0,5.0,292.0,38.0,61.0,306.0,121.0,111.0,322.0,78.0,621.0,63.0,206.0,224.0,2416.0,411.0,29.0,94.0,58.0,72.0,28.0,162.0,1136.0,11.0,41.0,46.0,86.0,1079.0,37.0,92.0,7.0,1.0,10.0,12.0,4.0,6.0,3.0,1.0,1.0,9.0,74.0,3.0,12.0,255.0,35.0,75.0,139.0,53.0,151.0,208.0,60.0,40.0,293.0,156.0,612.0,9.0,98.0,14.0,629.0,14.0,0.0,30.0,212.0,1020.0,77.0,43.0,75.0,6.0,55.0,17.0,66.0,16.0,9.0,310.0,135.0,424.0,208.0,140.0,140.0,2.0,88.0,422.0,0.0,78.0,7.0,9.0,99.0,21.0,49.0,116.0,20.0,236.0,1657.0,400.0,195.0,222.0,172.0,214.0,99.0,82.0,202.0,206.0,45.0,69.0,5564.0,71.0,59.0,18.0,15.0,4.0,10.0,165.0,14.0,138.0,6.0,49.0,54.0,440.0,296.0,10.0,25.0,128.0,116.0,164.0,109.0,23.0,23.0,28.0,20.0,7.0,73.0,177.0,27.0,11.0,47.0,7.0,10.0,156.0,377.0,421.0,107.0,6.0,70.0,93.0,59.0,304.0,245.0,18.0,13.0,1992.0,189.0,30.0,496.0,115.0,505.0,130.0,615.0,260.0,113.0,2.0,15.0,1.0,242.0,388.0,733.0,81.0,659.0,29.0,82.0,4.0,59.0,3530.0,402.0,263.0,152.0,2548.0,196.0,63.0,101.0,24.0,131.0,213.0,37.0,106.0,206.0,819.0,70.0,258.0,141.0,444.0,24.0,370.0,35.0,5.0,37.0,412.0,90.0,155.0,271.0,191.0,45.0,331.0,165.0,2252.0,54.0,74.0,169.0,571.0,227.0,188.0,73.0,83.0,11.0,20.0,43.0,0.0,4.0,352.0,111.0,70.0,2.0,1148.0,291.0,10.0,3.0,564.0,109.0,52.0,236.0,58.0,624.0,193.0,1051.0,165.0,711.0,119.0,102.0,37.0,36.0,39.0,139.0,71.0,20.0,178.0,36.0,409.0,18.0,13.0,90.0,128.0,43.0,1.0,2.0,0.0,1.0,0.0,137.0,66.0,245.0,6.0,23.0,6.0,0.0,10.0,0.0,1.0,0.0,0.0,2.0,1.0,0.0,24.0,18.0,0.0,4.0,3.0,0.0,2.0,0.0,1.0,0.0,4.0,0.0,0.0,0.0,5.0,87.0,0.0,0.0,12.0,0.0,4.0,3.0,1.0,1.0,1.0,6.0,0.0,0.0,2.0,6.0,5.0,2.0,1.0,0.0,0.0,0.0,0.0,0.0,2.0,0.0,1.0,0.0,2.0,1.0,0.0,2.0,0.0,0.0,8.0,3.0,1.0,0.0,0.0,0.0,0.0,0.0,0.0,0.0,20.0,17.0,80.0,223.0,176.0,36.0,146.0,64.0,35.0,395.0,124.0,49.0,58.0,148.0,219.0,9.0,244.0,296.0,9.0,13.0,113.0,15.0,9.0,46.0,60.0,1.0,2.0,411.0,33.0,108.0,27.0,90.0,42.0,52.0,105.0,20.0,163.0,40.0,707.0,1154.0,38.0,207.0,9658.0,170.0,826.0,1175.0,203.0,786.0,99.0,150.0,96.0,1329.0
2015-07-01,23.0,0.0,5.0,5.0,3.0,12.0,18.0,2.0,50.0,1.0,1.0,15.0,1.0,9.0,0.0,6.0,7.0,17.0,0.0,121.0,0.0,3.0,22.0,0.0,37.0,2.0,81.0,7.0,38.0,28.0,1.0,35.0,4.0,9.0,31.0,31.0,134.0,9.0,8.0,20.0,10.0,20.0,6.0,18.0,37.0,7.0,10.0,3.0,30.0,24.0,4.0,2.0,5.0,1.0,135.0,5.0,12.0,66.0,19.0,34.0,2.0,247.0,3.0,7.0,26.0,132.0,6.0,2.0,3.0,4.0,6.0,2.0,10.0,0.0,2.0,1.0,9.0,1.0,0.0,0.0,2.0,1.0,11.0,0.0,0.0,7.0,30.0,125.0,14.0,0.0,3.0,0.0,0.0,1.0,2.0,20.0,3.0,12.0,5.0,6.0,174.0,160.0,46.0,168.0,447.0,205.0,24.0,103.0,54.0,25.0,12.0,52.0,76.0,106.0,72.0,2628.0,22.0,89.0,64.0,29.0,101.0,28.0,185.0,64.0,3.0,64.0,239.0,13.0,15.0,26.0,32.0,148.0,181.0,29.0,0.0,0.0,20.0,3.0,39.0,0.0,1.0,8.0,4.0,30.0,13.0,1.0,6.0,28.0,5.0,33.0,259.0,5.0,21.0,157.0,42.0,10.0,13.0,41.0,50.0,6.0,86.0,35.0,25.0,38.0,1.0,21.0,87.0,34.0,113.0,14.0,3.0,16.0,78.0,697.0,225.0,9.0,26.0,128.0,3.0,140.0,11.0,47.0,95.0,25.0,32.0,205.0,45.0,314.0,16.0,106.0,159.0,1173.0,139.0,19.0,36.0,36.0,56.0,13.0,77.0,906.0,9.0,49.0,34.0,55.0,987.0,55.0,131.0,3.0,1.0,2.0,3.0,7.0,4.0,16.0,1.0,0.0,7.0,68.0,8.0,12.0,81.0,31.0,31.0,92.0,75.0,36.0,59.0,89.0,77.0,272.0,267.0,658.0,7.0,118.0,99.0,410.0,39.0,14.0,19.0,211.0,1330.0,52.0,16.0,101.0,9.0,47.0,20.0,33.0,19.0,27.0,251.0,104.0,119.0,35.0,66.0,29.0,1.0,9.0,131.0,0.0,38.0,0.0,12.0,30.0,9.0,18.0,101.0,7.0,98.0,357.0,55.0,24.0,66.0,53.0,49.0,26.0,35.0,36.0,39.0,10.0,6.0,1020.0,26.0,21.0,6.0,2.0,2.0,2.0,90.0,24.0,81.0,4.0,45.0,6.0,91.0,15.0,4.0,3.0,33.0,9.0,7.0,24.0,5.0,6.0,4.0,2.0,0.0,7.0,26.0,6.0,5.0,47.0,2.0,1.0,65.0,207.0,71.0,57.0,13.0,42.0,70.0,31.0,248.0,241.0,6.0,7.0,1522.0,177.0,11.0,374.0,91.0,453.0,57.0,799.0,138.0,7.0,0.0,2.0,0.0,185.0,200.0,122.0,9.0,101.0,6.0,6.0,2.0,50.0,1470.0,117.0,113.0,78.0,681.0,32.0,11.0,35.0,11.0,44.0,70.0,11.0,39.0,69.0,250.0,14.0,88.0,33.0,84.0,3.0,53.0,11.0,0.0,4.0,123.0,39.0,9.0,32.0,41.0,9.0,40.0,33.0,289.0,3.0,25.0,97.0,141.0,33.0,16.0,22.0,12.0,4.0,0.0,5.0,0.0,2.0,56.0,17.0,20.0,0.0,108.0,38.0,1.0,6.0,44.0,13.0,8.0,42.0,20.0,69.0,22.0,409.0,24.0,165.0,15.0,22.0,7.0,11.0,7.0,40.0,19.0,7.0,52.0,10.0,78.0,0.0,0.0,14.0,39.0,8.0,0.0,1.0,0.0,0.0,0.0,28.0,36.0,66.0,3.0,4.0,0.0,0.0,2.0,0.0,2.0,0.0,0.0,0.0,0.0,0.0,10.0,20.0,0.0,0.0,1.0,0.0,2.0,0.0,0.0,0.0,6.0,0.0,0.0,0.0,1.0,7.0,0.0,0.0,7.0,0.0,2.0,2.0,1.0,0.0,0.0,1.0,1.0,0.0,0.0,0.0,1.0,0.0,1.0,0.0,1.0,0.0,0.0,1.0,0.0,1.0,0.0,0.0,0.0,0.0,0.0,1.0,1.0,0.0,4.0,0.0,0.0,1.0,0.0,0.0,0.0,0.0,0.0,0.0,7.0,5.0,28.0,131.0,48.0,13.0,45.0,18.0,28.0,105.0,32.0,55.0,23.0,57.0,74.0,4.0,102.0,144.0,14.0,3.0,38.0,18.0,6.0,36.0,79.0,3.0,6.0,303.0,17.0,35.0,4.0,34.0,11.0,16.0,29.0,2.0,50.0,6.0,178.0,293.0,10.0,120.0,2988.0,44.0,293.0,432.0,78.0,188.0,12.0,37.0,38.0,301.0
2015-08-01,6.0,0.0,1.0,1.0,1.0,21.0,20.0,6.0,29.0,1.0,1.0,8.0,4.0,16.0,1.0,2.0,14.0,3.0,0.0,97.0,3.0,2.0,32.0,0.0,10.0,0.0,109.0,19.0,50.0,10.0,6.0,75.0,1.0,5.0,38.0,18.0,165.0,26.0,14.0,22.0,17.0,22.0,13.0,17.0,23.0,25.0,4.0,8.0,33.0,13.0,6.0,0.0,3.0,1.0,142.0,0.0,5.0,55.0,19.0,11.0,7.0,170.0,2.0,10.0,25.0,96.0,2.0,0.0,6.0,8.0,12.0,3.0,10.0,1.0,0.0,0.0,1.0,2.0,1.0,0.0,1.0,2.0,5.0,0.0,0.0,4.0,7.0,97.0,17.0,0.0,1.0,2.0,0.0,1.0,0.0,2.0,0.0,8.0,1.0,2.0,141.0,138.0,15.0,66.0,307.0,84.0,15.0,84.0,31.0,9.0,6.0,14.0,49.0,58.0,49.0,1248.0,12.0,85.0,21.0,27.0,168.0,14.0,265.0,91.0,2.0,48.0,27.0,8.0,7.0,18.0,18.0,40.0,59.0,28.0,2.0,0.0,3.0,3.0,3.0,0.0,4.0,3.0,0.0,33.0,10.0,0.0,4.0,14.0,0.0,13.0,157.0,4.0,12.0,107.0,17.0,3.0,8.0,14.0,22.0,2.0,21.0,19.0,7.0,12.0,3.0,2.0,52.0,41.0,37.0,15.0,4.0,8.0,36.0,287.0,67.0,3.0,13.0,45.0,7.0,40.0,6.0,337.0,59.0,15.0,24.0,621.0,16.0,149.0,5.0,62.0,39.0,991.0,55.0,4.0,78.0,13.0,30.0,238.0,38.0,550.0,10.0,17.0,21.0,4.0,383.0,41.0,75.0,2.0,0.0,2.0,0.0,74.0,2.0,12.0,1.0,4.0,428.0,75.0,24.0,1.0,85.0,5.0,7.0,65.0,175.0,6.0,13.0,71.0,17.0,178.0,201.0,194.0,24.0,89.0,118.0,235.0,29.0,2.0,7.0,56.0,995.0,13.0,12.0,49.0,6.0,7.0,17.0,6.0,14.0,15.0,130.0,87.0,44.0,17.0,33.0,18.0,0.0,5.0,52.0,0.0,17.0,0.0,4.0,26.0,3.0,3.0,68.0,6.0,31.0,105.0,12.0,14.0,34.0,20.0,37.0,10.0,25.0,12.0,24.0,1.0,0.0,215.0,16.0,3.0,3.0,0.0,1.0,1.0,62.0,6.0,50.0,2.0,34.0,1.0,18.0,5.0,1.0,2.0,22.0,7.0,1.0,8.0,0.0,0.0,2.0,2.0,1.0,1.0,5.0,2.0,1.0,14.0,4.0,3.0,42.0,96.0,27.0,28.0,26.0,45.0,51.0,22.0,172.0,257.0,2.0,9.0,1570.0,112.0,6.0,388.0,35.0,349.0,37.0,660.0,97.0,4.0,0.0,5.0,0.0,145.0,166.0,46.0,2.0,56.0,2.0,5.0,1.0,16.0,964.0,70.0,42.0,27.0,393.0,14.0,8.0,20.0,6.0,34.0,63.0,5.0,16.0,57.0,176.0,7.0,70.0,18.0,59.0,2.0,22.0,5.0,2.0,1.0,61.0,25.0,3.0,22.0,14.0,8.0,7.0,15.0,125.0,3.0,10.0,97.0,113.0,23.0,27.0,9.0,8.0,0.0,2.0,5.0,1.0,1.0,22.0,5.0,5.0,3.0,33.0,13.0,0.0,1.0,30.0,7.0,5.0,23.0,9.0,32.0,7.0,174.0,5.0,107.0,17.0,5.0,4.0,3.0,2.0,39.0,43.0,2.0,40.0,8.0,46.0,2.0,0.0,22.0,11.0,0.0,0.0,1.0,1.0,2.0,0.0,7.0,31.0,35.0,2.0,3.0,1.0,0.0,0.0,0.0,2.0,1.0,0.0,0.0,0.0,0.0,6.0,29.0,0.0,0.0,0.0,0.0,0.0,0.0,0.0,0.0,3.0,0.0,0.0,0.0,1.0,7.0,0.0,1.0,5.0,0.0,2.0,0.0,1.0,0.0,0.0,1.0,0.0,0.0,0.0,1.0,0.0,1.0,4.0,0.0,0.0,0.0,0.0,0.0,0.0,0.0,0.0,0.0,0.0,1.0,0.0,0.0,0.0,0.0,6.0,1.0,0.0,0.0,0.0,0.0,2.0,0.0,0.0,2.0,12.0,10.0,35.0,140.0,20.0,6.0,45.0,5.0,22.0,86.0,15.0,30.0,5.0,35.0,25.0,5.0,37.0,101.0,10.0,7.0,36.0,6.0,13.0,12.0,125.0,1.0,1.0,495.0,16.0,21.0,2.0,22.0,4.0,5.0,6.0,1.0,9.0,7.0,53.0,159.0,2.0,48.0,1759.0,38.0,103.0,207.0,19.0,66.0,9.0,25.0,25.0,164.0
2015-09-01,4.0,1.0,0.0,3.0,4.0,44.0,17.0,2.0,28.0,0.0,1.0,20.0,3.0,8.0,0.0,9.0,6.0,0.0,1.0,106.0,6.0,1.0,36.0,0.0,6.0,2.0,67.0,22.0,31.0,6.0,1.0,71.0,0.0,6.0,17.0,15.0,179.0,42.0,10.0,14.0,9.0,5.0,35.0,12.0,38.0,14.0,2.0,2.0,8.0,2.0,1.0,0.0,12.0,1.0,109.0,0.0,2.0,28.0,9.0,10.0,0.0,88.0,2.0,3.0,17.0,107.0,0.0,0.0,0.0,6.0,8.0,1.0,8.0,0.0,1.0,2.0,0.0,3.0,0.0,0.0,1.0,1.0,1.0,1.0,0.0,2.0,3.0,68.0,11.0,0.0,0.0,0.0,0.0,0.0,2.0,4.0,1.0,0.0,0.0,0.0,76.0,72.0,4.0,18.0,101.0,19.0,9.0,24.0,4.0,5.0,4.0,8.0,13.0,15.0,19.0,431.0,6.0,63.0,11.0,10.0,127.0,32.0,238.0,15.0,4.0,13.0,5.0,5.0,6.0,20.0,13.0,4.0,49.0,18.0,3.0,1.0,4.0,6.0,4.0,0.0,6.0,1.0,0.0,22.0,7.0,2.0,6.0,7.0,0.0,5.0,112.0,5.0,1.0,34.0,6.0,4.0,2.0,10.0,15.0,1.0,12.0,16.0,5.0,2.0,2.0,1.0,35.0,16.0,16.0,1.0,0.0,2.0,12.0,181.0,43.0,1.0,6.0,31.0,120.0,19.0,7.0,1209.0,118.0,36.0,22.0,734.0,8.0,192.0,2.0,22.0,38.0,1152.0,23.0,1.0,573.0,10.0,68.0,56.0,211.0,459.0,5.0,14.0,12.0,0.0,192.0,17.0,51.0,8.0,4.0,2.0,7.0,761.0,1.0,8.0,12.0,2.0,353.0,152.0,98.0,3.0,52.0,3.0,11.0,33.0,295.0,6.0,12.0,35.0,6.0,131.0,212.0,62.0,68.0,57.0,40.0,96.0,8.0,9.0,3.0,30.0,759.0,6.0,5.0,67.0,4.0,6.0,16.0,11.0,6.0,22.0,133.0,27.0,42.0,22.0,29.0,2.0,0.0,4.0,28.0,0.0,16.0,0.0,2.0,20.0,2.0,1.0,53.0,6.0,32.0,71.0,11.0,17.0,26.0,5.0,24.0,12.0,26.0,6.0,20.0,1.0,6.0,179.0,11.0,3.0,4.0,2.0,2.0,0.0,49.0,22.0,37.0,2.0,66.0,3.0,31.0,3.0,0.0,0.0,16.0,3.0,13.0,7.0,0.0,4.0,1.0,1.0,0.0,1.0,5.0,0.0,3.0,1.0,5.0,7.0,20.0,54.0,18.0,26.0,9.0,68.0,78.0,6.0,142.0,434.0,2.0,11.0,1262.0,59.0,8.0,381.0,26.0,263.0,14.0,456.0,55.0,6.0,1.0,4.0,0.0,51.0,134.0,34.0,1.0,16.0,2.0,0.0,0.0,15.0,488.0,91.0,23.0,24.0,165.0,12.0,5.0,6.0,6.0,8.0,100.0,10.0,4.0,35.0,113.0,9.0,102.0,21.0,35.0,2.0,10.0,5.0,0.0,0.0,39.0,57.0,6.0,12.0,10.0,12.0,19.0,21.0,137.0,9.0,2.0,26.0,45.0,12.0,28.0,10.0,8.0,0.0,2.0,0.0,0.0,1.0,18.0,6.0,7.0,1.0,41.0,14.0,0.0,6.0,21.0,9.0,10.0,26.0,5.0,19.0,12.0,122.0,8.0,58.0,17.0,1.0,1.0,2.0,1.0,44.0,25.0,4.0,16.0,4.0,47.0,0.0,0.0,10.0,9.0,2.0,1.0,2.0,5.0,1.0,0.0,8.0,14.0,12.0,1.0,3.0,0.0,0.0,0.0,0.0,0.0,1.0,1.0,0.0,0.0,0.0,2.0,16.0,0.0,2.0,0.0,0.0,1.0,1.0,0.0,0.0,2.0,0.0,0.0,0.0,1.0,9.0,1.0,1.0,3.0,0.0,0.0,0.0,0.0,0.0,1.0,0.0,0.0,0.0,0.0,0.0,4.0,0.0,2.0,1.0,0.0,0.0,0.0,0.0,0.0,0.0,0.0,0.0,0.0,0.0,0.0,0.0,0.0,0.0,2.0,2.0,0.0,0.0,0.0,0.0,0.0,0.0,0.0,0.0,5.0,13.0,39.0,141.0,34.0,5.0,55.0,2.0,32.0,89.0,14.0,41.0,13.0,14.0,7.0,0.0,17.0,113.0,7.0,8.0,8.0,3.0,4.0,6.0,39.0,0.0,1.0,472.0,8.0,6.0,3.0,4.0,3.0,2.0,2.0,6.0,4.0,1.0,39.0,73.0,2.0,23.0,1290.0,5.0,86.0,149.0,4.0,28.0,7.0,16.0,49.0,84.0
2015-10-01,14.0,3.0,6.0,7.0,0.0,61.0,57.0,4.0,30.0,1.0,0.0,22.0,13.0,8.0,0.0,5.0,11.0,0.0,0.0,73.0,0.0,1.0,56.0,0.0,9.0,1.0,17.0,6.0,13.0,4.0,0.0,39.0,1.0,7.0,10.0,6.0,112.0,79.0,15.0,30.0,14.0,4.0,11.0,13.0,39.0,8.0,0.0,7.0,19.0,0.0,3.0,1.0,27.0,0.0,71.0,0.0,7.0,19.0,26.0,12.0,3.0,108.0,4.0,6.0,63.0,109.0,0.0,1.0,1.0,8.0,1.0,0.0,1.0,1.0,3.0,1.0,0.0,0.0,0.0,0.0,1.0,0.0,3.0,10.0,0.0,4.0,0.0,78.0,8.0,1.0,0.0,1.0,1.0,0.0,0.0,3.0,0.0,2.0,0.0,0.0,31.0,55.0,3.0,3.0,110.0,6.0,2.0,10.0,2.0,6.0,4.0,6.0,6.0,3.0,7.0,209.0,3.0,17.0,9.0,2.0,35.0,9.0,66.0,6.0,0.0,19.0,1.0,2.0,1.0,21.0,4.0,4.0,3.0,7.0,1.0,0.0,2.0,2.0,3.0,2.0,5.0,1.0,0.0,15.0,4.0,1.0,1.0,5.0,0.0,4.0,214.0,1.0,2.0,21.0,1.0,0.0,4.0,3.0,8.0,0.0,8.0,13.0,5.0,3.0,2.0,0.0,16.0,5.0,6.0,0.0,2.0,1.0,12.0,104.0,15.0,3.0,12.0,48.0,575.0,13.0,69.0,526.0,391.0,401.0,272.0,240.0,7.0,310.0,23.0,17.0,40.0,2481.0,31.0,0.0,675.0,12.0,379.0,82.0,406.0,794.0,19.0,4.0,5.0,2.0,116.0,8.0,12.0,8.0,0.0,11.0,72.0,381.0,24.0,7.0,10.0,4.0,94.0,199.0,279.0,6.0,24.0,0.0,10.0,36.0,160.0,2.0,4.0,42.0,13.0,177.0,128.0,38.0,88.0,67.0,35.0,88.0,8.0,7.0,4.0,10.0,393.0,19.0,14.0,9.0,2.0,1.0,11.0,25.0,0.0,13.0,224.0,24.0,48.0,34.0,17.0,4.0,0.0,2.0,22.0,0.0,21.0,0.0,3.0,5.0,2.0,2.0,40.0,9.0,53.0,76.0,5.0,12.0,25.0,13.0,52.0,16.0,18.0,7.0,44.0,0.0,3.0,245.0,3.0,43.0,4.0,2.0,1.0,0.0,40.0,14.0,88.0,8.0,53.0,5.0,68.0,5.0,1.0,2.0,27.0,9.0,12.0,14.0,5.0,3.0,10.0,4.0,0.0,0.0,4.0,3.0,6.0,6.0,7.0,4.0,33.0,82.0,20.0,84.0,24.0,81.0,38.0,5.0,138.0,618.0,1.0,43.0,1382.0,36.0,10.0,1268.0,36.0,249.0,24.0,323.0,46.0,15.0,5.0,1.0,0.0,48.0,183.0,66.0,4.0,18.0,1.0,4.0,0.0,6.0,591.0,56.0,13.0,30.0,233.0,18.0,3.0,16.0,4.0,10.0,108.0,21.0,8.0,51.0,155.0,47.0,146.0,14.0,43.0,1.0,10.0,6.0,1.0,3.0,51.0,56.0,4.0,13.0,11.0,19.0,6.0,38.0,211.0,8.0,3.0,22.0,102.0,7.0,21.0,6.0,8.0,1.0,1.0,2.0,0.0,0.0,31.0,7.0,5.0,1.0,70.0,24.0,2.0,4.0,21.0,7.0,10.0,37.0,12.0,24.0,11.0,174.0,7.0,97.0,19.0,3.0,1.0,1.0,6.0,42.0,19.0,1.0,27.0,2.0,61.0,2.0,0.0,14.0,5.0,4.0,1.0,1.0,1.0,0.0,0.0,8.0,30.0,32.0,2.0,3.0,0.0,0.0,2.0,0.0,1.0,0.0,0.0,1.0,0.0,0.0,2.0,28.0,0.0,0.0,0.0,0.0,0.0,0.0,0.0,0.0,1.0,0.0,2.0,0.0,0.0,9.0,0.0,0.0,5.0,0.0,0.0,0.0,0.0,0.0,0.0,1.0,1.0,0.0,1.0,1.0,0.0,1.0,1.0,0.0,0.0,0.0,0.0,0.0,1.0,0.0,0.0,0.0,0.0,0.0,0.0,0.0,1.0,0.0,3.0,1.0,0.0,0.0,0.0,0.0,0.0,0.0,0.0,0.0,8.0,23.0,28.0,283.0,52.0,9.0,63.0,4.0,120.0,189.0,19.0,164.0,7.0,25.0,9.0,5.0,19.0,184.0,14.0,7.0,16.0,10.0,2.0,11.0,47.0,1.0,1.0,369.0,13.0,27.0,4.0,5.0,2.0,1.0,1.0,1.0,24.0,1.0,37.0,137.0,0.0,14.0,1810.0,3.0,79.0,150.0,9.0,34.0,21.0,28.0,36.0,121.0
2015-11-01,45.0,11.0,7.0,16.0,6.0,65.0,63.0,8.0,29.0,2.0,0.0,33.0,7.0,12.0,0.0,8.0,3.0,0.0,1.0,62.0,0.0,1.0,19.0,0.0,24.0,5.0,4.0,5.0,3.0,2.0,3.0,62.0,0.0,2.0,15.0,5.0,141.0,43.0,5.0,38.0,7.0,3.0,10.0,35.0,79.0,5.0,2.0,11.0,10.0,5.0,14.0,9.0,66.0,0.0,32.0,2.0,17.0,38.0,79.0,27.0,12.0,229.0,2.0,11.0,51.0,180.0,0.0,2.0,1.0,6.0,0.0,3.0,19.0,2.0,8.0,0.0,1.0,0.0,1.0,0.0,0.0,0.0,0.0,12.0,0.0,21.0,6.0,58.0,3.0,0.0,1.0,0.0,0.0,1.0,1.0,1.0,1.0,4.0,0.0,0.0,17.0,25.0,2.0,0.0,169.0,8.0,1.0,10.0,2.0,2.0,1.0,8.0,6.0,0.0,3.0,151.0,8.0,17.0,4.0,23.0,15.0,7.0,17.0,2.0,0.0,42.0,1.0,37.0,0.0,4.0,2.0,8.0,1.0,5.0,2.0,0.0,1.0,0.0,5.0,1.0,1.0,2.0,3.0,32.0,6.0,2.0,2.0,3.0,0.0,10.0,284.0,5.0,5.0,22.0,6.0,1.0,1.0,4.0,31.0,0.0,11.0,244.0,62.0,7.0,5.0,0.0,23.0,6.0,10.0,4.0,34.0,2.0,20.0,147.0,20.0,4.0,6.0,547.0,1430.0,15.0,213.0,547.0,1999.0,2491.0,2267.0,372.0,10.0,1055.0,147.0,79.0,35.0,4318.0,49.0,1.0,767.0,39.0,504.0,238.0,692.0,1904.0,21.0,2.0,3.0,5.0,127.0,33.0,12.0,23.0,29.0,6.0,1020.0,28.0,34.0,4.0,7.0,9.0,22.0,423.0,376.0,4.0,8.0,4.0,11.0,118.0,37.0,13.0,2.0,165.0,13.0,226.0,113.0,33.0,65.0,63.0,83.0,233.0,6.0,1.0,3.0,21.0,291.0,13.0,12.0,10.0,6.0,10.0,10.0,40.0,3.0,29.0,809.0,55.0,55.0,75.0,20.0,7.0,0.0,4.0,40.0,10.0,28.0,3.0,14.0,8.0,81.0,0.0,62.0,26.0,80.0,148.0,34.0,21.0,32.0,42.0,94.0,32.0,79.0,20.0,312.0,5.0,15.0,1005.0,27.0,138.0,2.0,2.0,0.0,0.0,49.0,13.0,124.0,59.0,94.0,3.0,157.0,2.0,8.0,1.0,34.0,16.0,23.0,7.0,5.0,7.0,0.0,4.0,1.0,0.0,7.0,10.0,0.0,5.0,9.0,5.0,59.0,536.0,57.0,189.0,144.0,62.0,61.0,5.0,117.0,460.0,14.0,48.0,1637.0,94.0,17.0,1523.0,163.0,408.0,198.0,551.0,92.0,48.0,17.0,8.0,2.0,86.0,252.0,116.0,7.0,18.0,5.0,3.0,0.0,17.0,1330.0,122.0,18.0,70.0,263.0,4.0,0.0,10.0,6.0,19.0,193.0,85.0,45.0,83.0,464.0,55.0,258.0,25.0,128.0,3.0,39.0,6.0,1.0,6.0,90.0,218.0,13.0,20.0,22.0,9.0,16.0,47.0,338.0,11.0,27.0,16.0,409.0,6.0,24.0,23.0,17.0,0.0,1.0,3.0,1.0,3.0,65.0,19.0,5.0,1.0,128.0,20.0,0.0,5.0,54.0,8.0,11.0,39.0,28.0,32.0,29.0,316.0,25.0,217.0,16.0,17.0,4.0,1.0,60.0,74.0,41.0,2.0,29.0,4.0,165.0,2.0,4.0,45.0,10.0,31.0,0.0,3.0,0.0,0.0,2.0,10.0,36.0,128.0,3.0,3.0,2.0,0.0,0.0,1.0,0.0,0.0,0.0,0.0,1.0,0.0,5.0,153.0,0.0,1.0,2.0,0.0,1.0,0.0,1.0,0.0,3.0,0.0,0.0,0.0,1.0,10.0,0.0,0.0,10.0,0.0,1.0,4.0,0.0,1.0,0.0,0.0,0.0,1.0,1.0,0.0,1.0,1.0,1.0,1.0,2.0,0.0,0.0,0.0,1.0,0.0,0.0,0.0,0.0,0.0,0.0,0.0,0.0,0.0,3.0,0.0,1.0,1.0,1.0,1.0,0.0,2.0,0.0,0.0,14.0,38.0,210.0,1325.0,152.0,52.0,121.0,9.0,445.0,606.0,70.0,351.0,104.0,146.0,24.0,18.0,47.0,419.0,13.0,5.0,31.0,35.0,11.0,39.0,59.0,14.0,3.0,522.0,18.0,84.0,9.0,29.0,6.0,5.0,5.0,4.0,40.0,5.0,51.0,224.0,1.0,25.0,2952.0,8.0,238.0,291.0,56.0,63.0,10.0,28.0,52.0,171.0
2015-12-01,83.0,16.0,8.0,12.0,7.0,248.0,54.0,24.0,114.0,3.0,2.0,76.0,32.0,12.0,0.0,37.0,12.0,1.0,1.0,211.0,1.0,5.0,40.0,2.0,8.0,23.0,16.0,8.0,3.0,1.0,8.0,95.0,1.0,2.0,7.0,6.0,234.0,15.0,2.0,61.0,13.0,12.0,6.0,19.0,22.0,11.0,1.0,10.0,81.0,7.0,32.0,33.0,45.0,0.0,42.0,10.0,26.0,67.0,183.0,110.0,11.0,429.0,7.0,28.0,19.0,341.0,1.0,1.0,20.0,11.0,0.0,17.0,7.0,3.0,42.0,1.0,0.0,2.0,0.0,2.0,10.0,1.0,1.0,16.0,0.0,13.0,4.0,96.0,0.0,0.0,1.0,1.0,0.0,2.0,1.0,1.0,0.0,4.0,0.0,2.0,16.0,17.0,12.0,3.0,111.0,12.0,10.0,7.0,3.0,1.0,5.0,30.0,15.0,5.0,5.0,243.0,9.0,25.0,5.0,27.0,5.0,4.0,25.0,4.0,0.0,68.0,0.0,17.0,0.0,1.0,5.0,31.0,2.0,20.0,2.0,1.0,1.0,6.0,3.0,213.0,22.0,4.0,3.0,63.0,47.0,19.0,5.0,14.0,4.0,27.0,326.0,4.0,10.0,36.0,13.0,2.0,3.0,15.0,353.0,0.0,33.0,2299.0,191.0,10.0,3.0,0.0,4.0,11.0,12.0,5.0,124.0,2.0,16.0,140.0,24.0,32.0,11.0,605.0,78.0,25.0,21.0,456.0,5358.0,656.0,1226.0,437.0,28.0,1936.0,302.0,78.0,47.0,3616.0,147.0,0.0,560.0,26.0,148.0,47.0,75.0,783.0,9.0,49.0,12.0,1.0,143.0,50.0,39.0,15.0,6.0,3.0,285.0,40.0,8.0,21.0,1.0,9.0,3.0,260.0,191.0,3.0,6.0,3.0,16.0,131.0,6.0,13.0,1.0,86.0,22.0,100.0,76.0,31.0,75.0,157.0,38.0,330.0,2.0,1.0,6.0,12.0,279.0,27.0,11.0,28.0,5.0,110.0,15.0,49.0,5.0,34.0,2221.0,142.0,41.0,81.0,44.0,40.0,16.0,14.0,238.0,28.0,38.0,0.0,53.0,24.0,108.0,3.0,78.0,60.0,52.0,293.0,72.0,42.0,56.0,152.0,115.0,151.0,115.0,56.0,762.0,9.0,125.0,3722.0,142.0,46.0,5.0,2.0,2.0,1.0,234.0,16.0,864.0,110.0,401.0,19.0,370.0,6.0,4.0,4.0,45.0,73.0,130.0,24.0,25.0,8.0,4.0,26.0,0.0,5.0,3.0,35.0,11.0,18.0,20.0,10.0,244.0,2332.0,302.0,381.0,50.0,35.0,140.0,26.0,58.0,427.0,37.0,26.0,2798.0,411.0,107.0,1868.0,273.0,1842.0,224.0,700.0,104.0,99.0,98.0,33.0,0.0,104.0,688.0,392.0,27.0,14.0,21.0,16.0,7.0,32.0,2993.0,240.0,21.0,74.0,525.0,91.0,7.0,29.0,11.0,53.0,392.0,43.0,82.0,269.0,2006.0,183.0,456.0,78.0,234.0,26.0,177.0,18.0,2.0,5.0,344.0,345.0,61.0,101.0,124.0,122.0,73.0,146.0,575.0,10.0,52.0,42.0,911.0,9.0,112.0,41.0,25.0,3.0,4.0,6.0,5.0,3.0,213.0,89.0,46.0,1.0,278.0,33.0,1.0,16.0,76.0,8.0,77.0,96.0,21.0,62.0,59.0,789.0,58.0,305.0,39.0,48.0,14.0,4.0,49.0,49.0,46.0,3.0,143.0,6.0,285.0,5.0,1.0,116.0,19.0,90.0,0.0,3.0,3.0,3.0,0.0,14.0,61.0,235.0,4.0,7.0,3.0,0.0,5.0,0.0,2.0,1.0,0.0,0.0,0.0,0.0,31.0,885.0,0.0,4.0,10.0,1.0,2.0,2.0,2.0,0.0,1.0,0.0,2.0,0.0,3.0,14.0,0.0,2.0,23.0,0.0,4.0,2.0,0.0,2.0,2.0,1.0,0.0,0.0,1.0,7.0,2.0,4.0,7.0,0.0,1.0,0.0,0.0,2.0,3.0,1.0,0.0,0.0,0.0,0.0,0.0,0.0,2.0,2.0,18.0,1.0,0.0,3.0,0.0,0.0,0.0,0.0,0.0,1.0,43.0,72.0,465.0,4395.0,190.0,63.0,285.0,18.0,337.0,880.0,170.0,392.0,397.0,341.0,58.0,63.0,144.0,569.0,15.0,50.0,89.0,94.0,34.0,91.0,70.0,26.0,25.0,636.0,18.0,227.0,53.0,53.0,10.0,11.0,18.0,44.0,30.0,4.0,102.0,510.0,7.0,40.0,4699.0,8.0,793.0,561.0,92.0,133.0,64.0,94.0,124.0,362.0
2016-01-01,188.0,40.0,57.0,245.0,165.0,836.0,265.0,165.0,32.0,8.0,7.0,126.0,209.0,10.0,0.0,13.0,5.0,1.0,7.0,393.0,4.0,17.0,33.0,10.0,21.0,19.0,9.0,1.0,3.0,1.0,77.0,277.0,1.0,3.0,14.0,19.0,318.0,31.0,13.0,61.0,20.0,22.0,14.0,151.0,43.0,63.0,9.0,91.0,72.0,23.0,39.0,160.0,51.0,12.0,68.0,2.0,173.0,140.0,334.0,330.0,44.0,634.0,31.0,81.0,441.0,344.0,4.0,1.0,10.0,411.0,2.0,33.0,29.0,6.0,953.0,4.0,3.0,223.0,3.0,2.0,6.0,5.0,38.0,54.0,14.0,6.0,5.0,228.0,15.0,3.0,3.0,2.0,0.0,3.0,0.0,17.0,4.0,18.0,0.0,8.0,24.0,20.0,17.0,4.0,123.0,22.0,1.0,8.0,16.0,6.0,3.0,44.0,36.0,5.0,3.0,573.0,13.0,41.0,12.0,83.0,4.0,8.0,51.0,6.0,0.0,89.0,1.0,21.0,1.0,1.0,10.0,160.0,5.0,145.0,6.0,3.0,126.0,9.0,36.0,209.0,303.0,673.0,234.0,208.0,787.0,328.0,33.0,23.0,37.0,126.0,930.0,8.0,176.0,53.0,406.0,92.0,18.0,488.0,572.0,108.0,39.0,1617.0,141.0,87.0,10.0,11.0,52.0,11.0,15.0,35.0,341.0,5.0,179.0,248.0,45.0,68.0,86.0,579.0,384.0,39.0,51.0,392.0,3304.0,262.0,553.0,1378.0,108.0,4081.0,725.0,364.0,121.0,5490.0,294.0,5.0,459.0,28.0,419.0,102.0,251.0,946.0,12.0,19.0,23.0,3.0,311.0,50.0,84.0,2.0,4.0,1.0,39.0,110.0,6.0,4.0,2.0,9.0,11.0,163.0,61.0,12.0,16.0,13.0,30.0,62.0,19.0,10.0,26.0,326.0,55.0,234.0,296.0,18.0,487.0,152.0,142.0,302.0,4.0,8.0,2.0,17.0,260.0,39.0,32.0,81.0,25.0,117.0,16.0,720.0,32.0,85.0,4032.0,296.0,72.0,294.0,85.0,216.0,109.0,86.0,1238.0,77.0,124.0,38.0,125.0,37.0,74.0,11.0,216.0,140.0,261.0,958.0,270.0,198.0,222.0,371.0,442.0,417.0,808.0,148.0,2976.0,46.0,931.0,23126.0,405.0,117.0,48.0,91.0,29.0,19.0,876.0,38.0,6206.0,760.0,620.0,35.0,2238.0,39.0,19.0,47.0,97.0,183.0,780.0,117.0,31.0,19.0,18.0,57.0,6.0,10.0,26.0,131.0,58.0,307.0,214.0,199.0,1346.0,5883.0,3333.0,1703.0,284.0,30.0,231.0,15.0,101.0,523.0,79.0,39.0,3233.0,788.0,425.0,4903.0,134.0,4068.0,621.0,991.0,235.0,385.0,1862.0,924.0,20.0,157.0,1423.0,738.0,197.0,103.0,82.0,78.0,114.0,39.0,5705.0,554.0,81.0,222.0,2208.0,39.0,41.0,67.0,33.0,532.0,1736.0,363.0,727.0,917.0,13012.0,805.0,944.0,124.0,896.0,20.0,179.0,38.0,4.0,31.0,1380.0,77.0,27.0,44.0,283.0,36.0,61.0,106.0,881.0,28.0,50.0,118.0,4087.0,62.0,105.0,82.0,34.0,9.0,12.0,14.0,5.0,18.0,424.0,127.0,74.0,4.0,783.0,34.0,5.0,5.0,81.0,48.0,34.0,224.0,100.0,154.0,137.0,1878.0,151.0,482.0,103.0,61.0,27.0,19.0,119.0,268.0,139.0,8.0,747.0,24.0,1037.0,6.0,25.0,1092.0,76.0,92.0,1.0,10.0,8.0,9.0,15.0,189.0,267.0,1611.0,52.0,45.0,10.0,3.0,24.0,1.0,4.0,0.0,2.0,1.0,2.0,1.0,258.0,3170.0,1.0,16.0,164.0,16.0,7.0,3.0,4.0,4.0,18.0,2.0,4.0,4.0,14.0,50.0,1.0,3.0,43.0,0.0,5.0,2.0,0.0,6.0,3.0,12.0,2.0,0.0,3.0,10.0,13.0,9.0,9.0,5.0,6.0,0.0,1.0,2.0,13.0,0.0,6.0,0.0,1.0,2.0,0.0,1.0,6.0,0.0,48.0,1.0,1.0,0.0,1.0,4.0,0.0,2.0,0.0,3.0,77.0,279.0,1087.0,10485.0,330.0,601.0,447.0,149.0,744.0,2388.0,817.0,795.0,735.0,1283.0,136.0,242.0,408.0,590.0,116.0,142.0,161.0,185.0,108.0,100.0,163.0,39.0,25.0,555.0,10.0,345.0,117.0,218.0,69.0,21.0,52.0,117.0,100.0,5.0,250.0,1244.0,51.0,104.0,11775.0,66.0,2600.0,1265.0,136.0,344.0,162.0,200.0,253.0,2392.0
2016-02-01,432.0,104.0,74.0,532.0,178.0,517.0,309.0,181.0,67.0,6.0,8.0,282.0,400.0,3.0,0.0,83.0,6.0,0.0,26.0,650.0,0.0,24.0,38.0,9.0,46.0,75.0,7.0,1.0,0.0,8.0,151.0,349.0,5.0,13.0,16.0,23.0,369.0,17.0,24.0,77.0,41.0,68.0,66.0,271.0,173.0,111.0,32.0,118.0,130.0,75.0,49.0,125.0,101.0,24.0,162.0,4.0,310.0,289.0,183.0,480.0,89.0,529.0,62.0,188.0,34.0,779.0,96.0,14.0,18.0,148.0,46.0,204.0,202.0,103.0,2730.0,47.0,10.0,236.0,5.0,8.0,119.0,4.0,103.0,110.0,21.0,13.0,2.0,331.0,38.0,3.0,7.0,28.0,1.0,15.0,8.0,10.0,4.0,28.0,1.0,15.0,100.0,3.0,77.0,5.0,117.0,20.0,13.0,14.0,29.0,14.0,33.0,164.0,57.0,5.0,3.0,1051.0,14.0,58.0,35.0,196.0,11.0,6.0,160.0,8.0,1.0,524.0,5.0,22.0,97.0,1.0,7.0,77.0,34.0,1149.0,92.0,74.0,241.0,26.0,212.0,224.0,2444.0,903.0,616.0,331.0,2925.0,1915.0,361.0,506.0,318.0,628.0,5220.0,49.0,693.0,391.0,428.0,302.0,129.0,288.0,703.0,211.0,71.0,567.0,201.0,291.0,173.0,149.0,93.0,68.0,50.0,781.0,460.0,20.0,199.0,714.0,112.0,71.0,136.0,754.0,317.0,162.0,97.0,433.0,1531.0,223.0,415.0,1142.0,263.0,3107.0,654.0,886.0,617.0,8355.0,769.0,28.0,196.0,31.0,420.0,54.0,178.0,764.0,14.0,47.0,59.0,19.0,1255.0,79.0,128.0,6.0,17.0,2.0,16.0,275.0,11.0,27.0,0.0,16.0,9.0,241.0,481.0,54.0,48.0,27.0,107.0,145.0,97.0,45.0,129.0,518.0,122.0,731.0,787.0,76.0,397.0,253.0,378.0,214.0,9.0,59.0,6.0,63.0,580.0,65.0,134.0,283.0,41.0,163.0,95.0,1078.0,866.0,294.0,13411.0,747.0,287.0,779.0,363.0,405.0,202.0,335.0,2270.0,110.0,316.0,438.0,379.0,155.0,383.0,99.0,1235.0,238.0,917.0,2367.0,901.0,1048.0,463.0,851.0,1168.0,801.0,2973.0,585.0,6098.0,114.0,1087.0,69238.0,1281.0,322.0,115.0,442.0,215.0,151.0,1982.0,189.0,5857.0,1242.0,617.0,49.0,4366.0,82.0,44.0,216.0,274.0,495.0,1362.0,471.0,44.0,44.0,41.0,199.0,17.0,21.0,99.0,506.0,325.0,611.0,751.0,890.0,2088.0,3576.0,10812.0,1896.0,395.0,82.0,332.0,24.0,154.0,681.0,126.0,108.0,3319.0,568.0,938.0,3933.0,179.0,1847.0,180.0,474.0,303.0,629.0,1693.0,1776.0,128.0,120.0,1245.0,1738.0,403.0,145.0,202.0,247.0,93.0,41.0,5849.0,1105.0,156.0,302.0,4482.0,77.0,128.0,104.0,48.0,431.0,1850.0,710.0,970.0,1362.0,17139.0,1337.0,1064.0,177.0,1653.0,40.0,318.0,106.0,13.0,38.0,1860.0,101.0,22.0,130.0,661.0,74.0,213.0,115.0,1544.0,29.0,110.0,136.0,5810.0,66.0,111.0,142.0,67.0,6.0,17.0,29.0,3.0,41.0,775.0,115.0,94.0,5.0,1099.0,103.0,8.0,14.0,100.0,165.0,41.0,358.0,285.0,302.0,275.0,4055.0,282.0,1043.0,122.0,174.0,63.0,66.0,164.0,647.0,293.0,44.0,1884.0,38.0,1825.0,2.0,60.0,612.0,121.0,121.0,7.0,8.0,5.0,5.0,8.0,473.0,622.0,4485.0,221.0,83.0,25.0,5.0,81.0,3.0,8.0,1.0,4.0,4.0,0.0,1.0,294.0,4167.0,5.0,78.0,1039.0,26.0,6.0,5.0,9.0,0.0,22.0,2.0,5.0,1.0,19.0,47.0,1.0,0.0,71.0,0.0,7.0,9.0,2.0,23.0,7.0,56.0,5.0,1.0,12.0,10.0,82.0,12.0,12.0,4.0,17.0,1.0,2.0,2.0,6.0,1.0,12.0,0.0,1.0,1.0,0.0,1.0,2.0,2.0,113.0,9.0,1.0,2.0,0.0,0.0,0.0,7.0,0.0,5.0,114.0,93.0,1254.0,7051.0,214.0,460.0,308.0,158.0,471.0,3170.0,944.0,554.0,780.0,1122.0,88.0,342.0,422.0,595.0,126.0,345.0,332.0,139.0,83.0,82.0,66.0,13.0,10.0,471.0,16.0,452.0,95.0,345.0,95.0,68.0,122.0,94.0,120.0,60.0,415.0,2675.0,102.0,179.0,20152.0,191.0,4063.0,2158.0,242.0,884.0,181.0,368.0,270.0,4693.0
2016-03-01,313.0,106.0,84.0,344.0,125.0,222.0,207.0,98.0,17.0,4.0,4.0,135.0,153.0,3.0,1.0,77.0,9.0,5.0,25.0,993.0,9.0,42.0,37.0,8.0,19.0,105.0,10.0,1.0,1.0,32.0,65.0,246.0,3.0,12.0,11.0,28.0,239.0,14.0,7.0,76.0,53.0,24.0,65.0,245.0,128.0,130.0,205.0,93.0,51.0,84.0,32.0,60.0,157.0,20.0,227.0,0.0,128.0,227.0,42.0,221.0,97.0,362.0,31.0,174.0,16.0,1940.0,128.0,168.0,20.0,65.0,37.0,796.0,523.0,112.0,1834.0,175.0,7.0,136.0,6.0,9.0,365.0,34.0,77.0,242.0,23.0,28.0,16.0,403.0,31.0,5.0,11.0,21.0,4.0,7.0,6.0,11.0,4.0,36.0,10.0,83.0,264.0,13.0,56.0,3.0,123.0,26.0,33.0,27.0,76.0,13.0,88.0,219.0,94.0,16.0,6.0,1633.0,34.0,198.0,69.0,540.0,10.0,16.0,198.0,9.0,2.0,475.0,6.0,54.0,180.0,15.0,25.0,205.0,55.0,1594.0,376.0,211.0,576.0,168.0,1439.0,551.0,717.0,405.0,158.0,848.0,3419.0,535.0,488.0,848.0,619.0,773.0,4345.0,120.0,1004.0,951.0,948.0,140.0,628.0,761.0,668.0,196.0,213.0,61.0,176.0,160.0,200.0,50.0,266.0,282.0,114.0,635.0,157.0,78.0,267.0,1465.0,166.0,58.0,220.0,365.0,32.0,251.0,66.0,223.0,704.0,98.0,169.0,1189.0,216.0,961.0,199.0,485.0,229.0,4189.0,611.0,125.0,29.0,35.0,222.0,38.0,99.0,719.0,26.0,150.0,63.0,138.0,2053.0,88.0,102.0,4.0,71.0,1.0,7.0,78.0,13.0,62.0,2.0,22.0,1.0,142.0,86.0,43.0,115.0,22.0,56.0,241.0,397.0,28.0,212.0,354.0,140.0,462.0,403.0,53.0,172.0,751.0,318.0,336.0,11.0,3.0,8.0,116.0,497.0,86.0,275.0,204.0,56.0,139.0,186.0,1111.0,1354.0,234.0,10133.0,934.0,454.0,1224.0,606.0,431.0,309.0,314.0,1541.0,11.0,691.0,830.0,1270.0,336.0,471.0,321.0,2065.0,343.0,856.0,2904.0,1153.0,1975.0,481.0,954.0,1330.0,742.0,1990.0,849.0,5895.0,161.0,900.0,87228.0,2685.0,614.0,283.0,897.0,338.0,204.0,778.0,217.0,1333.0,1282.0,514.0,63.0,4076.0,162.0,83.0,430.0,585.0,435.0,1027.0,1179.0,76.0,42.0,95.0,201.0,29.0,35.0,324.0,660.0,865.0,466.0,1058.0,1851.0,1270.0,1369.0,12634.0,1637.0,231.0,121.0,146.0,97.0,111.0,581.0,190.0,61.0,3994.0,345.0,1191.0,2297.0,225.0,813.0,82.0,237.0,447.0,563.0,587.0,2820.0,95.0,122.0,861.0,2024.0,393.0,248.0,206.0,320.0,140.0,42.0,9429.0,1104.0,352.0,204.0,5307.0,103.0,98.0,158.0,59.0,306.0,1012.0,375.0,1036.0,1296.0,10286.0,1173.0,818.0,310.0,2290.0,67.0,497.0,94.0,2.0,54.0,2301.0,102.0,25.0,208.0,678.0,140.0,284.0,295.0,2848.0,42.0,51.0,174.0,5545.0,87.0,143.0,179.0,95.0,4.0,56.0,49.0,6.0,42.0,1321.0,141.0,133.0,8.0,2020.0,147.0,2.0,12.0,153.0,236.0,51.0,584.0,410.0,414.0,390.0,5940.0,530.0,1788.0,165.0,251.0,60.0,246.0,162.0,450.0,610.0,60.0,2409.0,124.0,2538.0,8.0,121.0,253.0,97.0,98.0,4.0,5.0,16.0,4.0,17.0,711.0,926.0,4479.0,485.0,144.0,54.0,8.0,231.0,0.0,55.0,4.0,8.0,0.0,4.0,4.0,193.0,3855.0,2.0,85.0,1561.0,47.0,2.0,3.0,3.0,2.0,9.0,1.0,0.0,4.0,11.0,60.0,1.0,3.0,71.0,1.0,6.0,4.0,4.0,81.0,12.0,357.0,3.0,0.0,6.0,13.0,192.0,129.0,6.0,0.0,32.0,2.0,2.0,3.0,14.0,2.0,0.0,1.0,1.0,1.0,0.0,6.0,7.0,1.0,275.0,8.0,0.0,1.0,0.0,0.0,0.0,2.0,3.0,2.0,95.0,21.0,886.0,4468.0,114.0,112.0,153.0,150.0,172.0,1888.0,647.0,136.0,305.0,468.0,36.0,120.0,234.0,257.0,39.0,191.0,408.0,76.0,72.0,37.0,27.0,8.0,2.0,268.0,11.0,116.0,67.0,194.0,76.0,33.0,126.0,44.0,103.0,73.0,430.0,2970.0,58.0,156.0,19419.0,88.0,3171.0,2413.0,203.0,866.0,128.0,480.0,237.0,4533.0
2016-04-01,215.0,56.0,35.0,175.0,39.0,91.0,129.0,14.0,18.0,2.0,7.0,122.0,78.0,5.0,5.0,64.0,9.0,6.0,17.0,1318.0,10.0,93.0,94.0,4.0,4.0,117.0,4.0,0.0,0.0,6.0,43.0,183.0,2.0,5.0,6.0,21.0,86.0,11.0,7.0,60.0,20.0,5.0,24.0,226.0,58.0,150.0,450.0,38.0,52.0,80.0,20.0,158.0,65.0,14.0,215.0,0.0,106.0,247.0,33.0,111.0,42.0,275.0,18.0,118.0,56.0,1646.0,31.0,15.0,13.0,31.0,451.0,404.0,518.0,219.0,743.0,84.0,7.0,111.0,6.0,54.0,280.0,71.0,42.0,1057.0,50.0,35.0,189.0,943.0,28.0,5.0,9.0,8.0,1.0,13.0,6.0,11.0,0.0,49.0,29.0,294.0,215.0,11.0,48.0,2.0,333.0,130.0,141.0,36.0,57.0,15.0,133.0,311.0,392.0,17.0,13.0,4035.0,17.0,725.0,245.0,1330.0,31.0,17.0,248.0,5.0,3.0,208.0,2.0,108.0,244.0,22.0,21.0,499.0,111.0,360.0,227.0,23.0,245.0,205.0,2460.0,104.0,12.0,22.0,27.0,834.0,555.0,77.0,414.0,350.0,64.0,225.0,1202.0,66.0,242.0,544.0,789.0,63.0,30.0,672.0,211.0,147.0,295.0,14.0,26.0,100.0,444.0,25.0,149.0,454.0,120.0,135.0,21.0,33.0,35.0,1748.0,44.0,8.0,89.0,103.0,132.0,85.0,27.0,27.0,271.0,21.0,94.0,579.0,20.0,245.0,27.0,191.0,50.0,2167.0,174.0,15.0,13.0,30.0,68.0,15.0,72.0,510.0,30.0,43.0,93.0,54.0,1465.0,157.0,198.0,6.0,1.0,3.0,6.0,35.0,3.0,106.0,1.0,17.0,1.0,130.0,36.0,20.0,28.0,10.0,75.0,147.0,196.0,7.0,27.0,180.0,62.0,117.0,93.0,39.0,101.0,145.0,33.0,90.0,23.0,0.0,5.0,46.0,392.0,49.0,123.0,109.0,43.0,39.0,159.0,727.0,306.0,76.0,4053.0,545.0,261.0,1623.0,462.0,151.0,165.0,258.0,579.0,9.0,381.0,405.0,1404.0,192.0,107.0,183.0,1214.0,156.0,519.0,3671.0,864.0,2745.0,324.0,435.0,1259.0,328.0,1194.0,609.0,2579.0,165.0,1689.0,67304.0,2411.0,576.0,525.0,814.0,225.0,69.0,190.0,107.0,406.0,317.0,208.0,83.0,3650.0,251.0,95.0,481.0,553.0,350.0,964.0,2042.0,54.0,45.0,42.0,248.0,4.0,13.0,379.0,743.0,1463.0,277.0,865.0,1086.0,539.0,713.0,9423.0,543.0,127.0,97.0,66.0,56.0,46.0,549.0,176.0,42.0,2326.0,203.0,808.0,1283.0,45.0,501.0,27.0,140.0,372.0,270.0,208.0,1744.0,30.0,166.0,782.0,1261.0,330.0,390.0,381.0,465.0,81.0,49.0,11754.0,530.0,339.0,182.0,5137.0,83.0,80.0,95.0,37.0,98.0,307.0,65.0,967.0,820.0,4362.0,769.0,365.0,187.0,1135.0,43.0,527.0,71.0,5.0,87.0,1892.0,224.0,32.0,168.0,1080.0,104.0,206.0,155.0,1816.0,28.0,24.0,84.0,2305.0,28.0,121.0,152.0,91.0,9.0,80.0,69.0,3.0,13.0,1456.0,133.0,161.0,8.0,1705.0,111.0,2.0,13.0,159.0,99.0,36.0,511.0,177.0,468.0,284.0,5891.0,314.0,1374.0,92.0,145.0,38.0,347.0,120.0,489.0,544.0,26.0,1196.0,63.0,1724.0,6.0,84.0,250.0,101.0,112.0,5.0,2.0,9.0,1.0,16.0,532.0,968.0,2276.0,724.0,131.0,64.0,3.0,223.0,2.0,70.0,1.0,5.0,2.0,2.0,4.0,101.0,2948.0,0.0,46.0,832.0,63.0,1.0,8.0,3.0,2.0,8.0,2.0,0.0,2.0,12.0,89.0,2.0,0.0,67.0,1.0,7.0,2.0,0.0,209.0,13.0,143.0,4.0,1.0,4.0,13.0,152.0,96.0,11.0,3.0,34.0,0.0,1.0,2.0,6.0,1.0,1.0,0.0,2.0,5.0,0.0,9.0,2.0,2.0,325.0,6.0,2.0,1.0,0.0,2.0,0.0,3.0,0.0,1.0,82.0,35.0,279.0,2157.0,45.0,37.0,142.0,140.0,66.0,823.0,499.0,73.0,100.0,136.0,28.0,81.0,93.0,144.0,8.0,84.0,106.0,25.0,26.0,10.0,8.0,5.0,1.0,179.0,6.0,65.0,15.0,58.0,22.0,15.0,58.0,10.0,49.0,80.0,344.0,2528.0,18.0,72.0,11809.0,88.0,3330.0,1486.0,110.0,465.0,72.0,418.0,168.0,3226.0
2016-05-01,105.0,43.0,17.0,16.0,14.0,24.0,25.0,5.0,9.0,1.0,0.0,68.0,12.0,26.0,2.0,30.0,11.0,7.0,1.0,757.0,0.0,42.0,27.0,4.0,2.0,36.0,4.0,0.0,1.0,3.0,21.0,106.0,1.0,1.0,2.0,9.0,44.0,9.0,1.0,30.0,10.0,3.0,8.0,90.0,27.0,236.0,174.0,15.0,52.0,118.0,19.0,22.0,27.0,0.0,154.0,0.0,141.0,165.0,28.0,86.0,22.0,198.0,8.0,98.0,16.0,713.0,14.0,7.0,6.0,2.0,103.0,143.0,166.0,76.0,140.0,20.0,1.0,192.0,9.0,96.0,147.0,27.0,28.0,194.0,15.0,46.0,166.0,590.0,26.0,5.0,11.0,2.0,0.0,13.0,2.0,2.0,0.0,25.0,21.0,27.0,140.0,13.0,42.0,3.0,445.0,613.0,272.0,72.0,13.0,43.0,70.0,166.0,154.0,12.0,7.0,7018.0,23.0,410.0,190.0,424.0,59.0,19.0,417.0,10.0,6.0,154.0,6.0,45.0,47.0,34.0,19.0,245.0,118.0,131.0,31.0,2.0,178.0,123.0,985.0,27.0,7.0,6.0,4.0,689.0,114.0,8.0,331.0,69.0,9.0,88.0,1135.0,28.0,89.0,513.0,473.0,19.0,9.0,47.0,20.0,40.0,169.0,9.0,7.0,45.0,537.0,10.0,87.0,225.0,122.0,5.0,3.0,22.0,42.0,1716.0,16.0,4.0,29.0,50.0,17.0,25.0,8.0,3.0,146.0,12.0,47.0,222.0,7.0,98.0,17.0,116.0,35.0,1164.0,168.0,4.0,4.0,5.0,26.0,9.0,40.0,410.0,15.0,75.0,28.0,71.0,1100.0,201.0,79.0,7.0,0.0,1.0,2.0,6.0,2.0,4.0,1.0,8.0,2.0,111.0,10.0,10.0,17.0,6.0,23.0,95.0,43.0,2.0,15.0,49.0,10.0,47.0,30.0,22.0,6.0,66.0,14.0,29.0,8.0,0.0,4.0,21.0,407.0,14.0,42.0,60.0,38.0,42.0,45.0,332.0,165.0,25.0,1527.0,186.0,135.0,651.0,154.0,62.0,27.0,62.0,141.0,3.0,145.0,109.0,323.0,96.0,43.0,18.0,379.0,49.0,167.0,1730.0,260.0,863.0,53.0,84.0,636.0,94.0,343.0,200.0,315.0,40.0,440.0,19295.0,1226.0,143.0,211.0,290.0,34.0,20.0,34.0,40.0,119.0,42.0,55.0,25.0,792.0,126.0,35.0,103.0,240.0,150.0,323.0,734.0,15.0,14.0,6.0,92.0,1.0,2.0,133.0,349.0,867.0,95.0,159.0,215.0,148.0,188.0,2365.0,91.0,54.0,59.0,37.0,22.0,12.0,192.0,41.0,36.0,748.0,94.0,35.0,326.0,26.0,188.0,4.0,25.0,222.0,5.0,51.0,790.0,8.0,52.0,281.0,303.0,29.0,175.0,118.0,207.0,31.0,62.0,4609.0,104.0,112.0,47.0,1747.0,39.0,31.0,37.0,18.0,15.0,51.0,14.0,392.0,221.0,664.0,258.0,62.0,88.0,211.0,8.0,148.0,18.0,0.0,11.0,456.0,67.0,9.0,58.0,272.0,24.0,63.0,35.0,495.0,5.0,11.0,23.0,302.0,4.0,19.0,22.0,26.0,0.0,12.0,29.0,5.0,1.0,393.0,37.0,66.0,8.0,526.0,61.0,1.0,7.0,97.0,21.0,13.0,134.0,48.0,208.0,145.0,2502.0,128.0,465.0,23.0,29.0,11.0,63.0,22.0,138.0,78.0,9.0,148.0,14.0,358.0,2.0,8.0,48.0,23.0,21.0,1.0,1.0,3.0,3.0,3.0,97.0,167.0,182.0,51.0,15.0,9.0,0.0,12.0,0.0,1.0,0.0,1.0,1.0,0.0,2.0,22.0,456.0,0.0,7.0,110.0,7.0,1.0,0.0,1.0,0.0,5.0,1.0,0.0,1.0,5.0,19.0,0.0,0.0,10.0,0.0,2.0,1.0,0.0,36.0,4.0,28.0,0.0,0.0,2.0,2.0,25.0,13.0,4.0,0.0,3.0,0.0,0.0,0.0,0.0,1.0,0.0,0.0,1.0,0.0,0.0,1.0,2.0,1.0,92.0,0.0,0.0,0.0,0.0,0.0,0.0,0.0,0.0,1.0,25.0,3.0,109.0,179.0,23.0,5.0,54.0,23.0,19.0,182.0,75.0,48.0,17.0,53.0,5.0,16.0,56.0,80.0,2.0,13.0,18.0,8.0,14.0,2.0,7.0,1.0,1.0,137.0,5.0,29.0,4.0,16.0,0.0,10.0,14.0,4.0,26.0,29.0,118.0,1405.0,16.0,10.0,4760.0,38.0,2026.0,823.0,31.0,143.0,43.0,211.0,47.0,1698.0
2016-06-01,42.0,13.0,9.0,17.0,5.0,13.0,10.0,0.0,33.0,1.0,1.0,28.0,3.0,116.0,2.0,10.0,26.0,9.0,3.0,483.0,1.0,16.0,11.0,2.0,4.0,7.0,6.0,1.0,3.0,2.0,11.0,15.0,0.0,1.0,0.0,11.0,36.0,3.0,6.0,61.0,9.0,4.0,17.0,15.0,11.0,91.0,22.0,14.0,35.0,98.0,15.0,3.0,12.0,0.0,66.0,3.0,42.0,78.0,10.0,21.0,5.0,84.0,1.0,38.0,17.0,151.0,19.0,2.0,6.0,1.0,1.0,46.0,33.0,24.0,20.0,6.0,1.0,16.0,4.0,1.0,10.0,17.0,29.0,25.0,13.0,18.0,50.0,304.0,32.0,3.0,5.0,5.0,0.0,11.0,3.0,0.0,0.0,11.0,20.0,9.0,152.0,20.0,71.0,0.0,460.0,167.0,362.0,41.0,12.0,12.0,60.0,281.0,57.0,15.0,7.0,4319.0,32.0,119.0,316.0,51.0,65.0,13.0,201.0,55.0,8.0,44.0,2.0,13.0,18.0,34.0,19.0,53.0,74.0,48.0,14.0,2.0,24.0,32.0,282.0,8.0,10.0,6.0,0.0,420.0,67.0,1.0,157.0,58.0,7.0,67.0,868.0,38.0,17.0,296.0,93.0,2.0,4.0,13.0,12.0,6.0,45.0,6.0,0.0,37.0,90.0,2.0,22.0,89.0,110.0,5.0,1.0,4.0,40.0,1323.0,6.0,0.0,18.0,6.0,3.0,5.0,2.0,3.0,179.0,6.0,19.0,169.0,3.0,39.0,3.0,97.0,18.0,871.0,31.0,1.0,1.0,2.0,8.0,6.0,29.0,501.0,4.0,64.0,33.0,1.0,482.0,129.0,83.0,3.0,0.0,0.0,2.0,5.0,2.0,12.0,0.0,5.0,1.0,63.0,4.0,3.0,1.0,2.0,6.0,39.0,6.0,2.0,5.0,15.0,4.0,23.0,12.0,22.0,2.0,13.0,16.0,13.0,2.0,1.0,1.0,13.0,415.0,8.0,11.0,26.0,2.0,7.0,15.0,100.0,63.0,2.0,406.0,60.0,48.0,81.0,30.0,7.0,5.0,5.0,33.0,0.0,31.0,36.0,35.0,14.0,0.0,3.0,53.0,20.0,57.0,400.0,40.0,141.0,20.0,19.0,177.0,10.0,33.0,39.0,39.0,2.0,37.0,2435.0,105.0,10.0,38.0,29.0,3.0,4.0,36.0,19.0,20.0,7.0,13.0,4.0,58.0,33.0,3.0,15.0,45.0,17.0,26.0,103.0,0.0,2.0,1.0,6.0,0.0,0.0,13.0,39.0,112.0,9.0,13.0,26.0,19.0,15.0,133.0,9.0,32.0,36.0,16.0,3.0,0.0,54.0,18.0,22.0,322.0,21.0,4.0,79.0,14.0,36.0,2.0,8.0,68.0,2.0,1.0,66.0,4.0,12.0,111.0,49.0,3.0,56.0,6.0,35.0,11.0,21.0,1532.0,19.0,39.0,20.0,443.0,16.0,7.0,7.0,1.0,8.0,5.0,6.0,66.0,15.0,97.0,10.0,32.0,23.0,53.0,2.0,20.0,1.0,0.0,2.0,57.0,25.0,4.0,10.0,23.0,12.0,6.0,5.0,77.0,2.0,3.0,2.0,58.0,9.0,4.0,4.0,3.0,0.0,0.0,3.0,1.0,1.0,31.0,7.0,19.0,0.0,120.0,6.0,0.0,4.0,39.0,4.0,2.0,18.0,17.0,34.0,25.0,304.0,24.0,90.0,5.0,6.0,0.0,11.0,6.0,14.0,27.0,0.0,11.0,1.0,40.0,1.0,2.0,7.0,5.0,2.0,1.0,5.0,1.0,0.0,1.0,7.0,24.0,15.0,4.0,0.0,0.0,0.0,0.0,0.0,0.0,1.0,0.0,1.0,0.0,0.0,11.0,136.0,0.0,2.0,4.0,2.0,0.0,0.0,0.0,0.0,0.0,0.0,0.0,0.0,0.0,4.0,0.0,0.0,6.0,0.0,0.0,1.0,1.0,0.0,0.0,5.0,0.0,0.0,0.0,2.0,1.0,1.0,2.0,0.0,0.0,0.0,0.0,0.0,0.0,0.0,0.0,0.0,1.0,1.0,0.0,1.0,0.0,0.0,6.0,0.0,0.0,0.0,0.0,0.0,0.0,0.0,0.0,0.0,8.0,3.0,48.0,39.0,13.0,5.0,21.0,4.0,2.0,21.0,8.0,23.0,18.0,19.0,4.0,9.0,30.0,31.0,1.0,4.0,8.0,3.0,0.0,4.0,1.0,1.0,0.0,112.0,8.0,9.0,0.0,3.0,2.0,2.0,3.0,4.0,12.0,2.0,32.0,552.0,2.0,2.0,1952.0,18.0,742.0,297.0,9.0,40.0,19.0,153.0,9.0,634.0
2016-07-01,52.0,7.0,5.0,19.0,1.0,5.0,5.0,0.0,33.0,2.0,2.0,23.0,1.0,79.0,0.0,15.0,7.0,11.0,26.0,225.0,0.0,22.0,9.0,1.0,1.0,6.0,4.0,3.0,3.0,8.0,7.0,3.0,0.0,2.0,1.0,2.0,45.0,9.0,1.0,48.0,10.0,1.0,16.0,16.0,5.0,97.0,7.0,21.0,26.0,77.0,6.0,2.0,11.0,1.0,59.0,2.0,6.0,55.0,4.0,8.0,5.0,39.0,0.0,11.0,14.0,45.0,2.0,2.0,0.0,0.0,4.0,19.0,10.0,14.0,71.0,5.0,0.0,0.0,1.0,1.0,5.0,1.0,11.0,8.0,12.0,5.0,33.0,157.0,10.0,1.0,3.0,2.0,0.0,3.0,0.0,3.0,0.0,8.0,1.0,6.0,129.0,9.0,23.0,1.0,314.0,58.0,86.0,16.0,0.0,5.0,10.0,26.0,14.0,13.0,5.0,3363.0,18.0,20.0,44.0,26.0,48.0,9.0,165.0,92.0,0.0,70.0,0.0,9.0,2.0,9.0,6.0,21.0,14.0,79.0,5.0,0.0,17.0,18.0,116.0,10.0,4.0,6.0,0.0,55.0,53.0,6.0,61.0,21.0,7.0,73.0,524.0,14.0,11.0,55.0,13.0,6.0,1.0,2.0,8.0,1.0,3.0,5.0,3.0,14.0,35.0,0.0,17.0,24.0,59.0,6.0,2.0,9.0,37.0,491.0,48.0,2.0,9.0,10.0,6.0,6.0,2.0,6.0,110.0,7.0,7.0,160.0,1.0,69.0,7.0,12.0,12.0,621.0,22.0,1.0,0.0,2.0,6.0,5.0,34.0,457.0,15.0,38.0,9.0,2.0,264.0,24.0,61.0,4.0,6.0,2.0,1.0,3.0,3.0,24.0,0.0,9.0,4.0,82.0,3.0,8.0,4.0,0.0,1.0,32.0,7.0,0.0,3.0,24.0,7.0,9.0,9.0,22.0,0.0,18.0,15.0,29.0,3.0,0.0,4.0,7.0,364.0,3.0,6.0,25.0,1.0,1.0,2.0,52.0,4.0,2.0,220.0,66.0,26.0,17.0,9.0,2.0,0.0,1.0,9.0,0.0,3.0,6.0,9.0,6.0,0.0,0.0,8.0,2.0,19.0,94.0,4.0,15.0,10.0,6.0,35.0,2.0,18.0,9.0,14.0,0.0,8.0,496.0,32.0,3.0,1.0,0.0,1.0,2.0,22.0,8.0,20.0,5.0,2.0,5.0,15.0,6.0,0.0,1.0,19.0,3.0,0.0,41.0,2.0,1.0,0.0,1.0,0.0,0.0,5.0,7.0,10.0,2.0,0.0,2.0,3.0,7.0,41.0,1.0,11.0,29.0,3.0,5.0,2.0,40.0,3.0,4.0,214.0,10.0,1.0,72.0,5.0,24.0,0.0,14.0,39.0,39.0,2.0,5.0,2.0,6.0,83.0,31.0,1.0,18.0,1.0,11.0,1.0,10.0,797.0,16.0,15.0,4.0,118.0,10.0,4.0,1.0,0.0,0.0,2.0,2.0,15.0,5.0,42.0,5.0,17.0,12.0,13.0,0.0,11.0,1.0,0.0,0.0,10.0,4.0,3.0,1.0,3.0,7.0,0.0,5.0,80.0,1.0,0.0,0.0,39.0,2.0,2.0,1.0,1.0,0.0,0.0,0.0,0.0,1.0,11.0,4.0,5.0,0.0,67.0,4.0,0.0,0.0,15.0,1.0,3.0,8.0,1.0,23.0,13.0,125.0,13.0,50.0,4.0,3.0,0.0,6.0,1.0,10.0,19.0,0.0,8.0,1.0,30.0,0.0,0.0,12.0,0.0,3.0,1.0,0.0,3.0,0.0,0.0,4.0,10.0,11.0,0.0,1.0,0.0,0.0,2.0,0.0,0.0,1.0,0.0,1.0,0.0,0.0,3.0,72.0,0.0,3.0,1.0,1.0,0.0,1.0,0.0,0.0,0.0,0.0,0.0,0.0,0.0,8.0,0.0,0.0,9.0,0.0,3.0,1.0,0.0,0.0,1.0,1.0,0.0,1.0,0.0,0.0,2.0,1.0,2.0,0.0,1.0,0.0,0.0,0.0,2.0,0.0,0.0,0.0,0.0,0.0,0.0,0.0,0.0,1.0,3.0,0.0,0.0,0.0,0.0,0.0,0.0,1.0,0.0,0.0,6.0,2.0,24.0,20.0,7.0,1.0,13.0,1.0,2.0,6.0,4.0,13.0,3.0,6.0,0.0,2.0,14.0,45.0,2.0,3.0,4.0,2.0,2.0,3.0,2.0,0.0,0.0,95.0,2.0,4.0,3.0,4.0,2.0,3.0,3.0,2.0,7.0,2.0,13.0,216.0,0.0,2.0,1130.0,1.0,202.0,199.0,0.0,7.0,2.0,29.0,4.0,217.0
2016-08-01,8.0,0.0,4.0,5.0,1.0,2.0,3.0,2.0,26.0,0.0,0.0,17.0,2.0,29.0,0.0,18.0,3.0,6.0,8.0,116.0,0.0,6.0,7.0,0.0,0.0,8.0,13.0,6.0,7.0,12.0,9.0,5.0,0.0,1.0,1.0,2.0,38.0,1.0,10.0,56.0,16.0,1.0,12.0,5.0,10.0,75.0,3.0,3.0,15.0,74.0,7.0,1.0,16.0,2.0,86.0,0.0,12.0,27.0,5.0,7.0,1.0,25.0,0.0,3.0,15.0,69.0,1.0,0.0,0.0,0.0,1.0,28.0,6.0,0.0,54.0,1.0,0.0,0.0,0.0,1.0,3.0,5.0,3.0,7.0,5.0,26.0,18.0,92.0,5.0,1.0,0.0,3.0,0.0,1.0,0.0,0.0,0.0,4.0,0.0,8.0,42.0,3.0,6.0,2.0,124.0,20.0,6.0,9.0,1.0,0.0,5.0,17.0,8.0,0.0,4.0,2026.0,10.0,7.0,9.0,7.0,9.0,2.0,116.0,64.0,1.0,85.0,1.0,8.0,0.0,6.0,0.0,11.0,1.0,37.0,8.0,0.0,3.0,2.0,48.0,1.0,3.0,1.0,1.0,47.0,48.0,1.0,10.0,9.0,7.0,41.0,297.0,3.0,2.0,12.0,4.0,1.0,2.0,1.0,2.0,1.0,3.0,2.0,4.0,2.0,6.0,1.0,3.0,6.0,6.0,1.0,1.0,3.0,6.0,163.0,28.0,0.0,1.0,5.0,13.0,8.0,1.0,3.0,115.0,7.0,20.0,70.0,2.0,44.0,6.0,17.0,9.0,611.0,18.0,0.0,1.0,1.0,6.0,1.0,30.0,375.0,7.0,20.0,4.0,0.0,91.0,10.0,20.0,1.0,5.0,6.0,1.0,15.0,1.0,13.0,1.0,5.0,5.0,102.0,6.0,10.0,3.0,0.0,1.0,11.0,6.0,0.0,2.0,24.0,3.0,12.0,11.0,23.0,0.0,17.0,2.0,8.0,3.0,0.0,2.0,11.0,282.0,2.0,0.0,8.0,0.0,1.0,3.0,28.0,4.0,1.0,175.0,45.0,11.0,14.0,13.0,1.0,1.0,3.0,14.0,0.0,1.0,3.0,16.0,8.0,4.0,0.0,16.0,2.0,5.0,47.0,0.0,3.0,7.0,4.0,16.0,1.0,21.0,3.0,13.0,0.0,23.0,263.0,18.0,1.0,2.0,1.0,0.0,0.0,2.0,4.0,24.0,3.0,2.0,0.0,19.0,6.0,0.0,1.0,9.0,5.0,3.0,62.0,0.0,2.0,0.0,2.0,0.0,0.0,2.0,3.0,4.0,2.0,1.0,0.0,3.0,7.0,18.0,2.0,6.0,27.0,5.0,7.0,6.0,16.0,2.0,4.0,215.0,4.0,1.0,58.0,2.0,13.0,1.0,10.0,21.0,1.0,0.0,5.0,0.0,5.0,64.0,14.0,3.0,24.0,2.0,0.0,1.0,7.0,346.0,2.0,11.0,1.0,92.0,3.0,1.0,4.0,0.0,2.0,0.0,2.0,9.0,8.0,27.0,0.0,25.0,5.0,14.0,0.0,7.0,0.0,0.0,0.0,9.0,2.0,10.0,0.0,6.0,0.0,2.0,9.0,67.0,6.0,0.0,0.0,9.0,0.0,6.0,3.0,0.0,0.0,0.0,0.0,1.0,0.0,10.0,1.0,6.0,1.0,26.0,4.0,0.0,1.0,1.0,1.0,2.0,10.0,1.0,29.0,12.0,101.0,6.0,43.0,4.0,1.0,0.0,0.0,1.0,11.0,29.0,0.0,15.0,5.0,29.0,0.0,0.0,5.0,1.0,1.0,0.0,0.0,0.0,0.0,0.0,4.0,17.0,5.0,0.0,0.0,0.0,1.0,2.0,0.0,0.0,0.0,0.0,0.0,0.0,0.0,5.0,2.0,0.0,2.0,2.0,2.0,0.0,0.0,0.0,0.0,1.0,0.0,0.0,0.0,0.0,3.0,0.0,1.0,6.0,0.0,1.0,0.0,0.0,0.0,0.0,0.0,0.0,0.0,0.0,0.0,2.0,1.0,0.0,0.0,1.0,0.0,0.0,0.0,3.0,0.0,0.0,0.0,0.0,0.0,0.0,1.0,0.0,0.0,4.0,0.0,0.0,1.0,0.0,0.0,1.0,0.0,0.0,0.0,5.0,2.0,21.0,36.0,4.0,3.0,11.0,3.0,6.0,11.0,4.0,9.0,11.0,6.0,2.0,1.0,4.0,36.0,1.0,0.0,2.0,5.0,4.0,2.0,1.0,0.0,0.0,165.0,0.0,1.0,2.0,0.0,3.0,2.0,0.0,0.0,2.0,1.0,17.0,75.0,1.0,0.0,1302.0,0.0,71.0,123.0,2.0,10.0,0.0,15.0,4.0,96.0
2016-09-01,21.0,3.0,10.0,4.0,1.0,4.0,1.0,2.0,18.0,1.0,0.0,17.0,2.0,8.0,0.0,12.0,4.0,19.0,2.0,111.0,0.0,7.0,1.0,0.0,0.0,5.0,5.0,6.0,0.0,6.0,3.0,0.0,0.0,0.0,1.0,3.0,36.0,1.0,8.0,39.0,14.0,4.0,18.0,11.0,9.0,32.0,2.0,2.0,20.0,38.0,5.0,9.0,15.0,1.0,96.0,0.0,4.0,21.0,1.0,3.0,3.0,28.0,0.0,4.0,11.0,29.0,0.0,1.0,1.0,0.0,0.0,5.0,4.0,1.0,48.0,0.0,0.0,0.0,1.0,0.0,0.0,1.0,0.0,2.0,2.0,5.0,11.0,44.0,7.0,1.0,0.0,0.0,0.0,2.0,0.0,1.0,0.0,8.0,0.0,1.0,21.0,0.0,9.0,0.0,15.0,1.0,1.0,2.0,0.0,0.0,5.0,16.0,3.0,0.0,0.0,1107.0,3.0,3.0,3.0,4.0,1.0,0.0,28.0,51.0,1.0,16.0,0.0,1.0,0.0,2.0,2.0,1.0,9.0,14.0,2.0,0.0,5.0,4.0,32.0,2.0,0.0,0.0,0.0,10.0,37.0,4.0,4.0,7.0,0.0,11.0,219.0,1.0,0.0,2.0,1.0,0.0,0.0,0.0,1.0,0.0,1.0,3.0,2.0,2.0,3.0,0.0,1.0,2.0,8.0,1.0,0.0,3.0,0.0,73.0,18.0,1.0,3.0,8.0,26.0,5.0,7.0,7.0,74.0,9.0,8.0,55.0,1.0,36.0,3.0,3.0,8.0,332.0,16.0,1.0,2.0,2.0,5.0,3.0,8.0,260.0,5.0,18.0,6.0,0.0,48.0,6.0,19.0,1.0,1.0,3.0,1.0,15.0,0.0,8.0,0.0,2.0,0.0,65.0,2.0,9.0,6.0,0.0,2.0,2.0,1.0,0.0,0.0,32.0,0.0,4.0,19.0,13.0,0.0,7.0,0.0,4.0,3.0,1.0,0.0,9.0,257.0,4.0,1.0,6.0,0.0,0.0,0.0,22.0,1.0,3.0,143.0,59.0,18.0,18.0,4.0,1.0,0.0,0.0,45.0,0.0,1.0,0.0,17.0,2.0,1.0,0.0,10.0,4.0,10.0,61.0,6.0,3.0,10.0,2.0,16.0,3.0,17.0,4.0,9.0,0.0,19.0,215.0,12.0,0.0,2.0,1.0,0.0,0.0,6.0,0.0,28.0,2.0,0.0,0.0,14.0,7.0,0.0,1.0,12.0,9.0,9.0,88.0,0.0,1.0,0.0,1.0,0.0,0.0,2.0,1.0,1.0,0.0,1.0,1.0,3.0,13.0,13.0,1.0,5.0,16.0,3.0,2.0,1.0,21.0,1.0,7.0,186.0,9.0,0.0,51.0,4.0,15.0,0.0,4.0,18.0,8.0,2.0,1.0,0.0,7.0,65.0,16.0,0.0,16.0,1.0,9.0,1.0,0.0,264.0,5.0,3.0,9.0,44.0,1.0,2.0,5.0,1.0,3.0,1.0,0.0,26.0,9.0,30.0,0.0,5.0,6.0,9.0,1.0,5.0,0.0,0.0,0.0,16.0,1.0,3.0,4.0,0.0,4.0,3.0,5.0,71.0,0.0,0.0,1.0,8.0,1.0,2.0,5.0,1.0,0.0,0.0,3.0,0.0,0.0,4.0,4.0,6.0,1.0,28.0,2.0,1.0,1.0,4.0,3.0,1.0,4.0,4.0,26.0,13.0,104.0,15.0,60.0,2.0,1.0,1.0,0.0,1.0,17.0,17.0,0.0,27.0,0.0,14.0,0.0,0.0,3.0,0.0,2.0,0.0,0.0,0.0,0.0,1.0,12.0,32.0,4.0,0.0,4.0,0.0,0.0,1.0,0.0,0.0,0.0,0.0,0.0,0.0,0.0,2.0,5.0,0.0,0.0,0.0,1.0,1.0,0.0,0.0,0.0,2.0,0.0,0.0,1.0,1.0,4.0,0.0,0.0,3.0,0.0,0.0,0.0,0.0,0.0,0.0,2.0,0.0,0.0,0.0,1.0,1.0,0.0,1.0,0.0,0.0,0.0,0.0,0.0,0.0,0.0,0.0,0.0,0.0,0.0,0.0,0.0,1.0,1.0,2.0,0.0,0.0,0.0,0.0,0.0,0.0,0.0,0.0,0.0,6.0,2.0,28.0,40.0,2.0,7.0,6.0,2.0,0.0,7.0,2.0,41.0,13.0,12.0,0.0,4.0,5.0,21.0,6.0,1.0,2.0,5.0,4.0,1.0,0.0,0.0,0.0,159.0,1.0,0.0,3.0,2.0,2.0,1.0,0.0,1.0,4.0,1.0,20.0,59.0,3.0,5.0,1272.0,0.0,105.0,116.0,2.0,17.0,2.0,4.0,3.0,86.0
2016-10-01,24.0,2.0,8.0,5.0,3.0,6.0,8.0,2.0,21.0,0.0,1.0,19.0,4.0,3.0,1.0,7.0,1.0,4.0,12.0,138.0,1.0,0.0,5.0,1.0,0.0,4.0,11.0,1.0,0.0,3.0,6.0,2.0,0.0,0.0,1.0,0.0,35.0,3.0,3.0,26.0,9.0,2.0,3.0,20.0,3.0,107.0,3.0,2.0,19.0,35.0,5.0,4.0,7.0,1.0,64.0,2.0,13.0,20.0,8.0,0.0,2.0,37.0,1.0,5.0,3.0,6.0,0.0,0.0,2.0,1.0,1.0,8.0,6.0,0.0,61.0,2.0,0.0,1.0,0.0,1.0,1.0,0.0,2.0,1.0,0.0,0.0,6.0,75.0,5.0,0.0,1.0,1.0,0.0,0.0,0.0,0.0,0.0,5.0,0.0,0.0,13.0,1.0,1.0,1.0,8.0,3.0,0.0,4.0,0.0,1.0,27.0,13.0,1.0,0.0,1.0,819.0,4.0,2.0,6.0,8.0,2.0,1.0,54.0,78.0,10.0,6.0,0.0,9.0,0.0,0.0,6.0,2.0,1.0,15.0,1.0,0.0,3.0,4.0,22.0,1.0,2.0,1.0,1.0,12.0,6.0,0.0,3.0,5.0,0.0,9.0,141.0,0.0,0.0,1.0,1.0,0.0,3.0,0.0,5.0,0.0,0.0,3.0,3.0,0.0,0.0,2.0,1.0,0.0,1.0,0.0,1.0,2.0,2.0,59.0,10.0,1.0,4.0,6.0,24.0,4.0,1.0,3.0,72.0,6.0,8.0,47.0,0.0,49.0,2.0,3.0,4.0,334.0,9.0,0.0,1.0,2.0,5.0,3.0,10.0,147.0,3.0,1.0,1.0,0.0,35.0,4.0,12.0,2.0,3.0,3.0,1.0,17.0,0.0,17.0,0.0,4.0,2.0,71.0,3.0,5.0,5.0,0.0,2.0,7.0,2.0,0.0,2.0,31.0,3.0,6.0,18.0,28.0,0.0,4.0,1.0,11.0,1.0,0.0,1.0,10.0,255.0,0.0,0.0,12.0,0.0,1.0,2.0,15.0,4.0,2.0,245.0,113.0,9.0,16.0,12.0,3.0,0.0,1.0,25.0,0.0,7.0,4.0,19.0,14.0,1.0,0.0,7.0,3.0,4.0,69.0,4.0,7.0,5.0,6.0,5.0,1.0,22.0,23.0,15.0,0.0,6.0,250.0,15.0,0.0,2.0,2.0,3.0,0.0,9.0,3.0,37.0,1.0,2.0,0.0,18.0,4.0,1.0,1.0,14.0,13.0,6.0,113.0,2.0,0.0,0.0,1.0,0.0,0.0,1.0,3.0,0.0,0.0,3.0,0.0,3.0,26.0,20.0,3.0,1.0,27.0,1.0,1.0,3.0,18.0,3.0,2.0,240.0,10.0,0.0,32.0,4.0,50.0,1.0,2.0,21.0,10.0,0.0,6.0,1.0,6.0,52.0,22.0,4.0,6.0,3.0,6.0,3.0,3.0,261.0,3.0,5.0,11.0,106.0,1.0,0.0,6.0,2.0,2.0,4.0,1.0,23.0,8.0,19.0,1.0,13.0,6.0,8.0,1.0,10.0,0.0,0.0,0.0,19.0,2.0,5.0,9.0,12.0,5.0,4.0,14.0,98.0,10.0,2.0,2.0,15.0,0.0,8.0,13.0,1.0,0.0,0.0,0.0,1.0,1.0,10.0,2.0,5.0,0.0,42.0,5.0,0.0,2.0,17.0,3.0,15.0,17.0,5.0,35.0,20.0,159.0,14.0,87.0,5.0,2.0,1.0,0.0,1.0,16.0,22.0,0.0,36.0,1.0,42.0,1.0,0.0,8.0,0.0,0.0,0.0,0.0,1.0,0.0,0.0,11.0,42.0,41.0,0.0,3.0,0.0,0.0,2.0,0.0,0.0,0.0,0.0,0.0,0.0,0.0,3.0,17.0,0.0,0.0,1.0,1.0,1.0,0.0,0.0,1.0,0.0,0.0,0.0,0.0,3.0,5.0,0.0,0.0,7.0,1.0,1.0,2.0,1.0,1.0,1.0,0.0,0.0,0.0,0.0,1.0,3.0,0.0,3.0,0.0,0.0,0.0,0.0,0.0,2.0,0.0,1.0,0.0,0.0,0.0,0.0,2.0,0.0,0.0,8.0,0.0,0.0,0.0,0.0,0.0,0.0,0.0,0.0,0.0,12.0,3.0,23.0,35.0,5.0,6.0,4.0,5.0,3.0,19.0,3.0,65.0,29.0,19.0,0.0,9.0,9.0,36.0,8.0,3.0,5.0,7.0,11.0,3.0,4.0,0.0,0.0,126.0,0.0,4.0,2.0,4.0,2.0,0.0,0.0,1.0,0.0,1.0,32.0,64.0,1.0,3.0,1721.0,0.0,112.0,161.0,3.0,22.0,4.0,5.0,7.0,79.0
2016-11-01,56.0,9.0,141.0,22.0,4.0,8.0,8.0,2.0,21.0,1.0,1.0,28.0,16.0,5.0,6.0,15.0,4.0,9.0,7.0,133.0,0.0,5.0,5.0,2.0,3.0,19.0,8.0,2.0,0.0,0.0,10.0,0.0,2.0,0.0,4.0,2.0,46.0,4.0,0.0,16.0,11.0,1.0,10.0,24.0,7.0,58.0,2.0,3.0,11.0,66.0,11.0,11.0,6.0,0.0,33.0,1.0,9.0,55.0,12.0,11.0,10.0,52.0,2.0,5.0,1.0,41.0,0.0,0.0,2.0,3.0,0.0,4.0,3.0,0.0,104.0,2.0,0.0,0.0,0.0,0.0,4.0,0.0,1.0,3.0,0.0,8.0,1.0,43.0,2.0,4.0,0.0,3.0,0.0,0.0,0.0,0.0,0.0,3.0,1.0,0.0,15.0,11.0,0.0,0.0,6.0,2.0,0.0,6.0,2.0,1.0,435.0,15.0,0.0,0.0,4.0,861.0,2.0,2.0,1.0,1.0,0.0,0.0,45.0,19.0,331.0,9.0,0.0,0.0,0.0,0.0,4.0,4.0,7.0,21.0,0.0,0.0,6.0,1.0,19.0,1.0,3.0,1.0,0.0,12.0,1.0,1.0,3.0,19.0,1.0,10.0,143.0,1.0,1.0,1.0,6.0,1.0,1.0,0.0,1.0,1.0,1.0,3.0,3.0,2.0,1.0,1.0,1.0,1.0,1.0,1.0,1.0,0.0,1.0,41.0,12.0,0.0,1.0,3.0,9.0,9.0,2.0,17.0,108.0,34.0,23.0,40.0,0.0,45.0,13.0,4.0,7.0,316.0,8.0,0.0,2.0,2.0,2.0,2.0,6.0,138.0,2.0,4.0,1.0,2.0,25.0,1.0,8.0,3.0,0.0,5.0,2.0,38.0,0.0,7.0,0.0,3.0,2.0,29.0,7.0,4.0,3.0,3.0,2.0,2.0,4.0,0.0,1.0,24.0,6.0,14.0,17.0,27.0,2.0,0.0,0.0,10.0,0.0,1.0,1.0,7.0,171.0,16.0,6.0,22.0,0.0,0.0,5.0,20.0,1.0,2.0,298.0,172.0,7.0,16.0,8.0,3.0,5.0,3.0,53.0,0.0,7.0,5.0,94.0,16.0,35.0,0.0,16.0,2.0,14.0,70.0,10.0,33.0,9.0,8.0,12.0,5.0,32.0,22.0,11.0,0.0,16.0,325.0,41.0,6.0,1.0,5.0,1.0,0.0,21.0,2.0,76.0,8.0,5.0,0.0,21.0,8.0,1.0,2.0,12.0,9.0,8.0,108.0,1.0,0.0,1.0,1.0,0.0,0.0,1.0,7.0,2.0,1.0,1.0,4.0,15.0,57.0,31.0,2.0,3.0,31.0,3.0,6.0,2.0,43.0,1.0,14.0,408.0,8.0,4.0,82.0,7.0,96.0,3.0,10.0,20.0,29.0,8.0,8.0,0.0,11.0,56.0,30.0,3.0,5.0,0.0,7.0,2.0,9.0,467.0,5.0,4.0,11.0,65.0,6.0,2.0,7.0,0.0,7.0,9.0,1.0,14.0,10.0,29.0,9.0,9.0,9.0,23.0,2.0,15.0,1.0,0.0,2.0,18.0,3.0,7.0,4.0,16.0,2.0,10.0,15.0,150.0,14.0,1.0,1.0,15.0,0.0,11.0,12.0,1.0,1.0,2.0,2.0,3.0,3.0,11.0,17.0,11.0,1.0,80.0,12.0,0.0,2.0,20.0,7.0,7.0,23.0,10.0,70.0,44.0,208.0,22.0,92.0,9.0,13.0,0.0,1.0,4.0,13.0,37.0,1.0,31.0,0.0,56.0,0.0,0.0,7.0,0.0,2.0,1.0,0.0,0.0,1.0,0.0,11.0,69.0,72.0,1.0,2.0,0.0,0.0,6.0,0.0,2.0,0.0,0.0,0.0,0.0,0.0,14.0,9.0,0.0,1.0,5.0,0.0,0.0,0.0,0.0,0.0,0.0,0.0,0.0,0.0,0.0,5.0,0.0,1.0,13.0,2.0,1.0,0.0,1.0,0.0,1.0,3.0,1.0,0.0,0.0,1.0,1.0,0.0,3.0,0.0,1.0,0.0,1.0,0.0,0.0,0.0,1.0,0.0,0.0,1.0,1.0,0.0,4.0,1.0,5.0,0.0,0.0,0.0,0.0,0.0,0.0,0.0,0.0,1.0,11.0,1.0,19.0,30.0,2.0,6.0,1.0,6.0,2.0,44.0,10.0,209.0,71.0,41.0,5.0,10.0,15.0,56.0,2.0,2.0,8.0,7.0,7.0,10.0,3.0,1.0,0.0,145.0,4.0,9.0,10.0,12.0,7.0,15.0,7.0,2.0,13.0,2.0,76.0,49.0,3.0,5.0,2185.0,2.0,155.0,172.0,25.0,19.0,4.0,4.0,18.0,108.0
2016-12-01,103.0,9.0,241.0,53.0,17.0,63.0,28.0,29.0,18.0,2.0,0.0,50.0,28.0,3.0,0.0,21.0,2.0,3.0,6.0,143.0,0.0,1.0,8.0,1.0,15.0,14.0,5.0,0.0,0.0,4.0,2.0,11.0,0.0,1.0,6.0,2.0,43.0,5.0,1.0,11.0,9.0,1.0,16.0,31.0,4.0,61.0,1.0,3.0,34.0,47.0,176.0,15.0,5.0,0.0,23.0,0.0,10.0,46.0,30.0,27.0,6.0,91.0,3.0,14.0,10.0,57.0,2.0,0.0,0.0,19.0,1.0,3.0,5.0,0.0,167.0,75.0,0.0,2.0,0.0,0.0,0.0,0.0,1.0,10.0,0.0,2.0,0.0,87.0,0.0,1.0,1.0,1.0,1.0,1.0,0.0,0.0,0.0,5.0,0.0,1.0,8.0,8.0,1.0,2.0,25.0,6.0,0.0,0.0,4.0,0.0,35.0,3.0,6.0,0.0,5.0,682.0,5.0,2.0,2.0,6.0,0.0,2.0,19.0,6.0,127.0,0.0,0.0,0.0,0.0,0.0,1.0,8.0,10.0,23.0,1.0,0.0,2.0,3.0,13.0,9.0,5.0,2.0,3.0,33.0,19.0,13.0,5.0,5.0,0.0,18.0,201.0,2.0,2.0,4.0,10.0,1.0,2.0,5.0,5.0,1.0,4.0,25.0,16.0,3.0,2.0,0.0,3.0,2.0,3.0,0.0,8.0,1.0,0.0,66.0,7.0,2.0,22.0,28.0,24.0,9.0,6.0,58.0,366.0,88.0,75.0,56.0,4.0,282.0,112.0,40.0,6.0,904.0,28.0,0.0,7.0,1.0,18.0,21.0,11.0,1167.0,14.0,2.0,4.0,0.0,39.0,2.0,17.0,3.0,0.0,8.0,25.0,19.0,0.0,10.0,1.0,1.0,1.0,40.0,6.0,9.0,2.0,0.0,0.0,6.0,4.0,0.0,3.0,21.0,6.0,25.0,25.0,25.0,58.0,62.0,4.0,142.0,0.0,2.0,1.0,6.0,218.0,18.0,2.0,24.0,0.0,23.0,1.0,70.0,3.0,2.0,484.0,589.0,11.0,15.0,18.0,22.0,3.0,16.0,40.0,1.0,11.0,27.0,44.0,26.0,57.0,4.0,74.0,23.0,13.0,120.0,19.0,33.0,38.0,16.0,45.0,14.0,111.0,12.0,156.0,1.0,86.0,1194.0,60.0,11.0,3.0,18.0,1.0,1.0,91.0,6.0,276.0,27.0,42.0,2.0,99.0,22.0,4.0,1.0,15.0,14.0,29.0,79.0,2.0,5.0,4.0,4.0,1.0,1.0,1.0,10.0,7.0,25.0,9.0,18.0,77.0,608.0,166.0,136.0,8.0,52.0,20.0,5.0,12.0,102.0,7.0,5.0,852.0,147.0,30.0,526.0,27.0,314.0,147.0,139.0,94.0,89.0,28.0,61.0,3.0,41.0,221.0,39.0,12.0,22.0,12.0,6.0,7.0,11.0,1402.0,41.0,4.0,37.0,178.0,5.0,8.0,8.0,3.0,54.0,266.0,30.0,68.0,77.0,459.0,71.0,131.0,9.0,48.0,2.0,19.0,3.0,0.0,2.0,110.0,4.0,5.0,7.0,38.0,5.0,10.0,15.0,178.0,12.0,10.0,14.0,263.0,4.0,13.0,17.0,8.0,1.0,2.0,5.0,1.0,4.0,37.0,17.0,12.0,3.0,95.0,13.0,0.0,0.0,7.0,6.0,20.0,44.0,10.0,65.0,35.0,392.0,26.0,126.0,6.0,5.0,2.0,1.0,5.0,13.0,43.0,1.0,30.0,3.0,85.0,0.0,1.0,47.0,1.0,15.0,1.0,1.0,2.0,0.0,3.0,13.0,66.0,75.0,3.0,0.0,7.0,0.0,6.0,0.0,2.0,0.0,0.0,2.0,0.0,0.0,34.0,113.0,0.0,4.0,5.0,1.0,1.0,1.0,2.0,0.0,0.0,0.0,0.0,0.0,3.0,13.0,0.0,0.0,17.0,1.0,2.0,2.0,1.0,1.0,2.0,5.0,0.0,0.0,0.0,2.0,3.0,3.0,3.0,1.0,2.0,0.0,0.0,1.0,2.0,0.0,0.0,0.0,4.0,3.0,1.0,2.0,2.0,2.0,18.0,1.0,1.0,0.0,0.0,0.0,0.0,1.0,0.0,2.0,17.0,8.0,65.0,432.0,26.0,29.0,8.0,10.0,30.0,168.0,32.0,324.0,141.0,114.0,6.0,25.0,77.0,115.0,11.0,27.0,13.0,22.0,7.0,7.0,17.0,3.0,2.0,301.0,12.0,37.0,20.0,11.0,6.0,42.0,13.0,2.0,19.0,2.0,135.0,156.0,9.0,21.0,3013.0,1.0,296.0,254.0,46.0,29.0,34.0,23.0,23.0,378.0
2017-01-01,182.0,17.0,141.0,98.0,21.0,38.0,22.0,71.0,22.0,1.0,1.0,145.0,127.0,21.0,0.0,11.0,6.0,10.0,77.0,356.0,0.0,2.0,13.0,7.0,38.0,31.0,12.0,0.0,0.0,0.0,1.0,12.0,0.0,1.0,2.0,0.0,34.0,6.0,5.0,8.0,18.0,7.0,30.0,36.0,452.0,198.0,13.0,45.0,124.0,165.0,821.0,53.0,40.0,11.0,108.0,4.0,116.0,167.0,40.0,31.0,20.0,123.0,6.0,76.0,1.0,77.0,3.0,0.0,3.0,0.0,2.0,11.0,41.0,7.0,212.0,13.0,21.0,19.0,0.0,0.0,0.0,2.0,46.0,20.0,21.0,5.0,4.0,117.0,12.0,2.0,1.0,9.0,0.0,5.0,1.0,1.0,0.0,7.0,0.0,2.0,6.0,3.0,0.0,0.0,3.0,2.0,0.0,0.0,1.0,2.0,0.0,5.0,25.0,4.0,4.0,1711.0,58.0,15.0,15.0,3.0,3.0,6.0,232.0,1.0,105.0,2.0,0.0,0.0,3.0,16.0,1.0,2.0,46.0,32.0,3.0,0.0,4.0,7.0,26.0,0.0,0.0,2.0,0.0,35.0,22.0,2.0,7.0,8.0,2.0,35.0,316.0,7.0,2.0,7.0,7.0,0.0,2.0,0.0,2.0,0.0,0.0,0.0,0.0,1.0,6.0,0.0,1.0,5.0,4.0,2.0,0.0,0.0,0.0,145.0,8.0,0.0,1.0,3.0,1.0,4.0,0.0,12.0,61.0,10.0,2.0,77.0,4.0,10.0,11.0,55.0,10.0,222.0,36.0,2.0,1.0,0.0,2.0,2.0,3.0,81.0,1.0,1.0,0.0,6.0,53.0,2.0,1.0,2.0,0.0,1.0,0.0,3.0,1.0,14.0,5.0,3.0,1.0,43.0,8.0,6.0,5.0,2.0,10.0,10.0,1.0,2.0,3.0,13.0,6.0,9.0,34.0,21.0,0.0,2.0,0.0,12.0,3.0,1.0,1.0,9.0,242.0,6.0,0.0,18.0,0.0,3.0,12.0,262.0,7.0,2.0,347.0,965.0,22.0,12.0,8.0,75.0,6.0,9.0,93.0,2.0,6.0,66.0,51.0,74.0,94.0,191.0,797.0,65.0,21.0,190.0,14.0,49.0,43.0,12.0,14.0,21.0,39.0,22.0,30.0,1.0,67.0,749.0,36.0,10.0,6.0,15.0,6.0,3.0,831.0,3.0,156.0,88.0,122.0,1.0,35.0,7.0,3.0,1.0,53.0,7.0,10.0,234.0,3.0,7.0,3.0,8.0,2.0,0.0,4.0,8.0,7.0,6.0,10.0,4.0,36.0,95.0,29.0,8.0,18.0,184.0,19.0,10.0,21.0,26.0,12.0,9.0,706.0,14.0,17.0,142.0,16.0,46.0,8.0,8.0,22.0,23.0,18.0,11.0,1.0,24.0,126.0,57.0,15.0,59.0,15.0,18.0,0.0,14.0,1208.0,5.0,0.0,5.0,163.0,11.0,3.0,1.0,4.0,1.0,13.0,6.0,24.0,7.0,37.0,4.0,9.0,10.0,7.0,2.0,11.0,2.0,0.0,3.0,19.0,7.0,2.0,5.0,20.0,6.0,12.0,13.0,59.0,3.0,1.0,2.0,9.0,1.0,6.0,2.0,1.0,0.0,0.0,4.0,0.0,2.0,14.0,3.0,11.0,3.0,72.0,15.0,1.0,5.0,9.0,15.0,5.0,18.0,9.0,46.0,42.0,72.0,18.0,126.0,7.0,12.0,1.0,0.0,6.0,44.0,67.0,0.0,12.0,2.0,61.0,0.0,0.0,8.0,1.0,1.0,0.0,3.0,3.0,0.0,0.0,8.0,57.0,13.0,2.0,4.0,0.0,2.0,4.0,1.0,1.0,1.0,1.0,3.0,0.0,1.0,35.0,11.0,1.0,1.0,1.0,0.0,0.0,0.0,1.0,1.0,0.0,0.0,0.0,1.0,0.0,4.0,0.0,0.0,19.0,1.0,2.0,0.0,1.0,0.0,3.0,5.0,0.0,0.0,0.0,6.0,3.0,0.0,5.0,0.0,0.0,1.0,0.0,1.0,1.0,0.0,1.0,0.0,0.0,2.0,0.0,1.0,3.0,0.0,4.0,1.0,0.0,3.0,0.0,0.0,1.0,2.0,0.0,1.0,20.0,1.0,62.0,94.0,10.0,6.0,11.0,20.0,5.0,41.0,11.0,65.0,120.0,69.0,15.0,26.0,26.0,55.0,5.0,7.0,11.0,4.0,10.0,17.0,1.0,9.0,18.0,687.0,42.0,11.0,3.0,17.0,8.0,47.0,12.0,7.0,122.0,12.0,527.0,118.0,6.0,14.0,3764.0,2.0,548.0,468.0,24.0,26.0,4.0,18.0,16.0,200.0
2017-02-01,128.0,16.0,39.0,128.0,17.0,52.0,22.0,108.0,41.0,1.0,2.0,107.0,76.0,6.0,0.0,25.0,3.0,4.0,81.0,349.0,0.0,6.0,12.0,4.0,23.0,49.0,9.0,0.0,2.0,1.0,9.0,8.0,1.0,2.0,2.0,2.0,56.0,17.0,11.0,16.0,8.0,1.0,61.0,32.0,345.0,347.0,68.0,62.0,302.0,157.0,293.0,91.0,60.0,12.0,110.0,4.0,118.0,208.0,53.0,55.0,24.0,227.0,7.0,86.0,13.0,252.0,7.0,0.0,20.0,3.0,15.0,45.0,146.0,12.0,586.0,42.0,11.0,24.0,1.0,0.0,7.0,29.0,137.0,403.0,95.0,0.0,1.0,159.0,28.0,3.0,2.0,1.0,0.0,8.0,1.0,1.0,0.0,8.0,0.0,1.0,22.0,1.0,2.0,0.0,8.0,5.0,0.0,2.0,2.0,1.0,1.0,32.0,36.0,53.0,16.0,3299.0,101.0,16.0,78.0,14.0,3.0,23.0,63.0,3.0,89.0,3.0,1.0,0.0,4.0,43.0,5.0,6.0,191.0,129.0,4.0,0.0,3.0,2.0,28.0,1.0,2.0,5.0,0.0,11.0,29.0,4.0,16.0,8.0,1.0,27.0,302.0,3.0,4.0,4.0,18.0,2.0,1.0,3.0,0.0,0.0,0.0,3.0,0.0,9.0,2.0,0.0,4.0,1.0,1.0,0.0,9.0,1.0,1.0,177.0,19.0,1.0,0.0,6.0,1.0,4.0,0.0,13.0,61.0,10.0,9.0,51.0,6.0,22.0,3.0,9.0,7.0,221.0,26.0,0.0,1.0,1.0,5.0,0.0,3.0,77.0,1.0,2.0,0.0,6.0,40.0,2.0,4.0,2.0,0.0,0.0,0.0,0.0,0.0,6.0,1.0,2.0,2.0,16.0,0.0,1.0,16.0,7.0,8.0,5.0,2.0,4.0,0.0,15.0,9.0,9.0,415.0,11.0,0.0,1.0,0.0,13.0,1.0,0.0,1.0,4.0,153.0,11.0,1.0,10.0,1.0,4.0,5.0,110.0,12.0,4.0,210.0,511.0,15.0,22.0,5.0,116.0,4.0,16.0,151.0,0.0,1.0,18.0,120.0,23.0,105.0,32.0,225.0,21.0,27.0,273.0,23.0,50.0,44.0,26.0,9.0,14.0,60.0,23.0,32.0,3.0,18.0,567.0,17.0,12.0,4.0,4.0,10.0,0.0,1246.0,6.0,176.0,85.0,58.0,1.0,13.0,6.0,0.0,2.0,63.0,10.0,6.0,410.0,0.0,4.0,5.0,6.0,0.0,0.0,8.0,9.0,8.0,0.0,2.0,3.0,21.0,41.0,40.0,0.0,14.0,166.0,8.0,12.0,31.0,21.0,6.0,9.0,377.0,8.0,8.0,75.0,9.0,28.0,1.0,5.0,21.0,14.0,7.0,8.0,1.0,53.0,121.0,67.0,14.0,33.0,8.0,12.0,3.0,7.0,1046.0,2.0,2.0,5.0,157.0,8.0,2.0,2.0,4.0,2.0,14.0,2.0,30.0,13.0,41.0,1.0,7.0,15.0,18.0,0.0,21.0,5.0,0.0,1.0,25.0,4.0,5.0,2.0,8.0,5.0,10.0,24.0,100.0,0.0,2.0,1.0,12.0,2.0,3.0,7.0,2.0,2.0,1.0,0.0,1.0,2.0,18.0,2.0,17.0,0.0,105.0,9.0,2.0,4.0,12.0,21.0,7.0,27.0,12.0,114.0,39.0,43.0,12.0,87.0,10.0,10.0,0.0,1.0,1.0,58.0,61.0,2.0,21.0,1.0,49.0,0.0,2.0,8.0,2.0,3.0,0.0,1.0,3.0,0.0,1.0,4.0,33.0,13.0,0.0,0.0,0.0,0.0,0.0,0.0,0.0,0.0,0.0,0.0,0.0,0.0,12.0,3.0,1.0,6.0,0.0,1.0,0.0,0.0,1.0,0.0,0.0,0.0,0.0,0.0,0.0,1.0,0.0,0.0,9.0,0.0,2.0,0.0,0.0,0.0,1.0,0.0,0.0,0.0,0.0,1.0,5.0,0.0,1.0,1.0,1.0,0.0,0.0,0.0,0.0,1.0,0.0,0.0,1.0,0.0,0.0,0.0,1.0,0.0,6.0,1.0,1.0,0.0,0.0,0.0,0.0,1.0,0.0,0.0,30.0,2.0,71.0,101.0,16.0,3.0,10.0,11.0,1.0,23.0,10.0,40.0,80.0,39.0,23.0,30.0,13.0,64.0,8.0,11.0,26.0,10.0,17.0,38.0,6.0,7.0,25.0,954.0,34.0,23.0,13.0,21.0,9.0,43.0,6.0,3.0,128.0,20.0,410.0,135.0,4.0,14.0,4504.0,6.0,676.0,442.0,22.0,62.0,7.0,42.0,19.0,246.0
2017-03-01,69.0,25.0,40.0,76.0,16.0,38.0,21.0,83.0,51.0,2.0,4.0,88.0,70.0,8.0,2.0,11.0,22.0,13.0,62.0,395.0,0.0,10.0,26.0,3.0,22.0,26.0,22.0,0.0,3.0,9.0,10.0,24.0,2.0,0.0,3.0,3.0,44.0,8.0,6.0,13.0,17.0,3.0,44.0,33.0,113.0,387.0,49.0,36.0,419.0,176.0,76.0,77.0,85.0,0.0,89.0,7.0,162.0,334.0,56.0,33.0,35.0,200.0,6.0,113.0,23.0,180.0,7.0,1.0,1.0,7.0,12.0,41.0,126.0,30.0,484.0,9.0,9.0,32.0,5.0,7.0,18.0,17.0,42.0,333.0,128.0,7.0,19.0,451.0,47.0,4.0,3.0,8.0,1.0,40.0,4.0,3.0,1.0,11.0,0.0,1.0,18.0,6.0,11.0,0.0,26.0,12.0,1.0,6.0,7.0,15.0,74.0,38.0,135.0,136.0,29.0,5854.0,178.0,52.0,95.0,66.0,16.0,38.0,172.0,11.0,27.0,9.0,2.0,3.0,1.0,277.0,4.0,27.0,378.0,282.0,19.0,0.0,34.0,9.0,44.0,3.0,14.0,17.0,6.0,119.0,66.0,28.0,34.0,13.0,4.0,39.0,516.0,2.0,1.0,2.0,13.0,7.0,5.0,2.0,13.0,1.0,6.0,0.0,0.0,5.0,5.0,0.0,1.0,4.0,6.0,6.0,1.0,6.0,1.0,346.0,11.0,1.0,1.0,8.0,0.0,3.0,1.0,16.0,121.0,8.0,6.0,74.0,6.0,50.0,7.0,14.0,5.0,324.0,62.0,0.0,3.0,3.0,6.0,1.0,3.0,112.0,2.0,0.0,0.0,21.0,85.0,2.0,2.0,2.0,0.0,10.0,0.0,0.0,0.0,24.0,3.0,6.0,1.0,19.0,0.0,3.0,24.0,143.0,31.0,6.0,2.0,2.0,0.0,24.0,25.0,10.0,177.0,18.0,0.0,3.0,2.0,10.0,3.0,0.0,2.0,7.0,284.0,17.0,3.0,24.0,2.0,2.0,9.0,50.0,12.0,2.0,264.0,237.0,12.0,31.0,18.0,204.0,15.0,14.0,396.0,1.0,7.0,36.0,199.0,22.0,264.0,16.0,208.0,61.0,47.0,464.0,54.0,94.0,78.0,30.0,7.0,12.0,28.0,19.0,40.0,0.0,8.0,637.0,21.0,4.0,1.0,8.0,6.0,1.0,884.0,19.0,315.0,43.0,47.0,5.0,23.0,4.0,0.0,7.0,45.0,9.0,10.0,607.0,5.0,3.0,3.0,5.0,1.0,1.0,32.0,6.0,6.0,1.0,3.0,1.0,23.0,30.0,27.0,2.0,20.0,205.0,12.0,13.0,23.0,47.0,11.0,24.0,875.0,6.0,5.0,71.0,3.0,35.0,4.0,15.0,14.0,11.0,9.0,3.0,1.0,34.0,154.0,81.0,5.0,66.0,49.0,16.0,0.0,7.0,1134.0,9.0,11.0,10.0,138.0,3.0,5.0,2.0,7.0,1.0,13.0,3.0,21.0,9.0,26.0,3.0,17.0,16.0,13.0,1.0,11.0,4.0,0.0,1.0,21.0,3.0,4.0,7.0,5.0,3.0,9.0,8.0,106.0,2.0,0.0,0.0,10.0,1.0,3.0,0.0,0.0,0.0,0.0,1.0,0.0,1.0,17.0,4.0,28.0,2.0,105.0,9.0,0.0,8.0,50.0,18.0,6.0,15.0,7.0,149.0,48.0,30.0,26.0,109.0,16.0,10.0,0.0,0.0,2.0,19.0,32.0,2.0,19.0,2.0,29.0,0.0,3.0,4.0,5.0,3.0,0.0,2.0,1.0,0.0,0.0,11.0,41.0,15.0,3.0,5.0,0.0,0.0,2.0,0.0,0.0,0.0,0.0,2.0,0.0,0.0,5.0,12.0,1.0,4.0,1.0,0.0,0.0,1.0,1.0,0.0,0.0,0.0,0.0,0.0,1.0,0.0,0.0,0.0,11.0,0.0,1.0,1.0,0.0,0.0,1.0,1.0,1.0,0.0,1.0,0.0,2.0,0.0,3.0,0.0,0.0,0.0,0.0,1.0,0.0,1.0,0.0,0.0,0.0,0.0,0.0,0.0,0.0,1.0,4.0,0.0,0.0,0.0,1.0,0.0,0.0,1.0,0.0,3.0,45.0,7.0,48.0,99.0,12.0,3.0,8.0,3.0,5.0,17.0,11.0,25.0,83.0,38.0,19.0,5.0,22.0,67.0,13.0,10.0,63.0,12.0,43.0,25.0,23.0,3.0,37.0,1387.0,9.0,21.0,13.0,25.0,10.0,55.0,14.0,8.0,127.0,26.0,443.0,382.0,4.0,25.0,6239.0,3.0,1489.0,652.0,97.0,73.0,13.0,22.0,18.0,577.0
2017-04-01,35.0,10.0,10.0,20.0,15.0,28.0,13.0,17.0,21.0,0.0,1.0,69.0,46.0,10.0,0.0,9.0,16.0,19.0,57.0,384.0,0.0,5.0,11.0,1.0,7.0,9.0,27.0,2.0,5.0,6.0,16.0,11.0,3.0,0.0,1.0,2.0,19.0,4.0,4.0,15.0,19.0,1.0,7.0,16.0,36.0,33.0,13.0,3.0,255.0,51.0,30.0,21.0,22.0,4.0,74.0,4.0,64.0,337.0,54.0,18.0,49.0,226.0,5.0,113.0,23.0,158.0,2.0,1.0,2.0,3.0,1.0,18.0,88.0,5.0,224.0,2.0,0.0,12.0,3.0,10.0,30.0,18.0,35.0,236.0,98.0,6.0,60.0,680.0,73.0,7.0,5.0,2.0,0.0,39.0,15.0,6.0,0.0,29.0,3.0,2.0,26.0,9.0,7.0,0.0,116.0,95.0,15.0,14.0,26.0,12.0,88.0,47.0,175.0,88.0,99.0,9698.0,75.0,106.0,74.0,47.0,273.0,51.0,192.0,143.0,22.0,108.0,7.0,5.0,2.0,217.0,10.0,42.0,918.0,84.0,5.0,0.0,7.0,0.0,15.0,0.0,8.0,11.0,6.0,45.0,47.0,28.0,28.0,7.0,5.0,27.0,668.0,1.0,0.0,0.0,5.0,1.0,0.0,0.0,6.0,1.0,1.0,3.0,0.0,2.0,16.0,3.0,2.0,3.0,14.0,2.0,1.0,3.0,1.0,268.0,17.0,2.0,4.0,18.0,0.0,5.0,0.0,22.0,137.0,118.0,21.0,184.0,29.0,20.0,5.0,18.0,2.0,191.0,45.0,0.0,1.0,1.0,5.0,1.0,17.0,133.0,2.0,1.0,6.0,26.0,132.0,0.0,3.0,1.0,1.0,6.0,0.0,2.0,1.0,22.0,2.0,6.0,2.0,30.0,3.0,3.0,16.0,124.0,18.0,6.0,1.0,5.0,2.0,15.0,14.0,13.0,40.0,12.0,2.0,2.0,0.0,19.0,2.0,0.0,2.0,4.0,366.0,5.0,2.0,26.0,0.0,5.0,5.0,72.0,4.0,0.0,198.0,161.0,23.0,24.0,24.0,136.0,21.0,41.0,518.0,0.0,15.0,33.0,98.0,33.0,5.0,11.0,196.0,36.0,93.0,442.0,31.0,133.0,46.0,28.0,6.0,6.0,8.0,20.0,23.0,1.0,5.0,378.0,9.0,2.0,2.0,3.0,3.0,1.0,199.0,9.0,363.0,94.0,21.0,1.0,24.0,2.0,3.0,1.0,23.0,9.0,11.0,354.0,0.0,1.0,8.0,5.0,2.0,0.0,45.0,5.0,1.0,2.0,0.0,2.0,13.0,27.0,15.0,1.0,96.0,170.0,11.0,4.0,22.0,19.0,14.0,7.0,415.0,6.0,2.0,37.0,13.0,72.0,2.0,3.0,7.0,7.0,0.0,4.0,0.0,10.0,131.0,62.0,3.0,42.0,6.0,5.0,3.0,21.0,1038.0,6.0,7.0,6.0,132.0,8.0,1.0,0.0,2.0,0.0,12.0,1.0,29.0,14.0,17.0,2.0,6.0,12.0,16.0,1.0,6.0,1.0,0.0,1.0,10.0,2.0,2.0,17.0,3.0,2.0,2.0,6.0,86.0,0.0,0.0,0.0,11.0,0.0,0.0,4.0,0.0,1.0,0.0,0.0,0.0,1.0,8.0,1.0,13.0,0.0,108.0,8.0,0.0,1.0,34.0,5.0,2.0,12.0,2.0,82.0,15.0,128.0,11.0,54.0,7.0,3.0,1.0,3.0,2.0,4.0,32.0,0.0,11.0,4.0,30.0,1.0,1.0,1.0,3.0,1.0,0.0,3.0,1.0,0.0,0.0,1.0,22.0,6.0,0.0,2.0,0.0,0.0,1.0,0.0,0.0,0.0,0.0,0.0,0.0,0.0,9.0,1.0,0.0,5.0,0.0,0.0,0.0,0.0,1.0,0.0,0.0,0.0,0.0,0.0,1.0,5.0,0.0,0.0,7.0,0.0,0.0,1.0,0.0,0.0,0.0,0.0,0.0,0.0,0.0,0.0,0.0,0.0,0.0,0.0,3.0,0.0,0.0,0.0,1.0,0.0,0.0,1.0,0.0,0.0,0.0,0.0,1.0,0.0,6.0,0.0,0.0,0.0,0.0,0.0,0.0,0.0,0.0,0.0,39.0,1.0,30.0,74.0,4.0,1.0,1.0,2.0,24.0,5.0,14.0,41.0,68.0,20.0,9.0,7.0,15.0,63.0,4.0,1.0,24.0,27.0,10.0,15.0,14.0,2.0,16.0,865.0,12.0,4.0,7.0,39.0,11.0,73.0,27.0,7.0,116.0,25.0,279.0,463.0,7.0,27.0,7716.0,7.0,1451.0,321.0,84.0,70.0,23.0,31.0,30.0,619.0
2017-05-01,22.0,2.0,18.0,12.0,10.0,17.0,5.0,5.0,25.0,0.0,1.0,44.0,28.0,3.0,1.0,11.0,2.0,22.0,2.0,226.0,0.0,0.0,7.0,0.0,5.0,1.0,39.0,2.0,5.0,6.0,8.0,5.0,0.0,1.0,5.0,33.0,21.0,5.0,57.0,20.0,12.0,3.0,10.0,7.0,16.0,11.0,26.0,2.0,129.0,24.0,22.0,5.0,22.0,0.0,71.0,12.0,48.0,278.0,53.0,27.0,11.0,261.0,1.0,129.0,20.0,150.0,1.0,7.0,0.0,3.0,7.0,13.0,63.0,7.0,146.0,16.0,1.0,29.0,3.0,2.0,187.0,26.0,8.0,166.0,17.0,24.0,127.0,687.0,91.0,114.0,4.0,2.0,1.0,98.0,7.0,30.0,10.0,223.0,5.0,19.0,33.0,4.0,9.0,0.0,352.0,144.0,9.0,15.0,34.0,7.0,27.0,19.0,30.0,33.0,17.0,3331.0,36.0,56.0,370.0,28.0,319.0,26.0,185.0,102.0,13.0,259.0,70.0,27.0,5.0,114.0,125.0,143.0,602.0,107.0,7.0,0.0,10.0,1.0,47.0,2.0,0.0,3.0,2.0,18.0,53.0,5.0,27.0,23.0,1.0,15.0,374.0,2.0,2.0,16.0,4.0,2.0,2.0,0.0,3.0,1.0,4.0,2.0,1.0,3.0,3.0,4.0,4.0,7.0,6.0,2.0,0.0,1.0,2.0,284.0,8.0,2.0,3.0,16.0,3.0,6.0,2.0,24.0,241.0,43.0,16.0,482.0,24.0,40.0,15.0,21.0,8.0,196.0,60.0,0.0,0.0,2.0,6.0,5.0,19.0,357.0,2.0,1.0,1.0,15.0,85.0,1.0,1.0,0.0,0.0,6.0,1.0,0.0,0.0,28.0,0.0,5.0,0.0,32.0,4.0,5.0,48.0,37.0,19.0,3.0,3.0,17.0,1.0,10.0,10.0,15.0,68.0,27.0,0.0,2.0,3.0,31.0,0.0,0.0,1.0,4.0,284.0,5.0,1.0,29.0,12.0,2.0,0.0,45.0,4.0,2.0,135.0,115.0,62.0,33.0,131.0,104.0,2.0,60.0,255.0,0.0,36.0,34.0,79.0,35.0,10.0,13.0,90.0,26.0,75.0,335.0,22.0,115.0,29.0,27.0,11.0,6.0,5.0,11.0,18.0,0.0,3.0,277.0,5.0,2.0,0.0,2.0,1.0,0.0,118.0,2.0,460.0,49.0,19.0,2.0,17.0,2.0,2.0,0.0,19.0,4.0,5.0,181.0,3.0,2.0,1.0,1.0,1.0,0.0,9.0,0.0,2.0,0.0,0.0,0.0,8.0,29.0,8.0,1.0,126.0,145.0,4.0,2.0,10.0,29.0,7.0,3.0,377.0,3.0,7.0,43.0,7.0,22.0,6.0,4.0,5.0,1.0,0.0,0.0,0.0,3.0,160.0,36.0,2.0,59.0,1.0,1.0,0.0,24.0,834.0,1.0,2.0,7.0,86.0,3.0,1.0,4.0,6.0,5.0,18.0,1.0,8.0,11.0,15.0,2.0,9.0,22.0,9.0,0.0,1.0,2.0,0.0,0.0,14.0,2.0,0.0,4.0,4.0,1.0,4.0,5.0,45.0,0.0,3.0,3.0,7.0,1.0,3.0,1.0,0.0,0.0,0.0,0.0,0.0,0.0,5.0,2.0,5.0,0.0,77.0,4.0,0.0,2.0,25.0,3.0,4.0,9.0,5.0,31.0,10.0,97.0,9.0,34.0,3.0,2.0,1.0,1.0,0.0,4.0,24.0,0.0,14.0,0.0,12.0,0.0,1.0,1.0,0.0,0.0,0.0,1.0,0.0,1.0,1.0,4.0,37.0,22.0,1.0,0.0,0.0,0.0,0.0,0.0,1.0,1.0,1.0,0.0,0.0,0.0,7.0,4.0,0.0,2.0,0.0,0.0,1.0,0.0,0.0,0.0,0.0,0.0,0.0,0.0,0.0,4.0,0.0,0.0,8.0,0.0,1.0,0.0,0.0,0.0,0.0,0.0,0.0,0.0,0.0,0.0,2.0,0.0,0.0,0.0,1.0,0.0,0.0,0.0,1.0,0.0,0.0,1.0,0.0,0.0,0.0,0.0,0.0,1.0,1.0,1.0,0.0,0.0,0.0,0.0,0.0,1.0,0.0,2.0,16.0,1.0,28.0,41.0,6.0,0.0,2.0,4.0,22.0,19.0,10.0,13.0,41.0,15.0,1.0,9.0,8.0,63.0,4.0,17.0,10.0,27.0,5.0,24.0,5.0,3.0,1.0,589.0,8.0,7.0,9.0,25.0,7.0,57.0,17.0,7.0,117.0,23.0,233.0,484.0,6.0,42.0,8925.0,16.0,1842.0,297.0,101.0,72.0,32.0,46.0,43.0,897.0
2017-06-01,17.0,6.0,8.0,8.0,3.0,18.0,3.0,2.0,11.0,0.0,4.0,26.0,19.0,0.0,0.0,9.0,7.0,16.0,5.0,154.0,0.0,1.0,3.0,1.0,5.0,2.0,28.0,3.0,6.0,4.0,7.0,2.0,1.0,0.0,1.0,4.0,12.0,4.0,71.0,5.0,12.0,1.0,15.0,5.0,7.0,22.0,26.0,0.0,34.0,7.0,7.0,1.0,9.0,0.0,29.0,4.0,25.0,54.0,20.0,19.0,6.0,105.0,0.0,89.0,13.0,132.0,1.0,0.0,1.0,3.0,6.0,6.0,8.0,4.0,49.0,5.0,1.0,15.0,3.0,1.0,142.0,19.0,1.0,57.0,15.0,32.0,72.0,401.0,45.0,8.0,48.0,4.0,0.0,30.0,0.0,70.0,17.0,89.0,16.0,12.0,18.0,6.0,9.0,2.0,65.0,44.0,3.0,10.0,5.0,3.0,18.0,11.0,9.0,12.0,1.0,990.0,23.0,37.0,469.0,13.0,46.0,5.0,81.0,50.0,48.0,145.0,115.0,30.0,9.0,58.0,181.0,90.0,115.0,77.0,1.0,1.0,8.0,5.0,49.0,9.0,0.0,16.0,0.0,14.0,19.0,2.0,12.0,20.0,0.0,19.0,381.0,1.0,1.0,21.0,5.0,3.0,0.0,0.0,0.0,3.0,3.0,1.0,0.0,3.0,0.0,0.0,2.0,5.0,11.0,3.0,2.0,1.0,3.0,297.0,4.0,0.0,0.0,8.0,2.0,2.0,0.0,5.0,201.0,51.0,16.0,477.0,30.0,29.0,11.0,21.0,4.0,213.0,81.0,0.0,1.0,0.0,3.0,2.0,16.0,396.0,4.0,3.0,8.0,9.0,77.0,2.0,2.0,1.0,1.0,2.0,0.0,0.0,0.0,8.0,0.0,1.0,1.0,28.0,2.0,0.0,36.0,19.0,6.0,3.0,2.0,17.0,8.0,4.0,3.0,4.0,47.0,14.0,0.0,1.0,0.0,23.0,2.0,0.0,3.0,0.0,198.0,1.0,0.0,26.0,0.0,1.0,0.0,15.0,3.0,0.0,79.0,84.0,33.0,6.0,43.0,55.0,1.0,9.0,77.0,0.0,10.0,4.0,18.0,35.0,7.0,19.0,31.0,14.0,38.0,169.0,13.0,49.0,11.0,10.0,5.0,4.0,1.0,9.0,13.0,2.0,1.0,128.0,7.0,0.0,1.0,1.0,2.0,0.0,28.0,2.0,483.0,20.0,15.0,1.0,7.0,3.0,1.0,0.0,5.0,4.0,0.0,40.0,0.0,1.0,0.0,1.0,0.0,0.0,6.0,0.0,1.0,0.0,2.0,1.0,1.0,3.0,2.0,2.0,79.0,60.0,5.0,1.0,2.0,19.0,3.0,4.0,273.0,3.0,2.0,31.0,2.0,13.0,7.0,2.0,8.0,0.0,0.0,0.0,0.0,2.0,98.0,15.0,4.0,58.0,0.0,2.0,0.0,23.0,549.0,3.0,4.0,1.0,66.0,4.0,4.0,3.0,0.0,2.0,3.0,4.0,7.0,5.0,5.0,0.0,8.0,11.0,7.0,0.0,1.0,0.0,0.0,0.0,3.0,0.0,0.0,7.0,3.0,0.0,7.0,4.0,37.0,1.0,1.0,0.0,3.0,0.0,1.0,1.0,0.0,0.0,0.0,1.0,1.0,1.0,4.0,1.0,2.0,1.0,26.0,6.0,0.0,3.0,17.0,1.0,1.0,4.0,3.0,9.0,15.0,59.0,6.0,31.0,1.0,3.0,1.0,2.0,0.0,0.0,18.0,0.0,15.0,0.0,6.0,1.0,0.0,2.0,0.0,1.0,0.0,0.0,0.0,0.0,0.0,3.0,15.0,5.0,0.0,1.0,0.0,0.0,0.0,0.0,0.0,0.0,0.0,1.0,0.0,0.0,4.0,1.0,0.0,0.0,0.0,0.0,1.0,0.0,0.0,0.0,0.0,0.0,0.0,0.0,1.0,3.0,0.0,0.0,5.0,0.0,0.0,1.0,0.0,0.0,0.0,0.0,0.0,0.0,0.0,0.0,0.0,0.0,0.0,1.0,0.0,0.0,0.0,0.0,1.0,0.0,0.0,0.0,0.0,0.0,0.0,0.0,0.0,0.0,0.0,0.0,0.0,0.0,0.0,0.0,0.0,0.0,1.0,0.0,9.0,4.0,18.0,30.0,5.0,0.0,1.0,4.0,15.0,10.0,4.0,19.0,39.0,8.0,2.0,4.0,5.0,45.0,0.0,19.0,4.0,8.0,2.0,10.0,4.0,2.0,1.0,328.0,3.0,9.0,2.0,24.0,5.0,42.0,23.0,0.0,68.0,8.0,101.0,200.0,2.0,56.0,5469.0,5.0,889.0,165.0,87.0,45.0,3.0,53.0,33.0,678.0
2017-07-01,14.0,4.0,5.0,7.0,3.0,8.0,1.0,2.0,28.0,0.0,0.0,16.0,12.0,10.0,0.0,16.0,18.0,14.0,6.0,147.0,1.0,1.0,0.0,0.0,2.0,1.0,28.0,3.0,3.0,5.0,1.0,5.0,0.0,0.0,0.0,15.0,13.0,2.0,58.0,1.0,51.0,0.0,8.0,1.0,9.0,14.0,4.0,0.0,23.0,5.0,2.0,0.0,0.0,0.0,23.0,0.0,10.0,45.0,9.0,4.0,2.0,51.0,2.0,16.0,10.0,121.0,0.0,0.0,0.0,0.0,4.0,20.0,7.0,3.0,51.0,0.0,1.0,10.0,5.0,0.0,20.0,8.0,1.0,14.0,2.0,22.0,70.0,239.0,33.0,0.0,20.0,5.0,1.0,16.0,3.0,37.0,2.0,16.0,4.0,8.0,12.0,0.0,0.0,0.0,13.0,5.0,0.0,7.0,0.0,0.0,0.0,5.0,10.0,13.0,4.0,548.0,20.0,13.0,233.0,6.0,52.0,10.0,49.0,41.0,16.0,26.0,19.0,21.0,1.0,29.0,74.0,31.0,35.0,56.0,9.0,0.0,4.0,0.0,26.0,1.0,0.0,12.0,0.0,17.0,30.0,0.0,4.0,13.0,2.0,20.0,291.0,1.0,14.0,13.0,6.0,1.0,0.0,4.0,1.0,1.0,1.0,2.0,1.0,2.0,2.0,2.0,3.0,7.0,32.0,2.0,17.0,0.0,3.0,251.0,7.0,1.0,3.0,6.0,0.0,3.0,2.0,6.0,168.0,39.0,17.0,137.0,29.0,11.0,6.0,14.0,7.0,229.0,82.0,0.0,0.0,4.0,0.0,0.0,5.0,146.0,0.0,5.0,8.0,6.0,115.0,0.0,0.0,2.0,0.0,1.0,1.0,0.0,0.0,4.0,0.0,0.0,0.0,17.0,0.0,3.0,17.0,12.0,0.0,5.0,4.0,6.0,1.0,4.0,4.0,3.0,39.0,8.0,1.0,1.0,0.0,24.0,3.0,1.0,0.0,1.0,288.0,1.0,1.0,2.0,1.0,1.0,0.0,6.0,1.0,0.0,52.0,47.0,43.0,9.0,7.0,7.0,0.0,4.0,14.0,0.0,1.0,1.0,6.0,10.0,0.0,2.0,6.0,1.0,16.0,54.0,2.0,10.0,8.0,4.0,0.0,3.0,1.0,3.0,5.0,0.0,0.0,71.0,5.0,1.0,1.0,0.0,1.0,1.0,18.0,0.0,233.0,3.0,2.0,0.0,7.0,2.0,1.0,0.0,1.0,1.0,2.0,9.0,0.0,1.0,1.0,2.0,0.0,0.0,1.0,0.0,0.0,1.0,0.0,0.0,1.0,4.0,3.0,0.0,5.0,27.0,4.0,1.0,7.0,28.0,3.0,4.0,165.0,1.0,3.0,21.0,5.0,15.0,2.0,2.0,6.0,1.0,0.0,1.0,0.0,0.0,89.0,11.0,0.0,39.0,1.0,0.0,0.0,5.0,388.0,3.0,0.0,1.0,41.0,2.0,1.0,4.0,0.0,0.0,0.0,1.0,3.0,3.0,13.0,0.0,3.0,2.0,10.0,1.0,1.0,0.0,0.0,0.0,6.0,2.0,2.0,3.0,2.0,5.0,1.0,5.0,34.0,0.0,0.0,0.0,2.0,1.0,0.0,0.0,1.0,0.0,2.0,2.0,0.0,0.0,4.0,0.0,0.0,0.0,18.0,2.0,0.0,1.0,7.0,1.0,0.0,5.0,2.0,7.0,12.0,48.0,8.0,25.0,6.0,1.0,0.0,0.0,0.0,0.0,8.0,0.0,16.0,2.0,5.0,0.0,0.0,1.0,0.0,0.0,0.0,2.0,0.0,0.0,1.0,2.0,3.0,7.0,0.0,0.0,0.0,0.0,0.0,0.0,0.0,0.0,0.0,0.0,0.0,0.0,3.0,1.0,0.0,0.0,1.0,0.0,0.0,0.0,0.0,0.0,0.0,0.0,0.0,0.0,1.0,4.0,0.0,0.0,0.0,0.0,0.0,0.0,0.0,0.0,1.0,0.0,0.0,0.0,0.0,0.0,0.0,0.0,0.0,0.0,0.0,0.0,0.0,1.0,0.0,0.0,0.0,0.0,0.0,0.0,0.0,0.0,0.0,1.0,3.0,0.0,0.0,0.0,0.0,0.0,0.0,0.0,0.0,0.0,11.0,1.0,8.0,26.0,2.0,3.0,0.0,1.0,10.0,5.0,3.0,7.0,15.0,16.0,3.0,2.0,3.0,12.0,1.0,6.0,0.0,0.0,7.0,3.0,2.0,0.0,0.0,206.0,2.0,7.0,3.0,19.0,0.0,4.0,10.0,5.0,18.0,2.0,32.0,52.0,1.0,31.0,2029.0,12.0,260.0,81.0,36.0,9.0,1.0,12.0,26.0,147.0
2017-08-01,15.0,1.0,7.0,9.0,2.0,13.0,2.0,0.0,24.0,1.0,1.0,14.0,8.0,6.0,0.0,8.0,10.0,35.0,11.0,166.0,1.0,2.0,0.0,0.0,3.0,0.0,16.0,1.0,3.0,1.0,0.0,4.0,0.0,2.0,1.0,48.0,41.0,3.0,23.0,5.0,50.0,0.0,9.0,1.0,2.0,4.0,9.0,2.0,10.0,6.0,4.0,1.0,0.0,0.0,19.0,0.0,6.0,29.0,4.0,3.0,4.0,46.0,2.0,12.0,1.0,94.0,6.0,0.0,0.0,1.0,0.0,8.0,5.0,3.0,91.0,0.0,3.0,1.0,1.0,0.0,18.0,5.0,1.0,6.0,3.0,4.0,44.0,126.0,4.0,0.0,5.0,1.0,3.0,14.0,1.0,3.0,2.0,37.0,0.0,1.0,3.0,0.0,1.0,4.0,1.0,0.0,0.0,1.0,0.0,0.0,0.0,1.0,5.0,1.0,2.0,350.0,4.0,0.0,43.0,2.0,16.0,4.0,43.0,23.0,20.0,11.0,2.0,10.0,0.0,13.0,19.0,8.0,21.0,103.0,0.0,0.0,3.0,0.0,9.0,0.0,1.0,13.0,2.0,18.0,61.0,6.0,15.0,14.0,4.0,17.0,379.0,3.0,38.0,20.0,9.0,1.0,15.0,14.0,3.0,2.0,2.0,2.0,5.0,3.0,0.0,0.0,2.0,5.0,28.0,3.0,14.0,1.0,3.0,281.0,1.0,1.0,0.0,16.0,1.0,4.0,1.0,3.0,134.0,105.0,17.0,54.0,16.0,13.0,4.0,24.0,11.0,185.0,90.0,0.0,0.0,0.0,2.0,1.0,5.0,137.0,0.0,2.0,11.0,4.0,59.0,1.0,1.0,2.0,1.0,0.0,2.0,1.0,0.0,7.0,0.0,0.0,0.0,15.0,5.0,2.0,3.0,2.0,3.0,15.0,1.0,2.0,3.0,5.0,3.0,1.0,12.0,35.0,0.0,1.0,20.0,7.0,3.0,0.0,1.0,1.0,194.0,1.0,1.0,6.0,0.0,0.0,0.0,4.0,0.0,1.0,68.0,35.0,34.0,14.0,21.0,8.0,0.0,1.0,10.0,0.0,3.0,9.0,2.0,11.0,2.0,0.0,11.0,0.0,11.0,41.0,3.0,9.0,6.0,8.0,1.0,6.0,3.0,12.0,6.0,0.0,9.0,76.0,3.0,0.0,0.0,1.0,1.0,0.0,14.0,1.0,103.0,8.0,4.0,0.0,9.0,1.0,2.0,0.0,0.0,0.0,3.0,11.0,0.0,1.0,0.0,1.0,0.0,2.0,0.0,0.0,0.0,1.0,0.0,1.0,2.0,3.0,6.0,1.0,4.0,11.0,2.0,3.0,5.0,35.0,1.0,1.0,172.0,5.0,0.0,21.0,1.0,10.0,0.0,14.0,3.0,1.0,0.0,0.0,0.0,2.0,39.0,13.0,2.0,14.0,0.0,0.0,0.0,7.0,244.0,14.0,3.0,1.0,47.0,8.0,1.0,3.0,4.0,0.0,2.0,1.0,12.0,1.0,32.0,1.0,1.0,3.0,15.0,0.0,0.0,0.0,0.0,0.0,12.0,2.0,0.0,2.0,0.0,3.0,2.0,7.0,46.0,0.0,0.0,2.0,3.0,0.0,4.0,5.0,2.0,0.0,1.0,0.0,0.0,0.0,7.0,2.0,3.0,1.0,21.0,5.0,0.0,1.0,3.0,2.0,2.0,1.0,1.0,13.0,12.0,55.0,3.0,31.0,5.0,1.0,0.0,0.0,0.0,3.0,9.0,1.0,32.0,0.0,6.0,0.0,1.0,2.0,0.0,1.0,0.0,1.0,0.0,0.0,0.0,6.0,1.0,16.0,0.0,2.0,0.0,0.0,0.0,0.0,0.0,0.0,0.0,1.0,0.0,0.0,4.0,3.0,0.0,0.0,0.0,0.0,0.0,0.0,0.0,0.0,1.0,0.0,0.0,1.0,0.0,0.0,0.0,0.0,2.0,0.0,0.0,0.0,0.0,0.0,0.0,1.0,0.0,0.0,0.0,0.0,0.0,0.0,0.0,1.0,0.0,0.0,0.0,1.0,0.0,0.0,0.0,0.0,0.0,0.0,0.0,0.0,0.0,0.0,1.0,0.0,0.0,0.0,0.0,0.0,0.0,0.0,0.0,0.0,9.0,0.0,7.0,48.0,5.0,1.0,1.0,2.0,3.0,5.0,0.0,16.0,32.0,5.0,2.0,0.0,6.0,22.0,2.0,2.0,3.0,1.0,10.0,1.0,3.0,0.0,0.0,167.0,2.0,7.0,1.0,6.0,1.0,2.0,8.0,10.0,14.0,1.0,13.0,62.0,0.0,14.0,1253.0,24.0,185.0,76.0,21.0,11.0,3.0,11.0,21.0,119.0
2017-09-01,19.0,0.0,3.0,7.0,1.0,18.0,4.0,0.0,15.0,1.0,0.0,12.0,12.0,7.0,1.0,8.0,11.0,42.0,1.0,214.0,0.0,1.0,0.0,1.0,0.0,2.0,6.0,1.0,3.0,2.0,0.0,0.0,0.0,0.0,2.0,2.0,51.0,1.0,6.0,9.0,15.0,1.0,28.0,0.0,4.0,4.0,25.0,0.0,7.0,1.0,6.0,1.0,0.0,0.0,22.0,0.0,4.0,17.0,4.0,3.0,3.0,17.0,5.0,7.0,2.0,42.0,0.0,0.0,0.0,1.0,0.0,2.0,2.0,4.0,69.0,0.0,1.0,0.0,3.0,0.0,3.0,2.0,1.0,2.0,2.0,1.0,19.0,89.0,4.0,0.0,2.0,0.0,0.0,1.0,0.0,3.0,2.0,8.0,0.0,0.0,1.0,0.0,0.0,0.0,3.0,2.0,0.0,2.0,0.0,0.0,2.0,0.0,2.0,0.0,0.0,206.0,6.0,3.0,5.0,5.0,60.0,1.0,21.0,6.0,5.0,4.0,3.0,4.0,1.0,8.0,12.0,2.0,5.0,93.0,1.0,1.0,0.0,0.0,2.0,0.0,1.0,7.0,2.0,6.0,68.0,10.0,4.0,8.0,3.0,9.0,262.0,3.0,8.0,7.0,13.0,3.0,6.0,0.0,0.0,5.0,4.0,13.0,8.0,1.0,0.0,3.0,1.0,5.0,41.0,0.0,3.0,2.0,1.0,186.0,1.0,2.0,0.0,3.0,6.0,3.0,1.0,4.0,75.0,114.0,27.0,16.0,21.0,16.0,4.0,20.0,6.0,117.0,47.0,0.0,1.0,1.0,4.0,0.0,4.0,103.0,1.0,0.0,8.0,7.0,34.0,0.0,0.0,14.0,4.0,3.0,0.0,0.0,2.0,13.0,0.0,1.0,0.0,15.0,1.0,2.0,8.0,3.0,4.0,9.0,1.0,3.0,0.0,3.0,3.0,6.0,1.0,32.0,0.0,1.0,5.0,10.0,8.0,1.0,1.0,0.0,146.0,2.0,1.0,1.0,0.0,0.0,0.0,12.0,0.0,0.0,41.0,15.0,23.0,8.0,15.0,8.0,1.0,1.0,6.0,0.0,5.0,9.0,2.0,6.0,1.0,0.0,9.0,1.0,20.0,30.0,4.0,17.0,13.0,12.0,4.0,5.0,4.0,10.0,2.0,0.0,7.0,89.0,9.0,1.0,3.0,0.0,0.0,0.0,21.0,0.0,82.0,4.0,3.0,1.0,18.0,6.0,1.0,2.0,6.0,3.0,16.0,11.0,0.0,2.0,0.0,0.0,0.0,1.0,0.0,3.0,0.0,1.0,1.0,1.0,6.0,4.0,12.0,4.0,4.0,4.0,3.0,1.0,5.0,30.0,3.0,0.0,127.0,1.0,1.0,9.0,2.0,9.0,0.0,3.0,1.0,0.0,0.0,0.0,0.0,2.0,59.0,18.0,0.0,12.0,0.0,0.0,0.0,2.0,229.0,10.0,8.0,0.0,69.0,11.0,2.0,2.0,8.0,8.0,10.0,1.0,23.0,16.0,77.0,2.0,14.0,6.0,31.0,3.0,3.0,0.0,1.0,0.0,23.0,12.0,4.0,7.0,11.0,1.0,9.0,13.0,66.0,3.0,0.0,3.0,6.0,2.0,7.0,9.0,3.0,0.0,0.0,0.0,0.0,0.0,8.0,0.0,9.0,2.0,18.0,8.0,0.0,3.0,10.0,1.0,3.0,5.0,3.0,20.0,11.0,51.0,6.0,44.0,4.0,9.0,0.0,1.0,1.0,7.0,16.0,0.0,55.0,2.0,14.0,0.0,0.0,3.0,0.0,0.0,0.0,2.0,1.0,0.0,0.0,5.0,32.0,30.0,1.0,0.0,0.0,0.0,1.0,0.0,0.0,0.0,0.0,0.0,0.0,0.0,9.0,0.0,0.0,1.0,0.0,0.0,1.0,0.0,0.0,0.0,1.0,0.0,0.0,0.0,0.0,3.0,0.0,0.0,3.0,0.0,0.0,1.0,0.0,0.0,0.0,1.0,0.0,0.0,0.0,1.0,1.0,0.0,1.0,0.0,0.0,0.0,0.0,0.0,0.0,1.0,0.0,0.0,0.0,0.0,0.0,0.0,2.0,0.0,1.0,0.0,0.0,0.0,0.0,0.0,0.0,0.0,0.0,0.0,12.0,1.0,6.0,47.0,4.0,3.0,3.0,10.0,5.0,10.0,14.0,18.0,12.0,4.0,1.0,2.0,0.0,22.0,0.0,2.0,0.0,1.0,2.0,4.0,1.0,0.0,0.0,118.0,0.0,5.0,2.0,6.0,1.0,12.0,1.0,2.0,5.0,3.0,8.0,36.0,1.0,7.0,1140.0,11.0,122.0,126.0,19.0,12.0,1.0,4.0,15.0,123.0
2017-10-01,18.0,2.0,2.0,3.0,0.0,9.0,0.0,3.0,57.0,0.0,2.0,45.0,18.0,5.0,0.0,7.0,12.0,38.0,2.0,64.0,0.0,1.0,0.0,1.0,1.0,0.0,8.0,0.0,1.0,1.0,3.0,2.0,0.0,0.0,3.0,0.0,52.0,7.0,6.0,9.0,9.0,1.0,26.0,5.0,7.0,2.0,38.0,1.0,7.0,10.0,6.0,2.0,3.0,0.0,21.0,1.0,4.0,29.0,8.0,4.0,2.0,46.0,2.0,0.0,0.0,21.0,0.0,0.0,0.0,0.0,0.0,2.0,0.0,1.0,65.0,1.0,0.0,0.0,2.0,0.0,6.0,0.0,0.0,2.0,4.0,0.0,0.0,57.0,1.0,2.0,0.0,0.0,0.0,2.0,1.0,7.0,1.0,2.0,0.0,0.0,0.0,1.0,0.0,0.0,0.0,0.0,0.0,2.0,2.0,0.0,0.0,0.0,7.0,0.0,0.0,136.0,3.0,10.0,23.0,5.0,36.0,2.0,3.0,2.0,4.0,2.0,2.0,17.0,1.0,8.0,8.0,6.0,4.0,91.0,0.0,0.0,4.0,0.0,8.0,1.0,1.0,5.0,3.0,19.0,30.0,1.0,19.0,5.0,1.0,10.0,220.0,10.0,2.0,4.0,37.0,3.0,2.0,0.0,0.0,3.0,3.0,2.0,10.0,1.0,0.0,9.0,0.0,1.0,35.0,1.0,3.0,3.0,2.0,192.0,3.0,5.0,0.0,4.0,2.0,7.0,1.0,6.0,89.0,53.0,16.0,20.0,1.0,24.0,5.0,12.0,5.0,122.0,29.0,0.0,1.0,0.0,3.0,0.0,1.0,79.0,1.0,0.0,7.0,3.0,43.0,5.0,1.0,5.0,0.0,2.0,1.0,0.0,0.0,14.0,1.0,1.0,1.0,13.0,1.0,0.0,3.0,1.0,3.0,6.0,0.0,0.0,0.0,3.0,5.0,6.0,5.0,13.0,0.0,1.0,3.0,11.0,1.0,1.0,0.0,2.0,184.0,0.0,2.0,6.0,1.0,1.0,1.0,15.0,0.0,0.0,61.0,14.0,15.0,4.0,2.0,5.0,0.0,2.0,9.0,0.0,4.0,4.0,2.0,9.0,0.0,1.0,14.0,4.0,14.0,40.0,2.0,18.0,7.0,3.0,4.0,3.0,11.0,17.0,13.0,1.0,8.0,156.0,14.0,1.0,1.0,2.0,1.0,0.0,21.0,3.0,87.0,6.0,3.0,2.0,31.0,7.0,3.0,6.0,11.0,1.0,21.0,11.0,5.0,0.0,0.0,2.0,4.0,1.0,0.0,7.0,2.0,0.0,0.0,2.0,3.0,14.0,14.0,9.0,2.0,4.0,2.0,1.0,6.0,8.0,1.0,1.0,150.0,2.0,0.0,36.0,1.0,8.0,0.0,8.0,3.0,2.0,0.0,3.0,0.0,1.0,53.0,39.0,1.0,13.0,0.0,4.0,1.0,6.0,306.0,13.0,12.0,12.0,70.0,17.0,6.0,3.0,9.0,7.0,9.0,2.0,20.0,39.0,79.0,1.0,17.0,6.0,29.0,4.0,5.0,0.0,2.0,0.0,45.0,23.0,1.0,5.0,11.0,5.0,30.0,31.0,95.0,4.0,8.0,2.0,18.0,2.0,13.0,20.0,3.0,0.0,0.0,0.0,1.0,1.0,9.0,2.0,9.0,2.0,31.0,13.0,0.0,5.0,2.0,2.0,4.0,20.0,7.0,16.0,11.0,96.0,18.0,41.0,9.0,11.0,1.0,1.0,0.0,7.0,16.0,0.0,35.0,0.0,30.0,1.0,0.0,3.0,1.0,1.0,0.0,0.0,0.0,0.0,0.0,10.0,25.0,11.0,1.0,0.0,0.0,0.0,1.0,0.0,0.0,0.0,0.0,0.0,0.0,0.0,4.0,3.0,0.0,0.0,0.0,1.0,0.0,0.0,0.0,1.0,1.0,0.0,0.0,0.0,0.0,5.0,0.0,0.0,5.0,0.0,1.0,0.0,0.0,0.0,1.0,1.0,1.0,0.0,0.0,0.0,0.0,0.0,3.0,0.0,0.0,0.0,0.0,0.0,0.0,3.0,0.0,0.0,0.0,0.0,0.0,1.0,1.0,0.0,2.0,1.0,0.0,0.0,1.0,0.0,0.0,0.0,0.0,0.0,7.0,2.0,18.0,79.0,7.0,5.0,7.0,15.0,1.0,2.0,21.0,41.0,12.0,10.0,1.0,3.0,7.0,21.0,0.0,1.0,1.0,1.0,2.0,3.0,3.0,1.0,0.0,138.0,0.0,2.0,9.0,1.0,2.0,7.0,1.0,2.0,3.0,1.0,17.0,59.0,3.0,1.0,1591.0,40.0,104.0,119.0,28.0,20.0,5.0,17.0,34.0,106.0
2017-11-01,36.0,8.0,7.0,20.0,0.0,9.0,2.0,3.0,137.0,1.0,0.0,67.0,18.0,3.0,1.0,4.0,8.0,65.0,13.0,43.0,0.0,1.0,1.0,0.0,5.0,4.0,4.0,2.0,1.0,1.0,0.0,1.0,0.0,0.0,1.0,1.0,70.0,8.0,9.0,11.0,6.0,0.0,34.0,1.0,6.0,1.0,7.0,0.0,8.0,15.0,11.0,7.0,1.0,0.0,22.0,0.0,15.0,26.0,6.0,10.0,5.0,26.0,1.0,7.0,0.0,24.0,0.0,0.0,1.0,0.0,0.0,4.0,0.0,0.0,80.0,0.0,1.0,0.0,1.0,0.0,2.0,4.0,1.0,3.0,2.0,1.0,4.0,47.0,0.0,1.0,0.0,0.0,0.0,0.0,0.0,1.0,1.0,1.0,0.0,0.0,3.0,2.0,0.0,1.0,4.0,0.0,0.0,2.0,1.0,0.0,0.0,1.0,12.0,0.0,0.0,174.0,5.0,6.0,3.0,3.0,37.0,1.0,4.0,0.0,13.0,0.0,1.0,11.0,1.0,10.0,8.0,7.0,3.0,75.0,1.0,1.0,3.0,0.0,6.0,1.0,0.0,4.0,3.0,6.0,91.0,1.0,11.0,7.0,3.0,10.0,196.0,3.0,0.0,2.0,15.0,4.0,2.0,0.0,0.0,14.0,9.0,3.0,12.0,3.0,2.0,1.0,22.0,1.0,52.0,1.0,0.0,3.0,0.0,121.0,2.0,1.0,0.0,2.0,6.0,2.0,0.0,4.0,108.0,15.0,21.0,16.0,3.0,12.0,4.0,22.0,2.0,102.0,30.0,0.0,0.0,0.0,10.0,0.0,5.0,79.0,2.0,0.0,1.0,3.0,38.0,3.0,0.0,2.0,0.0,1.0,0.0,0.0,0.0,9.0,0.0,2.0,0.0,17.0,2.0,3.0,3.0,1.0,7.0,2.0,0.0,1.0,5.0,4.0,3.0,3.0,1.0,15.0,0.0,1.0,4.0,4.0,2.0,0.0,1.0,3.0,162.0,3.0,0.0,2.0,0.0,1.0,3.0,10.0,1.0,0.0,53.0,22.0,6.0,6.0,2.0,13.0,3.0,0.0,12.0,0.0,5.0,5.0,1.0,5.0,0.0,2.0,12.0,4.0,9.0,41.0,2.0,19.0,5.0,9.0,5.0,12.0,10.0,12.0,12.0,1.0,8.0,194.0,10.0,1.0,2.0,0.0,2.0,0.0,24.0,0.0,60.0,12.0,6.0,1.0,21.0,4.0,1.0,2.0,10.0,6.0,5.0,17.0,3.0,4.0,2.0,3.0,0.0,5.0,1.0,5.0,2.0,2.0,0.0,1.0,12.0,35.0,10.0,12.0,2.0,7.0,0.0,6.0,4.0,8.0,5.0,0.0,152.0,3.0,0.0,20.0,2.0,8.0,2.0,2.0,2.0,2.0,0.0,1.0,1.0,1.0,74.0,28.0,2.0,12.0,1.0,1.0,1.0,5.0,356.0,11.0,9.0,9.0,41.0,15.0,5.0,2.0,8.0,2.0,7.0,1.0,11.0,35.0,57.0,3.0,15.0,10.0,11.0,7.0,25.0,0.0,0.0,2.0,45.0,5.0,3.0,12.0,12.0,17.0,28.0,40.0,69.0,8.0,5.0,0.0,12.0,3.0,19.0,18.0,4.0,1.0,3.0,1.0,0.0,1.0,12.0,6.0,7.0,0.0,37.0,11.0,0.0,3.0,2.0,0.0,6.0,17.0,2.0,28.0,18.0,140.0,11.0,54.0,9.0,42.0,0.0,1.0,1.0,4.0,24.0,0.0,14.0,3.0,35.0,0.0,0.0,5.0,2.0,2.0,0.0,3.0,0.0,0.0,1.0,8.0,17.0,15.0,0.0,2.0,1.0,0.0,0.0,0.0,0.0,0.0,0.0,0.0,0.0,0.0,2.0,3.0,0.0,1.0,0.0,7.0,2.0,0.0,0.0,0.0,0.0,0.0,0.0,0.0,0.0,0.0,0.0,1.0,4.0,1.0,0.0,1.0,0.0,0.0,0.0,1.0,0.0,0.0,0.0,1.0,0.0,0.0,1.0,0.0,0.0,0.0,0.0,0.0,0.0,0.0,0.0,0.0,0.0,1.0,0.0,0.0,0.0,0.0,7.0,0.0,0.0,0.0,2.0,0.0,0.0,0.0,0.0,0.0,11.0,2.0,10.0,205.0,3.0,6.0,4.0,24.0,6.0,22.0,29.0,56.0,50.0,14.0,2.0,4.0,9.0,15.0,2.0,3.0,3.0,0.0,5.0,5.0,4.0,0.0,0.0,148.0,4.0,7.0,14.0,7.0,0.0,7.0,1.0,2.0,5.0,2.0,21.0,59.0,11.0,4.0,1474.0,1.0,93.0,131.0,38.0,17.0,7.0,7.0,66.0,131.0
2017-12-01,41.0,17.0,39.0,18.0,3.0,29.0,4.0,4.0,216.0,1.0,2.0,101.0,19.0,9.0,0.0,8.0,7.0,35.0,4.0,64.0,0.0,10.0,3.0,1.0,7.0,4.0,5.0,2.0,0.0,0.0,2.0,4.0,0.0,0.0,0.0,1.0,53.0,6.0,6.0,2.0,4.0,0.0,8.0,5.0,18.0,4.0,3.0,9.0,12.0,28.0,32.0,8.0,2.0,0.0,26.0,0.0,12.0,30.0,13.0,8.0,2.0,48.0,4.0,13.0,0.0,26.0,0.0,0.0,1.0,0.0,0.0,4.0,3.0,1.0,108.0,3.0,0.0,0.0,0.0,0.0,2.0,0.0,0.0,2.0,9.0,0.0,0.0,94.0,0.0,4.0,1.0,0.0,0.0,1.0,1.0,1.0,0.0,3.0,0.0,0.0,0.0,2.0,0.0,0.0,10.0,1.0,0.0,0.0,1.0,1.0,0.0,1.0,7.0,0.0,1.0,262.0,1.0,4.0,5.0,0.0,5.0,0.0,37.0,2.0,32.0,1.0,2.0,4.0,0.0,1.0,0.0,6.0,5.0,66.0,0.0,0.0,2.0,0.0,8.0,0.0,0.0,2.0,2.0,6.0,71.0,1.0,16.0,4.0,0.0,9.0,161.0,0.0,0.0,1.0,12.0,0.0,1.0,0.0,0.0,6.0,1.0,0.0,12.0,4.0,0.0,0.0,5.0,0.0,39.0,2.0,0.0,1.0,0.0,84.0,2.0,0.0,0.0,2.0,1.0,5.0,2.0,4.0,96.0,4.0,20.0,24.0,3.0,26.0,13.0,18.0,9.0,113.0,45.0,0.0,0.0,0.0,5.0,0.0,5.0,53.0,1.0,0.0,0.0,1.0,30.0,1.0,0.0,1.0,0.0,0.0,0.0,1.0,0.0,3.0,0.0,0.0,0.0,10.0,1.0,1.0,4.0,0.0,8.0,0.0,1.0,3.0,6.0,2.0,3.0,1.0,14.0,20.0,0.0,0.0,6.0,10.0,0.0,0.0,0.0,2.0,211.0,3.0,2.0,13.0,0.0,1.0,1.0,16.0,5.0,1.0,41.0,159.0,18.0,5.0,6.0,40.0,1.0,3.0,13.0,0.0,14.0,10.0,5.0,11.0,7.0,22.0,42.0,9.0,20.0,94.0,3.0,4.0,8.0,6.0,4.0,12.0,21.0,14.0,37.0,0.0,12.0,288.0,10.0,3.0,3.0,4.0,3.0,1.0,45.0,1.0,147.0,5.0,12.0,1.0,25.0,5.0,2.0,0.0,13.0,12.0,10.0,24.0,2.0,1.0,5.0,4.0,1.0,3.0,2.0,6.0,0.0,6.0,2.0,7.0,20.0,95.0,37.0,12.0,8.0,25.0,1.0,9.0,6.0,7.0,7.0,4.0,254.0,13.0,3.0,67.0,8.0,21.0,7.0,7.0,8.0,17.0,3.0,8.0,1.0,4.0,51.0,21.0,0.0,8.0,11.0,10.0,3.0,5.0,536.0,10.0,20.0,7.0,65.0,14.0,1.0,2.0,5.0,4.0,4.0,2.0,9.0,42.0,45.0,2.0,12.0,8.0,8.0,4.0,12.0,1.0,0.0,1.0,24.0,9.0,1.0,7.0,5.0,13.0,12.0,41.0,58.0,10.0,2.0,1.0,17.0,3.0,18.0,8.0,4.0,0.0,5.0,0.0,0.0,5.0,11.0,3.0,18.0,2.0,55.0,6.0,0.0,4.0,9.0,2.0,4.0,21.0,3.0,37.0,26.0,141.0,18.0,58.0,6.0,20.0,2.0,0.0,2.0,9.0,12.0,1.0,9.0,0.0,27.0,2.0,0.0,6.0,1.0,0.0,0.0,0.0,0.0,0.0,0.0,19.0,37.0,33.0,0.0,1.0,0.0,0.0,1.0,0.0,0.0,0.0,0.0,0.0,0.0,0.0,16.0,5.0,0.0,1.0,2.0,2.0,0.0,1.0,0.0,0.0,2.0,0.0,0.0,0.0,0.0,1.0,0.0,0.0,7.0,0.0,0.0,0.0,0.0,0.0,0.0,0.0,0.0,0.0,0.0,2.0,0.0,0.0,3.0,1.0,0.0,0.0,0.0,1.0,0.0,0.0,2.0,0.0,1.0,0.0,0.0,0.0,0.0,0.0,12.0,6.0,0.0,1.0,0.0,0.0,0.0,1.0,0.0,1.0,9.0,4.0,9.0,223.0,7.0,1.0,9.0,25.0,8.0,8.0,16.0,63.0,78.0,21.0,4.0,9.0,14.0,27.0,7.0,4.0,5.0,0.0,4.0,5.0,1.0,2.0,0.0,361.0,3.0,14.0,7.0,1.0,2.0,10.0,10.0,4.0,54.0,7.0,77.0,51.0,15.0,11.0,1414.0,4.0,90.0,136.0,46.0,27.0,6.0,8.0,75.0,166.0
2018-01-01,41.0,14.0,9.0,11.0,7.0,7.0,3.0,7.0,336.0,5.0,5.0,116.0,18.0,7.0,2.0,3.0,16.0,93.0,5.0,52.0,1.0,67.0,0.0,1.0,6.0,10.0,1.0,0.0,0.0,0.0,1.0,12.0,0.0,0.0,1.0,4.0,48.0,25.0,7.0,12.0,14.0,0.0,6.0,11.0,8.0,24.0,21.0,5.0,15.0,24.0,20.0,10.0,0.0,1.0,62.0,5.0,13.0,85.0,9.0,9.0,28.0,24.0,2.0,12.0,1.0,64.0,6.0,1.0,1.0,5.0,8.0,19.0,18.0,1.0,66.0,2.0,0.0,2.0,4.0,0.0,2.0,5.0,3.0,3.0,1.0,0.0,2.0,204.0,2.0,0.0,1.0,1.0,1.0,1.0,2.0,1.0,0.0,1.0,0.0,1.0,0.0,2.0,0.0,0.0,1.0,2.0,0.0,0.0,0.0,0.0,0.0,0.0,5.0,0.0,0.0,138.0,0.0,12.0,2.0,1.0,80.0,0.0,3.0,2.0,0.0,7.0,3.0,14.0,0.0,0.0,1.0,2.0,11.0,1.0,0.0,0.0,45.0,1.0,2.0,0.0,0.0,0.0,9.0,3.0,30.0,3.0,59.0,3.0,1.0,21.0,207.0,3.0,0.0,2.0,53.0,0.0,1.0,0.0,2.0,2.0,4.0,4.0,15.0,7.0,0.0,2.0,6.0,1.0,30.0,3.0,3.0,0.0,3.0,116.0,6.0,1.0,1.0,2.0,2.0,6.0,1.0,1.0,172.0,16.0,23.0,11.0,8.0,24.0,15.0,35.0,1.0,142.0,43.0,0.0,0.0,1.0,2.0,1.0,5.0,103.0,0.0,1.0,2.0,5.0,36.0,4.0,2.0,0.0,0.0,1.0,0.0,1.0,1.0,0.0,0.0,0.0,0.0,5.0,1.0,1.0,6.0,13.0,14.0,6.0,2.0,3.0,164.0,0.0,3.0,0.0,10.0,33.0,0.0,0.0,36.0,8.0,3.0,0.0,0.0,2.0,141.0,2.0,1.0,4.0,0.0,3.0,0.0,16.0,0.0,0.0,58.0,61.0,15.0,13.0,9.0,109.0,4.0,3.0,27.0,0.0,17.0,4.0,2.0,13.0,0.0,4.0,20.0,2.0,22.0,128.0,1.0,9.0,13.0,33.0,2.0,8.0,9.0,45.0,30.0,0.0,5.0,250.0,18.0,14.0,5.0,7.0,4.0,3.0,36.0,0.0,609.0,12.0,15.0,3.0,56.0,20.0,1.0,0.0,18.0,17.0,11.0,18.0,5.0,0.0,2.0,1.0,0.0,3.0,3.0,7.0,9.0,11.0,0.0,7.0,39.0,277.0,28.0,8.0,19.0,18.0,5.0,7.0,1.0,44.0,11.0,4.0,268.0,7.0,5.0,30.0,4.0,30.0,7.0,10.0,1.0,4.0,7.0,5.0,0.0,7.0,26.0,45.0,3.0,49.0,24.0,3.0,2.0,18.0,1068.0,17.0,17.0,13.0,54.0,14.0,1.0,5.0,3.0,3.0,16.0,1.0,5.0,121.0,80.0,1.0,11.0,19.0,10.0,3.0,13.0,9.0,0.0,2.0,35.0,18.0,6.0,11.0,0.0,11.0,13.0,62.0,86.0,6.0,0.0,3.0,23.0,0.0,10.0,7.0,4.0,1.0,3.0,1.0,0.0,5.0,11.0,15.0,50.0,1.0,62.0,6.0,0.0,3.0,14.0,4.0,7.0,7.0,8.0,33.0,36.0,181.0,30.0,68.0,7.0,13.0,0.0,2.0,3.0,12.0,4.0,1.0,9.0,3.0,10.0,0.0,0.0,1.0,0.0,1.0,0.0,2.0,1.0,0.0,0.0,12.0,33.0,25.0,1.0,2.0,1.0,1.0,4.0,0.0,0.0,0.0,1.0,1.0,0.0,0.0,12.0,3.0,1.0,1.0,0.0,1.0,0.0,0.0,1.0,0.0,3.0,0.0,0.0,0.0,3.0,4.0,0.0,0.0,5.0,0.0,0.0,1.0,0.0,0.0,1.0,0.0,0.0,0.0,0.0,1.0,3.0,0.0,0.0,2.0,0.0,0.0,0.0,0.0,1.0,1.0,1.0,1.0,0.0,1.0,0.0,0.0,2.0,0.0,3.0,0.0,0.0,0.0,1.0,0.0,0.0,2.0,1.0,0.0,16.0,19.0,12.0,308.0,12.0,19.0,13.0,20.0,19.0,38.0,15.0,24.0,42.0,11.0,8.0,1.0,8.0,31.0,6.0,12.0,5.0,14.0,10.0,10.0,18.0,1.0,25.0,1057.0,136.0,5.0,17.0,11.0,3.0,14.0,62.0,36.0,628.0,17.0,50.0,208.0,183.0,40.0,5707.0,23.0,166.0,220.0,168.0,148.0,10.0,12.0,729.0,218.0
2018-02-01,37.0,15.0,3.0,12.0,0.0,0.0,3.0,5.0,230.0,2.0,5.0,144.0,28.0,2.0,0.0,1.0,15.0,69.0,3.0,88.0,0.0,102.0,0.0,0.0,8.0,7.0,0.0,0.0,0.0,0.0,2.0,12.0,0.0,0.0,0.0,1.0,52.0,82.0,15.0,30.0,17.0,1.0,26.0,9.0,14.0,36.0,21.0,2.0,41.0,12.0,28.0,45.0,1.0,8.0,56.0,25.0,21.0,44.0,8.0,7.0,19.0,34.0,10.0,22.0,1.0,112.0,3.0,2.0,4.0,12.0,10.0,10.0,6.0,1.0,31.0,0.0,0.0,1.0,0.0,0.0,6.0,0.0,2.0,5.0,3.0,5.0,2.0,158.0,1.0,0.0,1.0,2.0,0.0,0.0,2.0,19.0,1.0,4.0,0.0,4.0,1.0,0.0,0.0,0.0,2.0,5.0,0.0,1.0,0.0,0.0,0.0,2.0,0.0,5.0,1.0,218.0,4.0,9.0,36.0,2.0,113.0,0.0,2.0,1.0,0.0,4.0,1.0,13.0,0.0,1.0,6.0,6.0,13.0,11.0,0.0,1.0,4.0,1.0,2.0,1.0,1.0,6.0,27.0,7.0,77.0,8.0,18.0,12.0,28.0,12.0,547.0,5.0,3.0,8.0,79.0,0.0,0.0,0.0,10.0,3.0,14.0,2.0,14.0,28.0,0.0,0.0,6.0,1.0,70.0,4.0,10.0,0.0,1.0,175.0,0.0,2.0,1.0,6.0,1.0,2.0,0.0,2.0,207.0,7.0,27.0,10.0,5.0,15.0,34.0,47.0,2.0,240.0,37.0,2.0,3.0,0.0,1.0,1.0,5.0,88.0,0.0,0.0,0.0,0.0,31.0,0.0,0.0,2.0,1.0,1.0,0.0,0.0,0.0,0.0,0.0,0.0,0.0,5.0,0.0,0.0,7.0,17.0,25.0,0.0,0.0,19.0,235.0,1.0,1.0,1.0,0.0,19.0,2.0,4.0,25.0,18.0,1.0,0.0,0.0,1.0,110.0,1.0,3.0,1.0,5.0,39.0,1.0,14.0,1.0,8.0,86.0,29.0,27.0,4.0,6.0,321.0,3.0,2.0,30.0,0.0,25.0,7.0,3.0,5.0,0.0,5.0,16.0,3.0,64.0,132.0,10.0,5.0,41.0,38.0,9.0,6.0,8.0,83.0,36.0,3.0,3.0,176.0,17.0,13.0,2.0,4.0,0.0,0.0,36.0,2.0,525.0,11.0,10.0,2.0,113.0,20.0,3.0,2.0,15.0,7.0,21.0,17.0,1.0,4.0,0.0,0.0,0.0,2.0,1.0,12.0,4.0,4.0,1.0,10.0,22.0,317.0,21.0,4.0,84.0,18.0,11.0,1.0,11.0,44.0,10.0,2.0,306.0,6.0,0.0,3.0,2.0,26.0,3.0,27.0,2.0,2.0,1.0,2.0,0.0,5.0,19.0,35.0,8.0,18.0,6.0,2.0,3.0,9.0,1455.0,11.0,8.0,9.0,71.0,6.0,2.0,3.0,6.0,3.0,1.0,4.0,6.0,167.0,55.0,3.0,5.0,11.0,11.0,8.0,8.0,1.0,1.0,3.0,31.0,4.0,7.0,12.0,4.0,4.0,12.0,251.0,72.0,9.0,2.0,9.0,10.0,3.0,13.0,5.0,37.0,1.0,3.0,1.0,0.0,5.0,24.0,4.0,41.0,3.0,72.0,5.0,2.0,7.0,12.0,2.0,2.0,14.0,3.0,30.0,22.0,146.0,25.0,50.0,6.0,7.0,0.0,2.0,1.0,15.0,10.0,2.0,2.0,3.0,14.0,0.0,0.0,7.0,0.0,0.0,0.0,2.0,1.0,0.0,0.0,9.0,25.0,15.0,1.0,3.0,0.0,0.0,0.0,0.0,0.0,0.0,1.0,1.0,0.0,0.0,9.0,6.0,0.0,5.0,4.0,1.0,0.0,0.0,0.0,0.0,2.0,0.0,0.0,0.0,0.0,3.0,0.0,0.0,6.0,0.0,0.0,1.0,0.0,0.0,0.0,0.0,0.0,0.0,1.0,2.0,2.0,0.0,2.0,0.0,0.0,0.0,0.0,1.0,4.0,0.0,0.0,0.0,0.0,0.0,0.0,1.0,1.0,0.0,7.0,0.0,0.0,0.0,1.0,1.0,0.0,0.0,0.0,0.0,20.0,6.0,7.0,207.0,12.0,1.0,11.0,16.0,5.0,18.0,9.0,19.0,41.0,13.0,30.0,1.0,26.0,34.0,5.0,37.0,9.0,13.0,14.0,25.0,17.0,15.0,35.0,837.0,130.0,8.0,15.0,17.0,0.0,11.0,106.0,74.0,221.0,23.0,62.0,315.0,114.0,80.0,7967.0,28.0,124.0,621.0,236.0,228.0,37.0,39.0,919.0,214.0
2018-03-01,34.0,4.0,2.0,7.0,1.0,5.0,2.0,0.0,191.0,4.0,3.0,146.0,44.0,1.0,0.0,7.0,25.0,31.0,1.0,154.0,0.0,90.0,1.0,4.0,7.0,7.0,1.0,0.0,1.0,0.0,1.0,13.0,0.0,2.0,1.0,3.0,63.0,36.0,60.0,81.0,28.0,2.0,154.0,13.0,15.0,93.0,28.0,16.0,45.0,22.0,35.0,56.0,1.0,13.0,77.0,37.0,18.0,53.0,12.0,17.0,18.0,85.0,34.0,44.0,0.0,99.0,2.0,0.0,3.0,5.0,38.0,6.0,8.0,3.0,50.0,5.0,0.0,1.0,0.0,1.0,2.0,2.0,4.0,8.0,1.0,6.0,2.0,115.0,2.0,0.0,2.0,2.0,0.0,1.0,1.0,34.0,3.0,8.0,0.0,75.0,1.0,0.0,0.0,1.0,3.0,0.0,2.0,0.0,4.0,0.0,0.0,0.0,1.0,5.0,0.0,368.0,2.0,17.0,93.0,0.0,136.0,3.0,4.0,4.0,0.0,4.0,0.0,6.0,0.0,0.0,6.0,13.0,12.0,20.0,5.0,0.0,2.0,0.0,5.0,0.0,4.0,21.0,65.0,21.0,123.0,41.0,28.0,47.0,65.0,88.0,1622.0,15.0,4.0,32.0,168.0,0.0,7.0,1.0,15.0,6.0,41.0,1.0,97.0,68.0,0.0,0.0,5.0,0.0,69.0,16.0,24.0,1.0,2.0,171.0,3.0,6.0,2.0,8.0,2.0,4.0,0.0,6.0,257.0,20.0,142.0,73.0,23.0,37.0,104.0,108.0,1.0,360.0,173.0,0.0,3.0,2.0,1.0,0.0,6.0,92.0,0.0,3.0,0.0,4.0,26.0,1.0,1.0,7.0,0.0,0.0,0.0,0.0,0.0,0.0,0.0,0.0,0.0,10.0,2.0,2.0,9.0,15.0,141.0,23.0,1.0,71.0,319.0,1.0,12.0,4.0,7.0,18.0,1.0,2.0,9.0,18.0,0.0,0.0,2.0,4.0,135.0,6.0,3.0,2.0,54.0,52.0,2.0,17.0,0.0,7.0,81.0,80.0,15.0,27.0,37.0,575.0,1.0,4.0,66.0,2.0,77.0,10.0,4.0,7.0,0.0,1.0,16.0,6.0,189.0,201.0,12.0,10.0,54.0,54.0,30.0,18.0,4.0,128.0,34.0,1.0,4.0,227.0,10.0,10.0,5.0,5.0,4.0,1.0,36.0,5.0,1708.0,33.0,8.0,4.0,169.0,57.0,5.0,12.0,8.0,8.0,13.0,9.0,2.0,1.0,0.0,4.0,1.0,1.0,0.0,6.0,7.0,14.0,1.0,7.0,16.0,583.0,30.0,4.0,386.0,12.0,35.0,3.0,3.0,114.0,34.0,2.0,379.0,45.0,5.0,38.0,9.0,26.0,41.0,35.0,3.0,1.0,2.0,0.0,0.0,26.0,34.0,40.0,11.0,19.0,8.0,7.0,10.0,12.0,2662.0,27.0,7.0,49.0,209.0,9.0,3.0,3.0,2.0,4.0,5.0,9.0,20.0,266.0,64.0,0.0,4.0,12.0,9.0,7.0,7.0,5.0,0.0,2.0,89.0,5.0,4.0,35.0,6.0,14.0,18.0,404.0,100.0,9.0,0.0,7.0,6.0,2.0,4.0,6.0,47.0,0.0,3.0,0.0,1.0,1.0,83.0,3.0,30.0,4.0,71.0,6.0,0.0,2.0,25.0,2.0,9.0,11.0,7.0,21.0,30.0,148.0,10.0,77.0,6.0,12.0,1.0,2.0,2.0,4.0,4.0,0.0,5.0,0.0,13.0,1.0,25.0,1.0,2.0,1.0,0.0,1.0,0.0,0.0,1.0,5.0,19.0,18.0,0.0,1.0,0.0,0.0,1.0,0.0,0.0,0.0,0.0,1.0,0.0,1.0,5.0,10.0,0.0,1.0,1.0,0.0,3.0,0.0,0.0,0.0,1.0,0.0,0.0,1.0,1.0,5.0,0.0,0.0,3.0,0.0,2.0,0.0,0.0,0.0,0.0,1.0,0.0,0.0,0.0,1.0,3.0,0.0,2.0,0.0,0.0,2.0,2.0,0.0,0.0,0.0,0.0,0.0,0.0,0.0,0.0,0.0,0.0,0.0,7.0,0.0,0.0,0.0,0.0,0.0,0.0,0.0,0.0,0.0,19.0,0.0,12.0,214.0,15.0,3.0,35.0,11.0,8.0,28.0,13.0,15.0,41.0,17.0,21.0,12.0,15.0,54.0,5.0,84.0,17.0,31.0,7.0,76.0,28.0,81.0,41.0,555.0,40.0,9.0,13.0,10.0,8.0,42.0,219.0,115.0,228.0,21.0,120.0,630.0,96.0,146.0,11459.0,112.0,253.0,2026.0,322.0,580.0,143.0,62.0,633.0,234.0
2018-04-01,21.0,7.0,7.0,8.0,1.0,5.0,7.0,7.0,133.0,2.0,12.0,136.0,18.0,15.0,0.0,1.0,8.0,24.0,5.0,179.0,1.0,51.0,7.0,5.0,4.0,9.0,0.0,0.0,0.0,1.0,1.0,5.0,23.0,1.0,3.0,3.0,46.0,11.0,67.0,69.0,4.0,9.0,44.0,10.0,41.0,77.0,41.0,7.0,59.0,36.0,28.0,50.0,0.0,0.0,83.0,60.0,36.0,101.0,22.0,8.0,39.0,114.0,24.0,82.0,2.0,110.0,0.0,4.0,59.0,4.0,26.0,23.0,24.0,3.0,69.0,3.0,0.0,68.0,4.0,7.0,19.0,0.0,20.0,10.0,7.0,0.0,0.0,128.0,3.0,2.0,0.0,1.0,1.0,2.0,1.0,32.0,8.0,11.0,0.0,26.0,1.0,1.0,1.0,0.0,13.0,1.0,1.0,0.0,1.0,0.0,1.0,0.0,0.0,0.0,0.0,493.0,3.0,18.0,83.0,2.0,137.0,2.0,6.0,3.0,0.0,22.0,0.0,4.0,0.0,1.0,12.0,7.0,26.0,273.0,4.0,1.0,17.0,1.0,24.0,3.0,85.0,52.0,93.0,43.0,111.0,184.0,98.0,89.0,122.0,139.0,3054.0,44.0,7.0,47.0,439.0,3.0,601.0,2.0,14.0,16.0,143.0,10.0,56.0,108.0,5.0,4.0,4.0,4.0,87.0,4.0,144.0,1.0,5.0,373.0,2.0,1.0,10.0,15.0,6.0,8.0,1.0,13.0,313.0,13.0,156.0,266.0,15.0,45.0,187.0,240.0,4.0,473.0,221.0,0.0,1.0,1.0,1.0,0.0,1.0,128.0,1.0,6.0,1.0,4.0,45.0,0.0,0.0,3.0,0.0,0.0,1.0,1.0,0.0,2.0,0.0,1.0,1.0,17.0,0.0,1.0,21.0,30.0,540.0,95.0,1.0,118.0,472.0,0.0,40.0,6.0,16.0,14.0,0.0,2.0,7.0,29.0,0.0,1.0,1.0,1.0,105.0,60.0,19.0,2.0,82.0,76.0,31.0,13.0,0.0,4.0,87.0,74.0,41.0,116.0,74.0,517.0,2.0,11.0,111.0,2.0,117.0,7.0,1.0,6.0,0.0,4.0,5.0,3.0,266.0,483.0,15.0,6.0,40.0,141.0,125.0,55.0,9.0,316.0,38.0,6.0,6.0,218.0,5.0,4.0,2.0,2.0,1.0,0.0,15.0,7.0,2077.0,51.0,29.0,12.0,243.0,180.0,3.0,10.0,11.0,5.0,53.0,12.0,2.0,1.0,2.0,3.0,0.0,2.0,4.0,2.0,6.0,6.0,0.0,7.0,16.0,1782.0,29.0,11.0,232.0,26.0,30.0,12.0,9.0,167.0,232.0,3.0,563.0,52.0,3.0,59.0,2.0,24.0,137.0,65.0,2.0,3.0,2.0,6.0,0.0,17.0,43.0,25.0,25.0,5.0,0.0,0.0,19.0,12.0,2593.0,23.0,20.0,104.0,298.0,12.0,4.0,11.0,9.0,11.0,29.0,36.0,54.0,176.0,79.0,3.0,14.0,17.0,7.0,0.0,3.0,2.0,0.0,2.0,248.0,3.0,2.0,86.0,2.0,13.0,18.0,204.0,218.0,11.0,2.0,2.0,12.0,1.0,11.0,19.0,34.0,1.0,1.0,2.0,0.0,1.0,242.0,2.0,9.0,2.0,46.0,5.0,1.0,1.0,31.0,4.0,5.0,12.0,7.0,41.0,18.0,134.0,11.0,32.0,10.0,1.0,2.0,2.0,3.0,22.0,3.0,0.0,2.0,2.0,5.0,1.0,99.0,5.0,0.0,0.0,0.0,2.0,0.0,0.0,0.0,8.0,21.0,51.0,1.0,3.0,0.0,1.0,2.0,0.0,0.0,0.0,0.0,1.0,0.0,0.0,8.0,3.0,0.0,1.0,1.0,0.0,0.0,2.0,1.0,0.0,2.0,1.0,0.0,0.0,1.0,27.0,0.0,0.0,0.0,0.0,1.0,0.0,0.0,0.0,0.0,0.0,0.0,0.0,0.0,0.0,1.0,1.0,3.0,1.0,0.0,0.0,0.0,0.0,1.0,1.0,0.0,0.0,1.0,0.0,0.0,0.0,0.0,0.0,3.0,0.0,1.0,0.0,0.0,0.0,0.0,0.0,0.0,0.0,12.0,2.0,6.0,184.0,14.0,3.0,26.0,4.0,5.0,33.0,25.0,30.0,28.0,15.0,23.0,18.0,21.0,61.0,20.0,100.0,38.0,30.0,14.0,21.0,16.0,83.0,23.0,225.0,19.0,23.0,10.0,8.0,26.0,33.0,207.0,122.0,186.0,40.0,165.0,748.0,73.0,144.0,9434.0,350.0,515.0,2760.0,360.0,800.0,206.0,78.0,250.0,288.0
2018-05-01,23.0,4.0,3.0,3.0,3.0,11.0,4.0,8.0,49.0,45.0,72.0,140.0,15.0,5.0,1.0,0.0,8.0,13.0,2.0,151.0,0.0,4.0,7.0,4.0,6.0,4.0,2.0,0.0,0.0,0.0,0.0,6.0,34.0,0.0,3.0,2.0,38.0,4.0,27.0,48.0,8.0,1.0,46.0,11.0,16.0,67.0,63.0,9.0,27.0,10.0,8.0,26.0,0.0,0.0,33.0,31.0,30.0,45.0,15.0,13.0,26.0,134.0,5.0,76.0,2.0,149.0,1.0,1.0,27.0,34.0,18.0,8.0,16.0,13.0,64.0,0.0,0.0,16.0,2.0,4.0,118.0,4.0,5.0,14.0,1.0,3.0,0.0,169.0,6.0,1.0,4.0,1.0,1.0,0.0,4.0,57.0,20.0,10.0,1.0,36.0,0.0,0.0,0.0,0.0,3.0,3.0,0.0,0.0,1.0,1.0,0.0,0.0,0.0,1.0,1.0,142.0,2.0,9.0,67.0,1.0,31.0,3.0,14.0,1.0,1.0,86.0,9.0,9.0,0.0,0.0,14.0,12.0,11.0,328.0,9.0,1.0,35.0,9.0,19.0,2.0,39.0,107.0,88.0,66.0,139.0,115.0,89.0,177.0,172.0,262.0,2759.0,55.0,21.0,110.0,698.0,11.0,363.0,23.0,71.0,25.0,285.0,49.0,62.0,102.0,8.0,5.0,15.0,4.0,228.0,20.0,99.0,2.0,5.0,530.0,2.0,4.0,43.0,45.0,16.0,4.0,1.0,8.0,179.0,8.0,149.0,82.0,15.0,30.0,136.0,113.0,19.0,466.0,113.0,0.0,2.0,1.0,1.0,0.0,4.0,226.0,2.0,14.0,2.0,1.0,71.0,2.0,0.0,2.0,2.0,0.0,1.0,0.0,0.0,6.0,0.0,2.0,1.0,26.0,0.0,3.0,63.0,44.0,290.0,101.0,0.0,143.0,322.0,2.0,19.0,7.0,1.0,16.0,1.0,2.0,13.0,16.0,2.0,1.0,2.0,0.0,107.0,101.0,9.0,6.0,23.0,50.0,63.0,5.0,0.0,3.0,91.0,107.0,64.0,155.0,248.0,215.0,3.0,6.0,128.0,1.0,142.0,0.0,2.0,3.0,0.0,13.0,4.0,7.0,225.0,474.0,13.0,5.0,45.0,188.0,94.0,24.0,5.0,210.0,19.0,1.0,3.0,190.0,16.0,3.0,1.0,0.0,1.0,1.0,10.0,13.0,888.0,53.0,33.0,13.0,120.0,60.0,2.0,2.0,22.0,14.0,51.0,11.0,2.0,0.0,0.0,0.0,0.0,0.0,6.0,2.0,1.0,9.0,0.0,3.0,17.0,378.0,24.0,5.0,103.0,61.0,65.0,15.0,11.0,224.0,91.0,2.0,625.0,52.0,2.0,81.0,4.0,39.0,26.0,75.0,6.0,0.0,0.0,2.0,0.0,14.0,65.0,27.0,4.0,12.0,8.0,4.0,8.0,10.0,1491.0,28.0,56.0,130.0,373.0,13.0,5.0,29.0,15.0,21.0,30.0,30.0,45.0,91.0,64.0,3.0,21.0,46.0,14.0,3.0,3.0,1.0,1.0,1.0,283.0,4.0,2.0,74.0,1.0,3.0,17.0,116.0,130.0,6.0,1.0,4.0,14.0,1.0,5.0,4.0,15.0,0.0,1.0,3.0,0.0,2.0,136.0,0.0,22.0,0.0,23.0,5.0,0.0,0.0,22.0,3.0,1.0,17.0,3.0,21.0,21.0,114.0,15.0,24.0,7.0,1.0,2.0,0.0,0.0,54.0,3.0,1.0,3.0,3.0,6.0,0.0,19.0,0.0,2.0,2.0,0.0,0.0,1.0,0.0,0.0,13.0,4.0,49.0,1.0,0.0,0.0,0.0,1.0,0.0,0.0,0.0,0.0,0.0,0.0,0.0,6.0,2.0,0.0,0.0,0.0,0.0,0.0,2.0,0.0,0.0,1.0,0.0,0.0,0.0,0.0,17.0,0.0,0.0,2.0,0.0,1.0,0.0,0.0,0.0,0.0,0.0,0.0,0.0,0.0,1.0,1.0,0.0,0.0,1.0,0.0,0.0,1.0,0.0,1.0,1.0,0.0,0.0,0.0,0.0,0.0,0.0,0.0,0.0,2.0,0.0,0.0,0.0,0.0,0.0,0.0,2.0,0.0,0.0,4.0,1.0,4.0,155.0,28.0,3.0,45.0,4.0,1.0,37.0,9.0,26.0,23.0,8.0,24.0,11.0,14.0,91.0,59.0,73.0,39.0,19.0,5.0,24.0,3.0,22.0,2.0,84.0,5.0,25.0,2.0,6.0,69.0,37.0,323.0,87.0,131.0,41.0,191.0,676.0,17.0,173.0,7487.0,436.0,492.0,2623.0,254.0,524.0,157.0,68.0,161.0,288.0
2018-06-01,9.0,1.0,1.0,3.0,1.0,7.0,1.0,1.0,9.0,33.0,30.0,100.0,12.0,6.0,0.0,2.0,3.0,14.0,3.0,143.0,3.0,5.0,3.0,1.0,2.0,0.0,4.0,1.0,2.0,2.0,0.0,9.0,8.0,0.0,1.0,1.0,37.0,3.0,23.0,20.0,2.0,1.0,25.0,15.0,19.0,10.0,17.0,1.0,10.0,3.0,10.0,11.0,1.0,1.0,29.0,4.0,2.0,33.0,5.0,4.0,3.0,58.0,1.0,14.0,2.0,27.0,1.0,0.0,2.0,5.0,3.0,6.0,8.0,5.0,21.0,0.0,0.0,1.0,0.0,0.0,42.0,0.0,3.0,4.0,0.0,3.0,1.0,130.0,3.0,9.0,6.0,0.0,0.0,0.0,0.0,17.0,17.0,14.0,3.0,14.0,1.0,0.0,0.0,0.0,4.0,1.0,0.0,1.0,0.0,0.0,0.0,0.0,4.0,0.0,4.0,89.0,0.0,1.0,23.0,0.0,9.0,2.0,54.0,1.0,0.0,150.0,12.0,20.0,0.0,0.0,6.0,2.0,5.0,160.0,8.0,5.0,52.0,23.0,15.0,0.0,54.0,36.0,91.0,197.0,111.0,82.0,214.0,209.0,65.0,198.0,2209.0,50.0,24.0,59.0,270.0,4.0,107.0,2.0,75.0,37.0,174.0,14.0,81.0,78.0,4.0,4.0,16.0,7.0,256.0,33.0,52.0,2.0,9.0,416.0,3.0,3.0,47.0,85.0,8.0,8.0,1.0,30.0,78.0,11.0,77.0,46.0,22.0,30.0,58.0,73.0,14.0,393.0,89.0,0.0,2.0,1.0,1.0,1.0,7.0,185.0,1.0,39.0,1.0,1.0,34.0,2.0,2.0,1.0,0.0,0.0,1.0,0.0,0.0,3.0,0.0,1.0,1.0,12.0,0.0,0.0,60.0,23.0,138.0,98.0,0.0,40.0,42.0,1.0,12.0,3.0,1.0,33.0,0.0,1.0,5.0,5.0,0.0,0.0,3.0,2.0,92.0,49.0,9.0,3.0,20.0,14.0,3.0,5.0,0.0,2.0,84.0,99.0,23.0,124.0,120.0,78.0,0.0,8.0,93.0,3.0,81.0,1.0,0.0,1.0,0.0,19.0,8.0,4.0,81.0,183.0,5.0,3.0,27.0,41.0,44.0,11.0,2.0,35.0,10.0,0.0,4.0,106.0,2.0,0.0,0.0,3.0,0.0,0.0,14.0,20.0,235.0,31.0,12.0,4.0,27.0,7.0,2.0,2.0,4.0,2.0,7.0,9.0,2.0,1.0,0.0,1.0,0.0,0.0,3.0,2.0,0.0,1.0,1.0,1.0,15.0,36.0,7.0,2.0,78.0,37.0,23.0,12.0,2.0,299.0,24.0,5.0,484.0,30.0,3.0,109.0,3.0,34.0,11.0,34.0,7.0,1.0,0.0,2.0,0.0,11.0,73.0,18.0,1.0,7.0,7.0,0.0,4.0,10.0,785.0,19.0,26.0,68.0,178.0,9.0,15.0,19.0,10.0,9.0,36.0,46.0,10.0,32.0,40.0,3.0,22.0,7.0,9.0,3.0,2.0,1.0,0.0,0.0,138.0,1.0,4.0,20.0,0.0,4.0,11.0,35.0,55.0,2.0,4.0,1.0,5.0,0.0,6.0,1.0,13.0,2.0,0.0,3.0,0.0,1.0,34.0,1.0,8.0,0.0,17.0,6.0,0.0,2.0,12.0,1.0,1.0,10.0,0.0,19.0,3.0,64.0,13.0,22.0,9.0,1.0,0.0,1.0,2.0,5.0,2.0,1.0,0.0,2.0,7.0,0.0,1.0,6.0,0.0,2.0,0.0,0.0,0.0,0.0,0.0,1.0,5.0,12.0,0.0,0.0,0.0,0.0,0.0,0.0,0.0,0.0,0.0,0.0,0.0,0.0,0.0,14.0,0.0,1.0,0.0,0.0,0.0,0.0,0.0,0.0,0.0,0.0,0.0,0.0,1.0,9.0,0.0,0.0,0.0,0.0,0.0,0.0,0.0,0.0,0.0,0.0,0.0,0.0,0.0,1.0,0.0,1.0,0.0,0.0,0.0,0.0,0.0,0.0,0.0,0.0,0.0,0.0,0.0,0.0,0.0,0.0,0.0,0.0,1.0,1.0,0.0,0.0,0.0,0.0,0.0,0.0,0.0,1.0,2.0,3.0,1.0,88.0,18.0,1.0,43.0,1.0,2.0,11.0,1.0,10.0,6.0,0.0,6.0,3.0,10.0,86.0,24.0,45.0,33.0,18.0,5.0,10.0,4.0,2.0,1.0,50.0,1.0,4.0,4.0,5.0,26.0,29.0,102.0,43.0,62.0,17.0,86.0,287.0,9.0,50.0,3353.0,158.0,258.0,1050.0,83.0,239.0,66.0,35.0,114.0,193.0
2018-07-01,10.0,2.0,0.0,4.0,0.0,8.0,3.0,0.0,21.0,35.0,10.0,124.0,23.0,18.0,0.0,1.0,7.0,9.0,1.0,134.0,0.0,13.0,3.0,2.0,3.0,1.0,4.0,2.0,0.0,6.0,2.0,4.0,2.0,0.0,0.0,0.0,24.0,7.0,10.0,13.0,3.0,4.0,9.0,13.0,10.0,1.0,9.0,0.0,5.0,6.0,4.0,8.0,0.0,1.0,33.0,3.0,4.0,12.0,5.0,2.0,2.0,24.0,0.0,3.0,0.0,31.0,0.0,2.0,0.0,1.0,2.0,5.0,6.0,1.0,18.0,0.0,0.0,1.0,0.0,0.0,1.0,1.0,1.0,2.0,0.0,3.0,1.0,73.0,1.0,11.0,1.0,1.0,0.0,1.0,0.0,14.0,4.0,9.0,1.0,21.0,0.0,0.0,0.0,0.0,3.0,1.0,1.0,0.0,1.0,0.0,3.0,0.0,2.0,0.0,0.0,67.0,0.0,2.0,19.0,0.0,10.0,6.0,66.0,1.0,0.0,78.0,7.0,16.0,0.0,0.0,6.0,3.0,2.0,323.0,9.0,8.0,98.0,7.0,18.0,0.0,23.0,45.0,58.0,52.0,131.0,104.0,186.0,70.0,59.0,184.0,1407.0,39.0,52.0,34.0,89.0,6.0,34.0,0.0,24.0,30.0,79.0,17.0,46.0,51.0,6.0,4.0,15.0,17.0,172.0,14.0,12.0,0.0,6.0,393.0,1.0,5.0,49.0,126.0,4.0,9.0,2.0,5.0,36.0,10.0,36.0,15.0,22.0,51.0,37.0,36.0,15.0,334.0,114.0,0.0,0.0,0.0,0.0,2.0,4.0,137.0,0.0,13.0,2.0,1.0,52.0,7.0,1.0,1.0,0.0,1.0,0.0,2.0,0.0,3.0,0.0,2.0,0.0,9.0,0.0,0.0,14.0,6.0,21.0,95.0,1.0,13.0,18.0,2.0,7.0,4.0,2.0,60.0,2.0,0.0,1.0,2.0,1.0,0.0,1.0,5.0,104.0,29.0,10.0,2.0,14.0,7.0,2.0,1.0,0.0,4.0,35.0,51.0,25.0,18.0,30.0,48.0,2.0,6.0,63.0,2.0,31.0,0.0,1.0,1.0,0.0,13.0,10.0,3.0,29.0,86.0,6.0,2.0,16.0,15.0,13.0,2.0,1.0,25.0,5.0,0.0,2.0,85.0,1.0,1.0,0.0,0.0,1.0,0.0,12.0,9.0,115.0,23.0,13.0,3.0,13.0,2.0,2.0,0.0,3.0,1.0,0.0,9.0,2.0,1.0,0.0,0.0,0.0,2.0,0.0,1.0,1.0,0.0,0.0,2.0,12.0,14.0,5.0,3.0,39.0,34.0,13.0,9.0,6.0,224.0,28.0,3.0,472.0,22.0,0.0,83.0,1.0,49.0,4.0,21.0,12.0,1.0,1.0,0.0,1.0,7.0,69.0,13.0,2.0,1.0,1.0,0.0,1.0,6.0,685.0,18.0,4.0,35.0,127.0,3.0,21.0,27.0,6.0,13.0,9.0,16.0,14.0,11.0,16.0,0.0,45.0,3.0,1.0,1.0,6.0,1.0,0.0,0.0,80.0,1.0,0.0,6.0,3.0,0.0,6.0,14.0,30.0,5.0,2.0,1.0,4.0,0.0,7.0,3.0,1.0,1.0,2.0,0.0,0.0,1.0,10.0,0.0,8.0,2.0,21.0,13.0,0.0,2.0,10.0,0.0,3.0,9.0,1.0,9.0,10.0,82.0,7.0,18.0,9.0,2.0,2.0,1.0,1.0,2.0,2.0,0.0,2.0,1.0,4.0,0.0,0.0,1.0,1.0,2.0,0.0,0.0,0.0,0.0,0.0,3.0,8.0,8.0,0.0,0.0,0.0,0.0,0.0,0.0,0.0,0.0,0.0,0.0,0.0,0.0,1.0,0.0,0.0,0.0,0.0,0.0,1.0,0.0,0.0,0.0,0.0,0.0,0.0,0.0,0.0,3.0,0.0,2.0,0.0,0.0,0.0,0.0,0.0,0.0,0.0,0.0,0.0,0.0,0.0,0.0,0.0,1.0,0.0,0.0,0.0,0.0,0.0,0.0,0.0,0.0,0.0,0.0,0.0,0.0,0.0,0.0,0.0,0.0,1.0,0.0,0.0,0.0,0.0,0.0,0.0,0.0,0.0,2.0,1.0,0.0,5.0,56.0,2.0,1.0,33.0,1.0,0.0,8.0,1.0,5.0,8.0,0.0,8.0,2.0,3.0,36.0,8.0,30.0,24.0,9.0,3.0,5.0,3.0,2.0,0.0,55.0,0.0,6.0,3.0,6.0,3.0,14.0,19.0,28.0,23.0,4.0,42.0,105.0,9.0,38.0,1679.0,37.0,99.0,359.0,21.0,88.0,26.0,27.0,51.0,113.0
2018-08-01,10.0,1.0,3.0,3.0,0.0,3.0,3.0,2.0,41.0,51.0,6.0,98.0,10.0,18.0,0.0,1.0,5.0,8.0,0.0,109.0,3.0,11.0,2.0,1.0,2.0,1.0,11.0,2.0,0.0,16.0,3.0,8.0,5.0,0.0,1.0,0.0,35.0,23.0,56.0,41.0,8.0,5.0,8.0,7.0,8.0,11.0,1.0,1.0,6.0,2.0,4.0,3.0,0.0,1.0,55.0,2.0,1.0,26.0,7.0,4.0,2.0,18.0,0.0,7.0,1.0,35.0,0.0,1.0,5.0,0.0,2.0,7.0,10.0,0.0,17.0,1.0,0.0,1.0,0.0,0.0,2.0,0.0,3.0,3.0,1.0,0.0,5.0,54.0,11.0,5.0,1.0,0.0,0.0,0.0,3.0,15.0,2.0,15.0,0.0,9.0,1.0,0.0,0.0,0.0,0.0,0.0,0.0,0.0,0.0,0.0,0.0,1.0,1.0,0.0,2.0,76.0,0.0,0.0,18.0,0.0,3.0,7.0,78.0,1.0,0.0,33.0,1.0,26.0,0.0,0.0,14.0,6.0,12.0,251.0,4.0,0.0,68.0,13.0,45.0,1.0,13.0,43.0,39.0,39.0,118.0,87.0,101.0,39.0,15.0,147.0,954.0,41.0,25.0,29.0,49.0,9.0,10.0,1.0,21.0,15.0,45.0,7.0,9.0,24.0,2.0,3.0,24.0,12.0,69.0,7.0,7.0,0.0,10.0,353.0,1.0,1.0,45.0,132.0,7.0,9.0,0.0,5.0,49.0,18.0,39.0,12.0,10.0,30.0,15.0,31.0,9.0,262.0,150.0,0.0,4.0,1.0,2.0,2.0,2.0,112.0,0.0,12.0,4.0,15.0,43.0,7.0,0.0,2.0,0.0,2.0,1.0,1.0,0.0,3.0,2.0,0.0,0.0,10.0,0.0,1.0,9.0,1.0,16.0,117.0,1.0,6.0,7.0,3.0,4.0,6.0,1.0,101.0,0.0,1.0,7.0,0.0,3.0,0.0,0.0,2.0,77.0,14.0,1.0,3.0,32.0,2.0,0.0,4.0,0.0,0.0,27.0,34.0,6.0,11.0,14.0,50.0,2.0,2.0,28.0,1.0,12.0,0.0,0.0,2.0,0.0,7.0,3.0,3.0,14.0,42.0,12.0,2.0,12.0,6.0,2.0,1.0,2.0,8.0,7.0,1.0,3.0,81.0,1.0,0.0,2.0,2.0,0.0,0.0,8.0,6.0,77.0,8.0,7.0,2.0,18.0,2.0,2.0,2.0,7.0,1.0,0.0,3.0,1.0,0.0,0.0,0.0,0.0,1.0,1.0,1.0,0.0,0.0,1.0,0.0,6.0,9.0,2.0,0.0,29.0,13.0,5.0,1.0,6.0,152.0,19.0,4.0,368.0,6.0,3.0,58.0,5.0,18.0,0.0,21.0,12.0,0.0,2.0,1.0,0.0,18.0,31.0,26.0,0.0,4.0,1.0,0.0,2.0,5.0,341.0,4.0,6.0,24.0,113.0,14.0,2.0,11.0,5.0,8.0,11.0,4.0,6.0,14.0,13.0,0.0,45.0,1.0,2.0,1.0,5.0,0.0,0.0,0.0,31.0,1.0,2.0,4.0,3.0,4.0,4.0,9.0,26.0,3.0,2.0,6.0,2.0,2.0,6.0,6.0,0.0,0.0,0.0,0.0,0.0,0.0,5.0,0.0,7.0,0.0,12.0,9.0,1.0,0.0,4.0,1.0,2.0,4.0,2.0,3.0,6.0,43.0,6.0,11.0,5.0,1.0,0.0,0.0,0.0,1.0,0.0,0.0,0.0,0.0,5.0,0.0,0.0,4.0,0.0,0.0,0.0,0.0,0.0,0.0,1.0,2.0,0.0,14.0,1.0,0.0,0.0,0.0,0.0,0.0,0.0,0.0,0.0,0.0,0.0,0.0,4.0,2.0,0.0,0.0,0.0,0.0,0.0,0.0,0.0,0.0,0.0,0.0,0.0,0.0,1.0,2.0,0.0,1.0,0.0,0.0,0.0,0.0,0.0,0.0,0.0,0.0,0.0,0.0,0.0,0.0,0.0,1.0,0.0,0.0,0.0,0.0,0.0,0.0,0.0,0.0,0.0,0.0,0.0,0.0,0.0,0.0,0.0,0.0,0.0,0.0,0.0,0.0,0.0,0.0,0.0,1.0,0.0,0.0,1.0,0.0,1.0,14.0,1.0,0.0,44.0,1.0,0.0,4.0,1.0,0.0,7.0,0.0,1.0,0.0,1.0,21.0,2.0,39.0,17.0,10.0,7.0,7.0,3.0,1.0,1.0,42.0,1.0,6.0,3.0,5.0,1.0,7.0,7.0,27.0,15.0,1.0,27.0,53.0,17.0,18.0,1515.0,19.0,55.0,194.0,13.0,57.0,11.0,10.0,30.0,75.0
2018-09-01,12.0,1.0,0.0,1.0,0.0,7.0,0.0,0.0,105.0,222.0,45.0,116.0,5.0,18.0,0.0,0.0,6.0,5.0,0.0,84.0,0.0,5.0,1.0,1.0,2.0,1.0,9.0,0.0,0.0,0.0,0.0,2.0,2.0,0.0,1.0,1.0,28.0,3.0,26.0,12.0,4.0,4.0,6.0,7.0,3.0,5.0,3.0,5.0,3.0,3.0,2.0,3.0,0.0,1.0,27.0,4.0,1.0,14.0,1.0,0.0,4.0,29.0,0.0,9.0,0.0,26.0,0.0,0.0,1.0,2.0,1.0,2.0,4.0,1.0,29.0,0.0,0.0,0.0,1.0,0.0,3.0,0.0,2.0,0.0,0.0,1.0,1.0,46.0,8.0,0.0,0.0,0.0,0.0,0.0,1.0,4.0,2.0,11.0,0.0,1.0,2.0,0.0,0.0,0.0,1.0,0.0,0.0,1.0,0.0,0.0,0.0,0.0,1.0,1.0,1.0,42.0,0.0,2.0,14.0,0.0,1.0,12.0,62.0,1.0,0.0,22.0,0.0,8.0,0.0,0.0,3.0,5.0,5.0,105.0,0.0,0.0,21.0,1.0,9.0,3.0,14.0,18.0,12.0,31.0,72.0,33.0,54.0,21.0,1.0,55.0,595.0,11.0,14.0,2.0,9.0,1.0,1.0,0.0,13.0,7.0,9.0,5.0,4.0,3.0,3.0,0.0,15.0,1.0,10.0,2.0,6.0,0.0,4.0,194.0,1.0,1.0,22.0,79.0,1.0,16.0,2.0,5.0,28.0,13.0,10.0,6.0,10.0,16.0,6.0,17.0,5.0,211.0,98.0,4.0,2.0,1.0,1.0,0.0,3.0,93.0,0.0,4.0,3.0,9.0,20.0,0.0,0.0,1.0,0.0,0.0,0.0,1.0,0.0,2.0,1.0,0.0,0.0,5.0,2.0,1.0,5.0,0.0,5.0,121.0,1.0,7.0,2.0,3.0,6.0,0.0,0.0,45.0,1.0,1.0,2.0,1.0,1.0,0.0,1.0,2.0,70.0,3.0,0.0,3.0,31.0,1.0,0.0,1.0,0.0,3.0,19.0,12.0,17.0,7.0,4.0,42.0,0.0,1.0,10.0,6.0,2.0,0.0,0.0,3.0,0.0,7.0,9.0,0.0,7.0,59.0,15.0,19.0,17.0,7.0,6.0,4.0,0.0,3.0,4.0,0.0,2.0,91.0,2.0,1.0,5.0,5.0,1.0,0.0,19.0,1.0,76.0,8.0,1.0,4.0,13.0,4.0,1.0,0.0,7.0,4.0,1.0,3.0,0.0,1.0,0.0,1.0,0.0,0.0,1.0,3.0,0.0,1.0,0.0,2.0,15.0,8.0,12.0,1.0,6.0,1.0,1.0,1.0,3.0,109.0,7.0,6.0,318.0,5.0,3.0,42.0,1.0,16.0,0.0,4.0,2.0,0.0,1.0,2.0,0.0,4.0,16.0,15.0,0.0,8.0,2.0,1.0,2.0,3.0,220.0,2.0,0.0,12.0,59.0,16.0,1.0,5.0,2.0,0.0,16.0,4.0,3.0,29.0,7.0,1.0,73.0,2.0,4.0,1.0,2.0,3.0,0.0,0.0,25.0,1.0,0.0,3.0,1.0,3.0,3.0,3.0,31.0,1.0,2.0,1.0,15.0,0.0,0.0,0.0,3.0,1.0,0.0,0.0,0.0,1.0,3.0,0.0,16.0,0.0,9.0,23.0,2.0,0.0,9.0,1.0,4.0,2.0,2.0,7.0,6.0,53.0,0.0,22.0,4.0,2.0,0.0,1.0,0.0,3.0,1.0,1.0,0.0,2.0,5.0,0.0,0.0,1.0,0.0,0.0,1.0,0.0,0.0,0.0,0.0,1.0,1.0,3.0,0.0,0.0,0.0,0.0,0.0,0.0,0.0,0.0,0.0,0.0,0.0,0.0,5.0,0.0,0.0,0.0,0.0,0.0,0.0,0.0,0.0,0.0,0.0,0.0,0.0,0.0,0.0,3.0,0.0,1.0,1.0,0.0,2.0,0.0,0.0,0.0,0.0,0.0,0.0,0.0,0.0,1.0,1.0,0.0,2.0,0.0,0.0,0.0,0.0,0.0,0.0,0.0,0.0,0.0,0.0,0.0,0.0,0.0,0.0,0.0,0.0,0.0,0.0,0.0,0.0,0.0,0.0,1.0,0.0,0.0,1.0,0.0,2.0,11.0,6.0,0.0,45.0,3.0,4.0,3.0,5.0,6.0,5.0,1.0,5.0,0.0,7.0,18.0,7.0,13.0,18.0,7.0,18.0,0.0,1.0,0.0,0.0,23.0,1.0,10.0,3.0,0.0,2.0,6.0,9.0,61.0,45.0,0.0,31.0,81.0,9.0,13.0,1481.0,9.0,52.0,125.0,13.0,35.0,3.0,8.0,13.0,98.0
2018-10-01,11.0,0.0,2.0,5.0,0.0,20.0,0.0,0.0,120.0,561.0,258.0,228.0,33.0,11.0,0.0,0.0,6.0,5.0,0.0,70.0,0.0,10.0,1.0,1.0,0.0,1.0,22.0,0.0,0.0,0.0,2.0,0.0,4.0,0.0,0.0,1.0,13.0,1.0,2.0,7.0,3.0,6.0,6.0,2.0,2.0,9.0,12.0,8.0,11.0,11.0,1.0,2.0,0.0,0.0,51.0,5.0,5.0,20.0,5.0,9.0,4.0,30.0,4.0,8.0,1.0,19.0,1.0,1.0,2.0,0.0,1.0,4.0,4.0,1.0,38.0,0.0,0.0,0.0,1.0,0.0,3.0,0.0,0.0,1.0,0.0,1.0,2.0,36.0,3.0,0.0,0.0,0.0,0.0,0.0,0.0,1.0,0.0,5.0,0.0,1.0,0.0,3.0,0.0,0.0,0.0,2.0,0.0,0.0,1.0,0.0,0.0,3.0,3.0,0.0,0.0,41.0,0.0,0.0,12.0,0.0,0.0,3.0,54.0,0.0,0.0,3.0,0.0,1.0,0.0,0.0,3.0,4.0,8.0,21.0,1.0,0.0,19.0,1.0,4.0,2.0,6.0,7.0,6.0,30.0,80.0,10.0,10.0,11.0,4.0,29.0,489.0,4.0,16.0,2.0,12.0,1.0,2.0,0.0,7.0,9.0,1.0,6.0,6.0,4.0,1.0,1.0,7.0,1.0,7.0,3.0,0.0,1.0,4.0,221.0,4.0,0.0,9.0,50.0,4.0,65.0,1.0,0.0,42.0,16.0,9.0,4.0,6.0,15.0,8.0,29.0,15.0,337.0,85.0,8.0,0.0,0.0,4.0,1.0,4.0,90.0,0.0,10.0,3.0,4.0,30.0,1.0,1.0,0.0,0.0,2.0,1.0,1.0,3.0,1.0,0.0,0.0,3.0,10.0,1.0,0.0,8.0,0.0,2.0,86.0,0.0,1.0,1.0,1.0,21.0,3.0,1.0,67.0,1.0,12.0,1.0,2.0,2.0,0.0,2.0,7.0,114.0,3.0,2.0,7.0,77.0,12.0,1.0,6.0,2.0,1.0,11.0,6.0,53.0,14.0,11.0,62.0,0.0,4.0,8.0,1.0,0.0,3.0,1.0,4.0,1.0,3.0,6.0,1.0,10.0,70.0,14.0,16.0,14.0,9.0,8.0,20.0,4.0,14.0,2.0,3.0,1.0,167.0,7.0,1.0,2.0,0.0,1.0,0.0,15.0,2.0,100.0,5.0,0.0,7.0,11.0,9.0,1.0,0.0,28.0,6.0,3.0,8.0,1.0,0.0,3.0,1.0,0.0,1.0,1.0,3.0,4.0,0.0,2.0,1.0,17.0,22.0,14.0,0.0,6.0,3.0,2.0,2.0,11.0,110.0,31.0,2.0,326.0,6.0,4.0,33.0,3.0,27.0,1.0,2.0,4.0,1.0,3.0,1.0,0.0,7.0,17.0,22.0,3.0,12.0,2.0,1.0,1.0,5.0,289.0,2.0,2.0,12.0,113.0,28.0,3.0,2.0,2.0,0.0,24.0,23.0,13.0,26.0,14.0,2.0,159.0,2.0,4.0,4.0,15.0,1.0,0.0,0.0,54.0,4.0,3.0,2.0,1.0,2.0,1.0,12.0,29.0,5.0,1.0,1.0,39.0,2.0,2.0,1.0,1.0,0.0,0.0,2.0,0.0,2.0,4.0,1.0,15.0,0.0,17.0,8.0,0.0,3.0,8.0,2.0,5.0,2.0,0.0,9.0,9.0,73.0,10.0,15.0,11.0,2.0,0.0,0.0,0.0,2.0,5.0,0.0,0.0,2.0,22.0,0.0,0.0,5.0,0.0,2.0,0.0,0.0,1.0,0.0,0.0,3.0,5.0,37.0,0.0,0.0,0.0,0.0,0.0,0.0,0.0,0.0,0.0,0.0,0.0,0.0,2.0,5.0,0.0,0.0,3.0,0.0,0.0,1.0,0.0,0.0,0.0,0.0,0.0,0.0,0.0,5.0,0.0,0.0,1.0,0.0,1.0,0.0,0.0,0.0,0.0,1.0,1.0,0.0,0.0,0.0,0.0,1.0,1.0,0.0,0.0,0.0,0.0,0.0,0.0,0.0,1.0,0.0,0.0,0.0,0.0,0.0,0.0,1.0,2.0,0.0,1.0,0.0,1.0,0.0,0.0,0.0,0.0,0.0,1.0,0.0,2.0,33.0,0.0,2.0,63.0,1.0,2.0,2.0,6.0,2.0,9.0,4.0,2.0,1.0,8.0,8.0,3.0,16.0,10.0,15.0,5.0,4.0,2.0,0.0,0.0,37.0,1.0,6.0,3.0,1.0,1.0,12.0,12.0,175.0,63.0,2.0,35.0,173.0,11.0,17.0,1844.0,58.0,114.0,174.0,18.0,53.0,5.0,12.0,23.0,140.0
2018-11-01,11.0,1.0,3.0,0.0,0.0,7.0,1.0,5.0,218.0,502.0,626.0,474.0,64.0,10.0,0.0,2.0,6.0,1.0,0.0,69.0,1.0,6.0,0.0,3.0,1.0,0.0,10.0,0.0,1.0,1.0,1.0,1.0,0.0,0.0,3.0,0.0,16.0,1.0,2.0,2.0,3.0,31.0,9.0,3.0,2.0,5.0,32.0,30.0,28.0,8.0,2.0,4.0,0.0,0.0,25.0,4.0,7.0,10.0,12.0,29.0,11.0,255.0,8.0,10.0,0.0,26.0,0.0,0.0,2.0,3.0,0.0,6.0,2.0,0.0,17.0,1.0,0.0,2.0,0.0,0.0,0.0,0.0,2.0,3.0,0.0,1.0,0.0,29.0,4.0,0.0,0.0,0.0,0.0,0.0,2.0,7.0,6.0,1.0,0.0,1.0,0.0,0.0,1.0,0.0,0.0,0.0,0.0,1.0,0.0,0.0,1.0,3.0,0.0,0.0,0.0,44.0,0.0,5.0,4.0,0.0,1.0,1.0,16.0,0.0,0.0,4.0,0.0,0.0,0.0,0.0,0.0,5.0,0.0,27.0,2.0,1.0,6.0,5.0,0.0,0.0,3.0,21.0,22.0,12.0,62.0,4.0,12.0,5.0,2.0,25.0,372.0,6.0,9.0,4.0,5.0,0.0,1.0,1.0,3.0,3.0,1.0,8.0,4.0,7.0,1.0,2.0,11.0,2.0,6.0,0.0,2.0,3.0,2.0,262.0,1.0,1.0,27.0,16.0,2.0,24.0,1.0,2.0,45.0,2.0,8.0,10.0,5.0,22.0,2.0,36.0,11.0,338.0,134.0,8.0,1.0,0.0,2.0,0.0,2.0,70.0,0.0,9.0,6.0,12.0,34.0,2.0,3.0,0.0,3.0,1.0,0.0,0.0,1.0,2.0,1.0,1.0,1.0,11.0,1.0,0.0,6.0,4.0,3.0,51.0,0.0,2.0,0.0,2.0,28.0,1.0,5.0,100.0,0.0,3.0,0.0,3.0,5.0,0.0,1.0,19.0,124.0,24.0,2.0,3.0,158.0,15.0,0.0,1.0,0.0,1.0,28.0,8.0,257.0,43.0,31.0,47.0,1.0,14.0,46.0,0.0,0.0,2.0,0.0,9.0,0.0,0.0,5.0,1.0,7.0,173.0,15.0,7.0,35.0,7.0,2.0,23.0,8.0,37.0,4.0,1.0,1.0,267.0,10.0,2.0,1.0,4.0,0.0,0.0,19.0,1.0,115.0,15.0,4.0,11.0,13.0,65.0,2.0,1.0,19.0,13.0,3.0,7.0,0.0,2.0,1.0,3.0,0.0,2.0,0.0,15.0,3.0,3.0,2.0,1.0,31.0,29.0,13.0,3.0,11.0,5.0,6.0,2.0,1.0,121.0,33.0,2.0,409.0,7.0,3.0,21.0,2.0,27.0,2.0,3.0,2.0,2.0,0.0,0.0,1.0,19.0,12.0,16.0,4.0,11.0,2.0,0.0,0.0,18.0,342.0,4.0,10.0,8.0,382.0,16.0,4.0,19.0,5.0,18.0,83.0,55.0,90.0,19.0,11.0,1.0,549.0,8.0,7.0,2.0,49.0,1.0,1.0,0.0,121.0,5.0,4.0,2.0,0.0,2.0,3.0,10.0,39.0,3.0,1.0,0.0,11.0,0.0,0.0,4.0,1.0,0.0,0.0,1.0,1.0,0.0,14.0,0.0,14.0,2.0,11.0,6.0,0.0,3.0,29.0,3.0,2.0,5.0,1.0,16.0,11.0,92.0,6.0,22.0,3.0,1.0,1.0,0.0,0.0,3.0,4.0,0.0,0.0,2.0,18.0,0.0,0.0,13.0,0.0,0.0,0.0,0.0,0.0,0.0,2.0,2.0,9.0,12.0,0.0,2.0,0.0,0.0,0.0,0.0,0.0,0.0,0.0,0.0,0.0,0.0,4.0,1.0,0.0,1.0,2.0,0.0,0.0,3.0,0.0,0.0,0.0,0.0,0.0,0.0,0.0,3.0,0.0,0.0,3.0,0.0,1.0,0.0,2.0,0.0,0.0,0.0,0.0,0.0,0.0,0.0,2.0,0.0,0.0,0.0,0.0,0.0,0.0,0.0,0.0,0.0,1.0,0.0,0.0,0.0,0.0,0.0,0.0,0.0,3.0,0.0,0.0,0.0,0.0,0.0,0.0,0.0,0.0,0.0,4.0,4.0,3.0,102.0,7.0,4.0,849.0,8.0,1.0,11.0,9.0,5.0,27.0,9.0,6.0,4.0,22.0,25.0,7.0,54.0,19.0,31.0,3.0,4.0,2.0,1.0,1.0,61.0,15.0,7.0,7.0,1.0,12.0,150.0,15.0,116.0,100.0,4.0,81.0,304.0,22.0,59.0,2258.0,137.0,115.0,174.0,40.0,178.0,16.0,17.0,46.0,227.0
2018-12-01,13.0,2.0,2.0,2.0,0.0,4.0,1.0,2.0,304.0,40.0,243.0,529.0,65.0,6.0,0.0,0.0,11.0,9.0,0.0,66.0,0.0,2.0,0.0,1.0,1.0,1.0,9.0,0.0,2.0,1.0,3.0,6.0,1.0,0.0,1.0,0.0,22.0,4.0,11.0,5.0,3.0,21.0,11.0,3.0,2.0,6.0,55.0,14.0,51.0,11.0,6.0,5.0,0.0,2.0,19.0,3.0,10.0,23.0,19.0,32.0,8.0,530.0,13.0,62.0,0.0,23.0,1.0,1.0,4.0,2.0,1.0,3.0,4.0,1.0,15.0,1.0,0.0,0.0,0.0,0.0,2.0,1.0,0.0,4.0,0.0,0.0,0.0,67.0,5.0,0.0,0.0,0.0,0.0,0.0,0.0,5.0,7.0,1.0,0.0,2.0,0.0,0.0,0.0,0.0,3.0,1.0,0.0,0.0,2.0,1.0,0.0,0.0,3.0,1.0,1.0,67.0,1.0,1.0,5.0,2.0,5.0,1.0,8.0,0.0,2.0,5.0,1.0,1.0,0.0,3.0,0.0,1.0,2.0,29.0,1.0,0.0,14.0,2.0,2.0,0.0,2.0,3.0,37.0,6.0,64.0,6.0,15.0,8.0,2.0,11.0,284.0,2.0,1.0,2.0,9.0,1.0,3.0,0.0,1.0,1.0,0.0,5.0,4.0,4.0,2.0,1.0,3.0,0.0,15.0,4.0,0.0,0.0,2.0,218.0,0.0,0.0,3.0,46.0,1.0,10.0,0.0,2.0,56.0,6.0,10.0,7.0,7.0,18.0,4.0,27.0,4.0,268.0,114.0,10.0,0.0,0.0,0.0,0.0,8.0,75.0,0.0,16.0,12.0,0.0,26.0,3.0,0.0,3.0,0.0,0.0,0.0,0.0,0.0,1.0,0.0,0.0,0.0,7.0,1.0,0.0,5.0,2.0,2.0,16.0,0.0,0.0,6.0,2.0,4.0,3.0,3.0,227.0,0.0,0.0,5.0,2.0,0.0,0.0,1.0,9.0,148.0,34.0,4.0,5.0,38.0,37.0,2.0,4.0,0.0,0.0,27.0,15.0,660.0,89.0,19.0,75.0,3.0,56.0,213.0,0.0,3.0,1.0,4.0,4.0,0.0,1.0,5.0,2.0,17.0,306.0,6.0,7.0,186.0,39.0,5.0,12.0,8.0,77.0,12.0,0.0,10.0,472.0,13.0,0.0,2.0,7.0,0.0,0.0,25.0,2.0,108.0,9.0,0.0,7.0,10.0,223.0,1.0,4.0,68.0,29.0,5.0,15.0,0.0,2.0,0.0,1.0,0.0,0.0,5.0,13.0,3.0,1.0,2.0,3.0,20.0,98.0,22.0,3.0,23.0,9.0,22.0,7.0,14.0,370.0,35.0,1.0,622.0,12.0,4.0,27.0,4.0,81.0,2.0,8.0,4.0,19.0,0.0,0.0,0.0,14.0,12.0,25.0,2.0,5.0,4.0,5.0,3.0,23.0,548.0,14.0,50.0,7.0,744.0,21.0,2.0,46.0,2.0,162.0,197.0,129.0,87.0,20.0,41.0,2.0,1178.0,10.0,17.0,2.0,140.0,4.0,1.0,3.0,320.0,7.0,1.0,4.0,2.0,2.0,8.0,11.0,46.0,5.0,33.0,1.0,30.0,0.0,2.0,2.0,2.0,0.0,3.0,0.0,1.0,1.0,23.0,4.0,20.0,2.0,23.0,10.0,0.0,7.0,33.0,4.0,4.0,14.0,5.0,20.0,14.0,95.0,6.0,25.0,6.0,2.0,1.0,0.0,1.0,1.0,3.0,0.0,3.0,2.0,34.0,0.0,0.0,32.0,4.0,2.0,0.0,0.0,0.0,0.0,0.0,3.0,5.0,21.0,2.0,0.0,0.0,0.0,0.0,0.0,0.0,1.0,0.0,1.0,0.0,0.0,11.0,7.0,0.0,0.0,1.0,0.0,0.0,3.0,0.0,0.0,0.0,0.0,0.0,0.0,1.0,3.0,0.0,0.0,2.0,0.0,1.0,1.0,0.0,0.0,0.0,0.0,0.0,0.0,1.0,1.0,5.0,0.0,1.0,0.0,0.0,0.0,0.0,0.0,0.0,0.0,0.0,0.0,0.0,0.0,2.0,0.0,0.0,0.0,3.0,0.0,0.0,0.0,0.0,0.0,0.0,0.0,0.0,0.0,5.0,4.0,13.0,227.0,4.0,14.0,2037.0,8.0,6.0,16.0,3.0,10.0,19.0,4.0,7.0,4.0,12.0,29.0,13.0,59.0,12.0,59.0,8.0,8.0,4.0,2.0,7.0,177.0,32.0,10.0,10.0,4.0,17.0,192.0,32.0,203.0,143.0,4.0,90.0,432.0,38.0,102.0,2661.0,194.0,257.0,215.0,39.0,237.0,8.0,26.0,60.0,356.0
2019-01-01,20.0,0.0,3.0,5.0,0.0,4.0,2.0,3.0,136.0,72.0,193.0,1017.0,233.0,0.0,0.0,1.0,17.0,15.0,0.0,52.0,0.0,4.0,1.0,109.0,5.0,5.0,21.0,0.0,2.0,8.0,0.0,3.0,0.0,0.0,5.0,2.0,24.0,4.0,4.0,16.0,4.0,41.0,8.0,5.0,49.0,27.0,35.0,24.0,302.0,17.0,8.0,31.0,2.0,0.0,13.0,2.0,37.0,84.0,42.0,172.0,38.0,1927.0,35.0,145.0,1.0,39.0,3.0,0.0,2.0,1.0,1.0,20.0,27.0,3.0,161.0,9.0,0.0,4.0,1.0,1.0,1.0,1.0,3.0,2.0,0.0,2.0,1.0,165.0,8.0,1.0,1.0,0.0,0.0,2.0,2.0,7.0,8.0,0.0,0.0,5.0,1.0,0.0,0.0,0.0,5.0,0.0,1.0,0.0,0.0,0.0,0.0,5.0,3.0,0.0,4.0,133.0,0.0,2.0,24.0,0.0,3.0,2.0,41.0,0.0,68.0,11.0,0.0,0.0,1.0,2.0,0.0,3.0,7.0,29.0,0.0,1.0,4.0,16.0,5.0,2.0,7.0,7.0,27.0,19.0,17.0,1.0,13.0,9.0,2.0,28.0,355.0,4.0,2.0,5.0,7.0,4.0,0.0,0.0,29.0,8.0,0.0,13.0,3.0,1.0,3.0,8.0,50.0,3.0,0.0,0.0,0.0,0.0,2.0,229.0,16.0,1.0,148.0,14.0,82.0,16.0,2.0,8.0,43.0,7.0,29.0,18.0,5.0,36.0,5.0,32.0,20.0,199.0,80.0,23.0,0.0,0.0,51.0,2.0,4.0,204.0,0.0,11.0,27.0,6.0,53.0,3.0,2.0,7.0,0.0,0.0,1.0,1.0,0.0,0.0,0.0,0.0,0.0,9.0,0.0,1.0,56.0,6.0,68.0,54.0,1.0,4.0,4.0,3.0,30.0,75.0,5.0,1290.0,1.0,12.0,1.0,25.0,35.0,1.0,4.0,75.0,167.0,257.0,187.0,6.0,140.0,135.0,11.0,8.0,0.0,1.0,26.0,51.0,1864.0,1095.0,287.0,225.0,20.0,922.0,869.0,10.0,33.0,16.0,8.0,3.0,0.0,0.0,6.0,2.0,197.0,2268.0,96.0,35.0,271.0,255.0,57.0,122.0,105.0,349.0,55.0,4.0,11.0,3558.0,46.0,17.0,11.0,18.0,5.0,3.0,71.0,3.0,147.0,11.0,13.0,53.0,127.0,1315.0,12.0,11.0,627.0,644.0,10.0,31.0,9.0,2.0,1.0,1.0,0.0,3.0,6.0,4.0,6.0,5.0,3.0,2.0,41.0,227.0,87.0,0.0,25.0,12.0,158.0,23.0,245.0,499.0,29.0,43.0,1900.0,6.0,92.0,85.0,5.0,178.0,10.0,25.0,8.0,35.0,0.0,2.0,0.0,11.0,12.0,34.0,3.0,13.0,62.0,21.0,3.0,44.0,1004.0,121.0,363.0,113.0,3555.0,66.0,15.0,347.0,27.0,907.0,3122.0,1319.0,1520.0,165.0,441.0,16.0,2990.0,155.0,352.0,55.0,3447.0,39.0,3.0,10.0,2778.0,113.0,12.0,29.0,18.0,15.0,12.0,42.0,175.0,4.0,157.0,21.0,214.0,31.0,40.0,72.0,10.0,0.0,5.0,4.0,0.0,2.0,39.0,41.0,18.0,1.0,48.0,5.0,0.0,4.0,25.0,10.0,8.0,21.0,3.0,60.0,31.0,330.0,17.0,28.0,31.0,10.0,4.0,4.0,6.0,33.0,14.0,4.0,7.0,5.0,144.0,0.0,1.0,100.0,16.0,1.0,2.0,0.0,3.0,0.0,2.0,10.0,26.0,29.0,24.0,10.0,0.0,0.0,1.0,0.0,0.0,0.0,1.0,0.0,0.0,0.0,23.0,11.0,0.0,0.0,0.0,1.0,0.0,1.0,0.0,0.0,0.0,0.0,0.0,0.0,2.0,4.0,0.0,0.0,11.0,0.0,3.0,0.0,0.0,2.0,1.0,1.0,1.0,1.0,2.0,1.0,4.0,1.0,4.0,0.0,2.0,1.0,0.0,1.0,0.0,0.0,0.0,0.0,0.0,1.0,0.0,2.0,3.0,0.0,7.0,0.0,0.0,1.0,0.0,0.0,0.0,0.0,0.0,0.0,8.0,4.0,59.0,2063.0,19.0,86.0,958.0,22.0,15.0,109.0,12.0,11.0,12.0,15.0,5.0,4.0,11.0,63.0,2.0,351.0,104.0,74.0,2.0,12.0,4.0,5.0,2.0,83.0,4.0,14.0,32.0,9.0,38.0,241.0,119.0,166.0,228.0,10.0,255.0,892.0,75.0,420.0,4414.0,495.0,713.0,453.0,75.0,471.0,33.0,195.0,76.0,946.0
2019-02-01,29.0,2.0,1.0,6.0,0.0,5.0,3.0,4.0,97.0,169.0,64.0,653.0,220.0,3.0,0.0,2.0,57.0,15.0,0.0,66.0,2.0,10.0,2.0,38.0,5.0,12.0,17.0,0.0,0.0,11.0,0.0,2.0,0.0,0.0,1.0,0.0,35.0,6.0,4.0,14.0,3.0,10.0,12.0,13.0,110.0,28.0,27.0,19.0,394.0,35.0,10.0,83.0,0.0,1.0,17.0,1.0,48.0,245.0,88.0,246.0,54.0,2041.0,61.0,155.0,1.0,55.0,5.0,0.0,3.0,7.0,2.0,68.0,44.0,21.0,124.0,28.0,1.0,6.0,5.0,0.0,3.0,6.0,22.0,5.0,11.0,3.0,3.0,202.0,10.0,4.0,2.0,0.0,0.0,5.0,5.0,5.0,19.0,2.0,0.0,2.0,1.0,0.0,1.0,0.0,4.0,0.0,0.0,2.0,1.0,0.0,0.0,6.0,38.0,1.0,55.0,157.0,1.0,1.0,71.0,2.0,21.0,8.0,229.0,0.0,41.0,8.0,0.0,1.0,0.0,0.0,1.0,7.0,57.0,23.0,0.0,3.0,6.0,12.0,8.0,0.0,10.0,7.0,60.0,12.0,27.0,6.0,16.0,4.0,2.0,46.0,393.0,8.0,7.0,18.0,15.0,2.0,0.0,1.0,110.0,4.0,1.0,7.0,4.0,1.0,23.0,29.0,84.0,2.0,4.0,2.0,1.0,2.0,6.0,256.0,38.0,0.0,573.0,66.0,49.0,36.0,3.0,8.0,31.0,5.0,37.0,61.0,7.0,75.0,2.0,76.0,34.0,411.0,126.0,22.0,4.0,0.0,83.0,1.0,2.0,326.0,0.0,5.0,34.0,22.0,77.0,4.0,3.0,8.0,1.0,2.0,0.0,0.0,1.0,0.0,0.0,0.0,0.0,10.0,0.0,0.0,640.0,21.0,55.0,59.0,2.0,6.0,18.0,2.0,102.0,162.0,8.0,2169.0,0.0,34.0,4.0,130.0,39.0,4.0,10.0,72.0,176.0,96.0,314.0,24.0,140.0,324.0,7.0,16.0,1.0,9.0,44.0,53.0,1067.0,1072.0,602.0,307.0,34.0,882.0,805.0,20.0,57.0,17.0,12.0,8.0,0.0,4.0,3.0,5.0,446.0,6537.0,318.0,276.0,750.0,646.0,116.0,150.0,300.0,335.0,260.0,11.0,45.0,13804.0,65.0,76.0,15.0,23.0,5.0,4.0,64.0,2.0,140.0,15.0,23.0,40.0,336.0,668.0,30.0,36.0,792.0,734.0,44.0,125.0,39.0,9.0,5.0,3.0,0.0,3.0,74.0,15.0,4.0,5.0,5.0,27.0,100.0,216.0,465.0,3.0,76.0,17.0,82.0,98.0,327.0,364.0,81.0,25.0,2434.0,30.0,109.0,211.0,9.0,95.0,7.0,50.0,19.0,24.0,1.0,0.0,0.0,20.0,13.0,102.0,15.0,10.0,30.0,18.0,2.0,31.0,744.0,381.0,1146.0,324.0,7118.0,230.0,91.0,466.0,83.0,1134.0,4044.0,1366.0,3045.0,523.0,1425.0,92.0,2128.0,529.0,976.0,177.0,7556.0,372.0,8.0,11.0,9122.0,592.0,49.0,265.0,94.0,101.0,62.0,340.0,991.0,12.0,281.0,114.0,477.0,117.0,180.0,620.0,86.0,4.0,2.0,12.0,1.0,6.0,63.0,153.0,22.0,2.0,94.0,21.0,1.0,5.0,192.0,5.0,15.0,69.0,19.0,154.0,33.0,786.0,23.0,84.0,70.0,16.0,24.0,54.0,26.0,91.0,35.0,54.0,44.0,4.0,550.0,1.0,1.0,80.0,67.0,12.0,1.0,1.0,1.0,0.0,3.0,20.0,164.0,86.0,29.0,4.0,0.0,0.0,2.0,0.0,0.0,1.0,0.0,3.0,0.0,0.0,25.0,4.0,1.0,2.0,7.0,0.0,0.0,3.0,1.0,0.0,3.0,0.0,0.0,0.0,4.0,17.0,0.0,0.0,7.0,0.0,1.0,0.0,0.0,3.0,3.0,1.0,0.0,1.0,1.0,1.0,0.0,2.0,0.0,2.0,1.0,0.0,0.0,1.0,1.0,0.0,0.0,0.0,1.0,0.0,0.0,0.0,0.0,0.0,6.0,0.0,0.0,0.0,0.0,0.0,0.0,1.0,0.0,0.0,17.0,38.0,317.0,6101.0,40.0,154.0,682.0,115.0,32.0,439.0,140.0,10.0,10.0,25.0,4.0,8.0,18.0,66.0,11.0,297.0,122.0,75.0,5.0,15.0,11.0,0.0,4.0,61.0,2.0,15.0,30.0,17.0,80.0,145.0,166.0,99.0,208.0,51.0,248.0,1275.0,114.0,625.0,5454.0,671.0,842.0,940.0,153.0,591.0,53.0,710.0,59.0,2369.0
2019-03-01,29.0,3.0,5.0,7.0,0.0,9.0,1.0,3.0,69.0,145.0,22.0,511.0,105.0,11.0,1.0,0.0,32.0,4.0,5.0,56.0,15.0,3.0,1.0,9.0,4.0,18.0,19.0,2.0,8.0,30.0,0.0,9.0,0.0,1.0,2.0,0.0,24.0,2.0,16.0,43.0,2.0,2.0,20.0,31.0,61.0,32.0,19.0,18.0,346.0,37.0,2.0,161.0,1.0,3.0,34.0,0.0,79.0,522.0,163.0,309.0,129.0,1316.0,31.0,254.0,1.0,92.0,5.0,11.0,15.0,27.0,30.0,56.0,126.0,91.0,84.0,70.0,1.0,29.0,52.0,5.0,60.0,9.0,31.0,5.0,9.0,4.0,8.0,561.0,10.0,2.0,5.0,2.0,3.0,39.0,55.0,24.0,27.0,10.0,0.0,17.0,7.0,2.0,0.0,1.0,5.0,3.0,1.0,1.0,2.0,0.0,2.0,20.0,32.0,1.0,126.0,578.0,1.0,16.0,72.0,9.0,96.0,35.0,304.0,2.0,61.0,25.0,0.0,0.0,2.0,0.0,1.0,25.0,42.0,67.0,4.0,0.0,8.0,10.0,51.0,2.0,49.0,32.0,104.0,26.0,62.0,16.0,76.0,32.0,17.0,80.0,833.0,23.0,9.0,44.0,20.0,5.0,5.0,4.0,202.0,6.0,1.0,24.0,5.0,14.0,73.0,61.0,67.0,19.0,9.0,2.0,4.0,11.0,16.0,650.0,26.0,3.0,278.0,120.0,73.0,58.0,4.0,49.0,62.0,7.0,65.0,166.0,76.0,140.0,11.0,162.0,101.0,860.0,261.0,9.0,16.0,1.0,17.0,7.0,10.0,493.0,4.0,60.0,36.0,63.0,191.0,6.0,0.0,31.0,1.0,1.0,1.0,3.0,0.0,1.0,0.0,0.0,0.0,20.0,0.0,0.0,710.0,62.0,136.0,34.0,5.0,5.0,27.0,15.0,405.0,171.0,8.0,2517.0,2.0,51.0,8.0,413.0,36.0,7.0,47.0,57.0,247.0,248.0,296.0,30.0,147.0,155.0,7.0,23.0,1.0,30.0,58.0,41.0,976.0,1717.0,1166.0,469.0,122.0,812.0,1950.0,70.0,440.0,88.0,53.0,9.0,1.0,4.0,12.0,12.0,680.0,10414.0,746.0,1221.0,904.0,528.0,273.0,226.0,1042.0,828.0,1109.0,75.0,293.0,46901.0,336.0,267.0,34.0,65.0,56.0,54.0,111.0,15.0,151.0,28.0,122.0,54.0,779.0,702.0,246.0,57.0,824.0,582.0,73.0,440.0,79.0,17.0,19.0,5.0,3.0,7.0,260.0,78.0,13.0,15.0,31.0,64.0,128.0,423.0,1866.0,4.0,321.0,26.0,58.0,213.0,308.0,290.0,511.0,18.0,3978.0,93.0,860.0,662.0,19.0,103.0,26.0,41.0,32.0,29.0,1.0,2.0,1.0,30.0,45.0,636.0,301.0,65.0,33.0,39.0,3.0,42.0,2183.0,1059.0,1405.0,608.0,9152.0,633.0,225.0,661.0,217.0,1168.0,2491.0,547.0,2729.0,1259.0,2962.0,153.0,1843.0,1394.0,2349.0,441.0,10600.0,1026.0,47.0,49.0,8817.0,1315.0,221.0,1081.0,654.0,201.0,188.0,866.0,6681.0,55.0,382.0,323.0,1127.0,636.0,437.0,1233.0,337.0,9.0,12.0,63.0,8.0,5.0,307.0,683.0,102.0,3.0,231.0,163.0,6.0,5.0,438.0,29.0,96.0,299.0,89.0,548.0,87.0,2753.0,108.0,334.0,343.0,296.0,453.0,56.0,77.0,93.0,248.0,52.0,236.0,27.0,680.0,5.0,20.0,100.0,271.0,75.0,0.0,6.0,1.0,0.0,1.0,265.0,471.0,391.0,29.0,8.0,2.0,0.0,0.0,0.0,1.0,1.0,0.0,1.0,0.0,0.0,35.0,15.0,0.0,6.0,29.0,1.0,0.0,1.0,1.0,2.0,5.0,0.0,0.0,0.0,8.0,241.0,2.0,0.0,13.0,0.0,3.0,0.0,0.0,15.0,20.0,1.0,1.0,0.0,0.0,11.0,4.0,3.0,5.0,6.0,1.0,1.0,1.0,0.0,6.0,0.0,3.0,1.0,0.0,0.0,0.0,0.0,2.0,1.0,68.0,1.0,0.0,2.0,0.0,0.0,0.0,2.0,0.0,2.0,96.0,124.0,607.0,12090.0,103.0,171.0,834.0,307.0,90.0,2265.0,631.0,20.0,19.0,34.0,41.0,10.0,53.0,76.0,16.0,238.0,156.0,131.0,6.0,22.0,16.0,2.0,2.0,76.0,6.0,35.0,44.0,24.0,158.0,86.0,189.0,61.0,355.0,184.0,475.0,2239.0,59.0,473.0,8147.0,595.0,1528.0,2053.0,332.0,688.0,202.0,1006.0,75.0,4979.0
2019-04-01,48.0,3.0,6.0,12.0,0.0,12.0,0.0,7.0,34.0,84.0,9.0,279.0,73.0,4.0,0.0,3.0,21.0,1.0,4.0,85.0,9.0,1.0,0.0,0.0,1.0,27.0,10.0,2.0,4.0,38.0,1.0,5.0,0.0,0.0,0.0,2.0,18.0,3.0,3.0,20.0,3.0,20.0,8.0,22.0,73.0,44.0,103.0,61.0,239.0,31.0,11.0,74.0,1.0,1.0,21.0,2.0,109.0,493.0,116.0,392.0,196.0,803.0,16.0,302.0,3.0,195.0,14.0,2.0,10.0,21.0,27.0,28.0,138.0,63.0,134.0,79.0,1.0,78.0,19.0,13.0,60.0,29.0,86.0,54.0,22.0,12.0,23.0,1036.0,26.0,6.0,17.0,42.0,24.0,48.0,93.0,74.0,51.0,26.0,3.0,21.0,20.0,1.0,1.0,3.0,7.0,6.0,0.0,3.0,2.0,0.0,1.0,37.0,9.0,6.0,123.0,991.0,8.0,10.0,136.0,17.0,196.0,74.0,678.0,19.0,105.0,77.0,7.0,1.0,2.0,1.0,5.0,73.0,74.0,98.0,5.0,1.0,29.0,23.0,95.0,2.0,248.0,57.0,75.0,44.0,70.0,55.0,165.0,183.0,107.0,426.0,2847.0,106.0,16.0,60.0,30.0,9.0,8.0,1.0,246.0,8.0,15.0,52.0,9.0,23.0,75.0,121.0,111.0,45.0,10.0,17.0,5.0,30.0,42.0,1749.0,38.0,25.0,719.0,429.0,149.0,244.0,16.0,45.0,85.0,8.0,72.0,396.0,66.0,288.0,22.0,206.0,618.0,1089.0,369.0,24.0,28.0,4.0,14.0,5.0,21.0,1113.0,4.0,140.0,83.0,79.0,387.0,14.0,30.0,36.0,4.0,6.0,2.0,6.0,1.0,35.0,0.0,1.0,2.0,66.0,0.0,1.0,755.0,119.0,418.0,45.0,16.0,14.0,28.0,50.0,827.0,563.0,15.0,2409.0,1.0,646.0,76.0,308.0,48.0,115.0,198.0,85.0,548.0,238.0,188.0,84.0,163.0,355.0,35.0,46.0,5.0,154.0,100.0,77.0,1321.0,1709.0,1210.0,887.0,501.0,758.0,3862.0,211.0,1313.0,433.0,280.0,43.0,3.0,6.0,46.0,31.0,781.0,10428.0,1599.0,2103.0,1068.0,557.0,746.0,706.0,2513.0,861.0,5161.0,229.0,1181.0,88768.0,1041.0,717.0,102.0,322.0,127.0,138.0,234.0,71.0,257.0,99.0,312.0,228.0,3179.0,1135.0,715.0,277.0,941.0,505.0,202.0,1131.0,66.0,20.0,25.0,13.0,7.0,32.0,420.0,357.0,61.0,97.0,114.0,204.0,363.0,816.0,2489.0,27.0,308.0,40.0,83.0,230.0,278.0,348.0,392.0,64.0,4896.0,251.0,528.0,1788.0,70.0,136.0,268.0,84.0,100.0,18.0,4.0,28.0,0.0,83.0,223.0,991.0,203.0,302.0,54.0,35.0,6.0,42.0,5199.0,1593.0,1307.0,1525.0,15069.0,1625.0,420.0,793.0,477.0,1585.0,1793.0,194.0,1402.0,3293.0,6429.0,251.0,1730.0,2257.0,4076.0,1706.0,6575.0,1623.0,55.0,60.0,6928.0,2580.0,555.0,1886.0,1864.0,368.0,541.0,1573.0,16047.0,86.0,514.0,997.0,2059.0,2557.0,1089.0,1702.0,504.0,27.0,33.0,128.0,10.0,15.0,481.0,1548.0,184.0,6.0,723.0,347.0,19.0,16.0,1519.0,90.0,478.0,1145.0,421.0,1811.0,194.0,6920.0,402.0,926.0,1090.0,315.0,451.0,76.0,222.0,302.0,844.0,90.0,546.0,94.0,1365.0,14.0,106.0,288.0,408.0,345.0,0.0,42.0,2.0,0.0,10.0,600.0,674.0,1249.0,37.0,38.0,3.0,2.0,5.0,0.0,1.0,2.0,2.0,1.0,0.0,0.0,48.0,64.0,0.0,5.0,24.0,3.0,4.0,0.0,0.0,2.0,5.0,1.0,1.0,1.0,15.0,502.0,0.0,4.0,19.0,0.0,5.0,2.0,1.0,20.0,72.0,1.0,2.0,0.0,0.0,26.0,19.0,92.0,2.0,3.0,2.0,0.0,1.0,1.0,5.0,2.0,1.0,0.0,7.0,1.0,0.0,6.0,1.0,1.0,221.0,3.0,0.0,2.0,0.0,1.0,0.0,1.0,0.0,0.0,226.0,276.0,721.0,6723.0,247.0,208.0,699.0,565.0,160.0,3425.0,711.0,23.0,22.0,132.0,58.0,8.0,93.0,120.0,12.0,132.0,150.0,161.0,26.0,38.0,10.0,13.0,15.0,100.0,7.0,96.0,46.0,127.0,195.0,69.0,194.0,60.0,362.0,208.0,597.0,3099.0,87.0,378.0,9440.0,442.0,2700.0,2627.0,398.0,1010.0,448.0,1129.0,149.0,6957.0
2019-05-01,22.0,3.0,5.0,3.0,1.0,6.0,5.0,17.0,53.0,67.0,2.0,140.0,38.0,4.0,0.0,0.0,9.0,7.0,0.0,66.0,4.0,2.0,2.0,1.0,1.0,14.0,6.0,0.0,6.0,62.0,1.0,7.0,0.0,0.0,1.0,5.0,26.0,1.0,3.0,22.0,5.0,9.0,3.0,18.0,75.0,26.0,128.0,45.0,223.0,21.0,22.0,55.0,1.0,0.0,16.0,0.0,80.0,412.0,68.0,222.0,188.0,446.0,21.0,321.0,4.0,282.0,7.0,2.0,7.0,14.0,5.0,24.0,60.0,37.0,171.0,22.0,6.0,21.0,12.0,15.0,49.0,137.0,183.0,121.0,5.0,9.0,36.0,1245.0,81.0,18.0,46.0,81.0,60.0,39.0,120.0,138.0,83.0,140.0,2.0,119.0,11.0,7.0,1.0,10.0,4.0,8.0,1.0,5.0,5.0,2.0,1.0,35.0,8.0,3.0,96.0,775.0,10.0,13.0,105.0,18.0,234.0,169.0,810.0,48.0,143.0,456.0,12.0,11.0,12.0,10.0,59.0,76.0,162.0,155.0,3.0,4.0,83.0,23.0,93.0,6.0,117.0,35.0,128.0,43.0,104.0,158.0,483.0,366.0,102.0,412.0,4391.0,368.0,15.0,137.0,87.0,19.0,25.0,2.0,435.0,13.0,43.0,134.0,25.0,62.0,245.0,70.0,69.0,45.0,28.0,27.0,4.0,69.0,28.0,2466.0,68.0,104.0,1768.0,990.0,326.0,951.0,125.0,90.0,114.0,22.0,125.0,368.0,146.0,534.0,29.0,355.0,404.0,2280.0,467.0,14.0,107.0,6.0,53.0,157.0,246.0,3019.0,4.0,140.0,176.0,42.0,735.0,27.0,86.0,108.0,53.0,28.0,27.0,32.0,7.0,66.0,5.0,1.0,8.0,287.0,1.0,5.0,703.0,117.0,1023.0,100.0,56.0,77.0,35.0,109.0,1770.0,1141.0,52.0,3417.0,4.0,942.0,292.0,696.0,40.0,136.0,394.0,480.0,1130.0,214.0,185.0,276.0,151.0,637.0,100.0,146.0,9.0,272.0,201.0,263.0,750.0,1723.0,813.0,1532.0,618.0,843.0,6637.0,166.0,1083.0,721.0,502.0,196.0,5.0,53.0,112.0,134.0,592.0,5244.0,901.0,3480.0,1027.0,463.0,729.0,747.0,2141.0,697.0,5401.0,285.0,1640.0,88821.0,2158.0,442.0,184.0,347.0,197.0,109.0,485.0,207.0,521.0,159.0,387.0,324.0,4883.0,1227.0,655.0,284.0,982.0,529.0,370.0,1133.0,21.0,25.0,33.0,19.0,6.0,26.0,195.0,445.0,79.0,265.0,160.0,419.0,1151.0,640.0,3949.0,55.0,482.0,64.0,256.0,331.0,653.0,912.0,216.0,177.0,6808.0,572.0,261.0,2965.0,265.0,245.0,485.0,299.0,77.0,18.0,11.0,20.0,1.0,89.0,311.0,1149.0,95.0,334.0,113.0,22.0,9.0,66.0,6678.0,1643.0,995.0,1981.0,12349.0,2158.0,324.0,607.0,543.0,1005.0,1376.0,93.0,1217.0,3346.0,7082.0,129.0,1431.0,3338.0,3411.0,2365.0,2198.0,1305.0,44.0,77.0,4045.0,2508.0,645.0,1385.0,1723.0,369.0,718.0,1995.0,16379.0,113.0,534.0,2218.0,4977.0,2868.0,1561.0,1466.0,623.0,46.0,60.0,153.0,4.0,17.0,574.0,1284.0,231.0,5.0,893.0,713.0,28.0,22.0,2484.0,144.0,490.0,1722.0,941.0,3258.0,318.0,7221.0,729.0,1020.0,1001.0,467.0,307.0,130.0,337.0,647.0,1376.0,121.0,792.0,107.0,1912.0,13.0,115.0,534.0,410.0,555.0,2.0,13.0,10.0,1.0,5.0,751.0,764.0,1920.0,29.0,22.0,2.0,0.0,14.0,0.0,2.0,0.0,0.0,1.0,0.0,0.0,37.0,167.0,3.0,1.0,20.0,1.0,0.0,2.0,1.0,0.0,11.0,0.0,2.0,0.0,9.0,590.0,0.0,10.0,32.0,1.0,1.0,0.0,0.0,6.0,67.0,4.0,1.0,0.0,0.0,8.0,54.0,89.0,2.0,1.0,3.0,0.0,0.0,2.0,4.0,1.0,2.0,1.0,26.0,6.0,4.0,2.0,8.0,1.0,293.0,1.0,1.0,1.0,0.0,1.0,2.0,1.0,0.0,2.0,159.0,78.0,771.0,895.0,206.0,346.0,373.0,281.0,195.0,2353.0,530.0,31.0,17.0,184.0,50.0,12.0,100.0,213.0,23.0,149.0,230.0,49.0,27.0,98.0,8.0,9.0,5.0,123.0,6.0,324.0,71.0,132.0,128.0,38.0,127.0,71.0,458.0,279.0,502.0,3961.0,60.0,247.0,10429.0,463.0,4656.0,1849.0,391.0,1061.0,437.0,633.0,156.0,11480.0
2019-06-01,26.0,2.0,4.0,6.0,0.0,45.0,2.0,11.0,25.0,42.0,0.0,67.0,25.0,5.0,0.0,4.0,6.0,3.0,0.0,62.0,1.0,4.0,1.0,0.0,0.0,8.0,9.0,0.0,2.0,50.0,3.0,3.0,0.0,0.0,0.0,1.0,16.0,4.0,2.0,4.0,4.0,5.0,3.0,11.0,34.0,15.0,29.0,13.0,174.0,25.0,4.0,3.0,0.0,0.0,12.0,2.0,32.0,96.0,17.0,97.0,32.0,138.0,10.0,80.0,0.0,140.0,2.0,2.0,10.0,5.0,3.0,22.0,43.0,17.0,79.0,7.0,3.0,2.0,5.0,0.0,26.0,82.0,189.0,139.0,4.0,5.0,32.0,724.0,57.0,5.0,43.0,31.0,30.0,8.0,57.0,50.0,42.0,180.0,12.0,171.0,6.0,4.0,0.0,4.0,9.0,5.0,3.0,2.0,4.0,2.0,1.0,35.0,19.0,2.0,58.0,541.0,4.0,13.0,40.0,19.0,90.0,216.0,808.0,110.0,87.0,378.0,54.0,12.0,9.0,4.0,30.0,68.0,69.0,141.0,2.0,1.0,99.0,15.0,102.0,1.0,123.0,91.0,65.0,225.0,106.0,141.0,540.0,356.0,87.0,400.0,3488.0,254.0,11.0,169.0,27.0,21.0,112.0,1.0,146.0,30.0,47.0,107.0,18.0,40.0,76.0,41.0,36.0,29.0,43.0,11.0,6.0,27.0,15.0,1982.0,50.0,57.0,448.0,593.0,187.0,638.0,46.0,69.0,157.0,29.0,72.0,193.0,80.0,292.0,102.0,239.0,140.0,1989.0,311.0,8.0,27.0,23.0,29.0,144.0,163.0,2748.0,93.0,157.0,332.0,53.0,965.0,84.0,109.0,92.0,79.0,36.0,86.0,49.0,32.0,96.0,5.0,8.0,19.0,573.0,23.0,39.0,602.0,48.0,370.0,78.0,123.0,31.0,14.0,87.0,639.0,693.0,351.0,1920.0,1.0,333.0,75.0,409.0,80.0,177.0,427.0,383.0,1596.0,81.0,71.0,207.0,182.0,225.0,66.0,73.0,3.0,122.0,140.0,330.0,273.0,459.0,194.0,373.0,199.0,363.0,1339.0,34.0,273.0,272.0,214.0,99.0,2.0,55.0,117.0,148.0,191.0,974.0,146.0,747.0,396.0,187.0,212.0,158.0,280.0,173.0,1405.0,78.0,263.0,23737.0,891.0,94.0,64.0,102.0,70.0,46.0,338.0,114.0,425.0,89.0,209.0,116.0,1376.0,250.0,120.0,58.0,288.0,115.0,138.0,232.0,9.0,7.0,9.0,10.0,5.0,7.0,20.0,100.0,30.0,91.0,53.0,125.0,419.0,192.0,1221.0,35.0,616.0,63.0,431.0,440.0,590.0,1019.0,88.0,119.0,5445.0,545.0,208.0,1950.0,273.0,73.0,8.0,390.0,18.0,2.0,1.0,4.0,0.0,38.0,131.0,352.0,35.0,108.0,69.0,6.0,1.0,40.0,2820.0,848.0,415.0,1438.0,3739.0,876.0,118.0,197.0,109.0,193.0,450.0,23.0,151.0,781.0,2045.0,26.0,650.0,1430.0,1469.0,489.0,579.0,358.0,12.0,19.0,617.0,578.0,216.0,412.0,393.0,124.0,223.0,657.0,4412.0,31.0,327.0,1325.0,2805.0,842.0,660.0,519.0,186.0,9.0,20.0,46.0,2.0,9.0,243.0,217.0,80.0,1.0,342.0,320.0,7.0,4.0,1376.0,86.0,326.0,346.0,258.0,895.0,98.0,2183.0,246.0,507.0,540.0,302.0,134.0,64.0,117.0,296.0,311.0,73.0,363.0,20.0,877.0,12.0,46.0,271.0,177.0,230.0,0.0,6.0,3.0,1.0,0.0,226.0,223.0,613.0,8.0,1.0,3.0,0.0,3.0,0.0,0.0,0.0,0.0,0.0,1.0,0.0,25.0,70.0,0.0,1.0,4.0,0.0,1.0,1.0,0.0,0.0,10.0,0.0,0.0,0.0,8.0,255.0,0.0,2.0,18.0,0.0,2.0,0.0,0.0,1.0,11.0,1.0,1.0,1.0,1.0,1.0,12.0,8.0,0.0,1.0,1.0,0.0,2.0,1.0,1.0,0.0,1.0,0.0,27.0,2.0,0.0,0.0,8.0,0.0,123.0,0.0,0.0,0.0,0.0,1.0,0.0,0.0,0.0,0.0,94.0,27.0,425.0,581.0,109.0,191.0,194.0,136.0,84.0,700.0,255.0,11.0,17.0,124.0,54.0,5.0,86.0,180.0,8.0,26.0,88.0,19.0,11.0,82.0,4.0,12.0,2.0,52.0,8.0,175.0,40.0,90.0,63.0,30.0,42.0,44.0,83.0,67.0,239.0,2032.0,11.0,79.0,5970.0,192.0,2580.0,691.0,186.0,326.0,90.0,210.0,73.0,7851.0
2019-07-01,26.0,2.0,3.0,10.0,1.0,86.0,0.0,7.0,53.0,38.0,0.0,29.0,27.0,4.0,0.0,5.0,10.0,0.0,1.0,48.0,1.0,6.0,0.0,0.0,0.0,6.0,22.0,15.0,10.0,15.0,2.0,4.0,0.0,0.0,2.0,0.0,20.0,0.0,6.0,9.0,3.0,0.0,1.0,8.0,21.0,2.0,35.0,15.0,71.0,8.0,4.0,0.0,0.0,1.0,13.0,0.0,20.0,24.0,5.0,4.0,6.0,40.0,3.0,19.0,2.0,120.0,2.0,1.0,4.0,2.0,0.0,9.0,14.0,8.0,57.0,0.0,3.0,4.0,5.0,0.0,23.0,37.0,25.0,51.0,2.0,5.0,28.0,474.0,36.0,2.0,4.0,12.0,11.0,4.0,26.0,8.0,15.0,151.0,10.0,110.0,2.0,0.0,0.0,1.0,9.0,5.0,1.0,1.0,1.0,0.0,0.0,10.0,16.0,1.0,16.0,525.0,0.0,16.0,33.0,7.0,47.0,133.0,537.0,74.0,45.0,250.0,12.0,10.0,3.0,4.0,39.0,69.0,102.0,87.0,2.0,2.0,314.0,15.0,134.0,4.0,90.0,80.0,23.0,116.0,119.0,158.0,250.0,269.0,64.0,289.0,2866.0,154.0,19.0,115.0,30.0,13.0,58.0,0.0,71.0,27.0,27.0,74.0,7.0,48.0,29.0,28.0,11.0,21.0,15.0,15.0,3.0,38.0,34.0,1633.0,33.0,45.0,83.0,225.0,23.0,336.0,35.0,49.0,98.0,17.0,57.0,99.0,32.0,241.0,71.0,121.0,160.0,2003.0,185.0,2.0,13.0,13.0,21.0,63.0,89.0,1081.0,85.0,88.0,270.0,34.0,1189.0,254.0,865.0,96.0,64.0,35.0,98.0,25.0,85.0,138.0,3.0,24.0,55.0,1012.0,36.0,80.0,152.0,13.0,60.0,66.0,170.0,10.0,15.0,33.0,151.0,194.0,191.0,1520.0,28.0,130.0,58.0,265.0,211.0,183.0,155.0,494.0,2150.0,35.0,34.0,229.0,70.0,76.0,60.0,37.0,5.0,112.0,149.0,208.0,117.0,107.0,53.0,93.0,55.0,74.0,220.0,1.0,78.0,31.0,45.0,31.0,4.0,27.0,54.0,51.0,96.0,227.0,25.0,93.0,119.0,35.0,36.0,41.0,39.0,75.0,210.0,22.0,38.0,2765.0,106.0,19.0,18.0,12.0,4.0,23.0,108.0,59.0,158.0,41.0,51.0,24.0,286.0,40.0,8.0,5.0,70.0,29.0,15.0,23.0,4.0,4.0,0.0,2.0,0.0,3.0,9.0,15.0,5.0,22.0,21.0,31.0,117.0,78.0,164.0,9.0,184.0,77.0,126.0,324.0,419.0,821.0,22.0,27.0,3124.0,214.0,97.0,853.0,125.0,35.0,6.0,71.0,9.0,0.0,2.0,2.0,0.0,13.0,68.0,106.0,16.0,36.0,35.0,4.0,1.0,19.0,1114.0,227.0,116.0,544.0,720.0,216.0,26.0,41.0,40.0,61.0,89.0,3.0,73.0,183.0,456.0,4.0,195.0,315.0,206.0,68.0,97.0,58.0,1.0,1.0,178.0,83.0,102.0,86.0,115.0,44.0,42.0,120.0,748.0,9.0,152.0,451.0,746.0,125.0,162.0,166.0,35.0,1.0,6.0,11.0,1.0,4.0,78.0,48.0,24.0,2.0,138.0,88.0,1.0,4.0,495.0,32.0,62.0,73.0,62.0,169.0,34.0,670.0,67.0,185.0,197.0,91.0,24.0,23.0,36.0,132.0,63.0,29.0,115.0,13.0,232.0,1.0,20.0,99.0,49.0,42.0,1.0,0.0,4.0,0.0,1.0,56.0,33.0,145.0,5.0,2.0,0.0,0.0,1.0,0.0,1.0,0.0,0.0,0.0,0.0,1.0,21.0,9.0,0.0,1.0,0.0,1.0,0.0,0.0,1.0,0.0,0.0,1.0,1.0,0.0,3.0,58.0,0.0,0.0,10.0,0.0,5.0,1.0,1.0,0.0,3.0,0.0,1.0,0.0,0.0,2.0,0.0,0.0,2.0,0.0,1.0,0.0,0.0,0.0,2.0,0.0,0.0,1.0,7.0,0.0,2.0,3.0,6.0,1.0,23.0,0.0,0.0,1.0,0.0,0.0,0.0,0.0,0.0,0.0,35.0,23.0,174.0,180.0,27.0,52.0,97.0,67.0,18.0,148.0,67.0,13.0,6.0,38.0,15.0,6.0,41.0,89.0,5.0,6.0,23.0,11.0,14.0,37.0,5.0,2.0,1.0,36.0,3.0,72.0,10.0,30.0,27.0,24.0,10.0,10.0,38.0,18.0,65.0,667.0,8.0,27.0,2740.0,45.0,598.0,263.0,66.0,113.0,43.0,82.0,33.0,1392.0
2019-08-01,9.0,2.0,0.0,0.0,6.0,32.0,2.0,5.0,56.0,81.0,1.0,23.0,13.0,0.0,0.0,4.0,21.0,0.0,0.0,27.0,0.0,2.0,0.0,0.0,0.0,6.0,24.0,21.0,18.0,6.0,0.0,3.0,0.0,0.0,2.0,2.0,24.0,8.0,22.0,11.0,6.0,2.0,4.0,5.0,54.0,2.0,22.0,16.0,56.0,7.0,0.0,0.0,0.0,0.0,13.0,0.0,17.0,20.0,4.0,14.0,7.0,19.0,3.0,8.0,0.0,125.0,1.0,2.0,1.0,1.0,1.0,7.0,7.0,6.0,44.0,3.0,0.0,4.0,0.0,0.0,5.0,46.0,19.0,15.0,0.0,3.0,61.0,158.0,7.0,2.0,3.0,3.0,2.0,0.0,6.0,4.0,2.0,53.0,8.0,34.0,3.0,2.0,0.0,0.0,15.0,0.0,1.0,0.0,0.0,0.0,0.0,14.0,31.0,0.0,9.0,368.0,0.0,15.0,60.0,4.0,85.0,95.0,192.0,49.0,38.0,140.0,5.0,0.0,9.0,2.0,51.0,46.0,130.0,35.0,8.0,2.0,342.0,8.0,107.0,9.0,82.0,23.0,13.0,90.0,86.0,66.0,195.0,223.0,59.0,162.0,1496.0,47.0,3.0,63.0,15.0,9.0,22.0,2.0,37.0,5.0,18.0,28.0,3.0,20.0,9.0,16.0,14.0,116.0,13.0,18.0,6.0,38.0,17.0,1366.0,11.0,39.0,33.0,123.0,21.0,160.0,24.0,31.0,103.0,27.0,53.0,53.0,51.0,160.0,40.0,80.0,111.0,2120.0,200.0,1.0,7.0,4.0,16.0,33.0,94.0,579.0,72.0,26.0,63.0,37.0,937.0,144.0,379.0,78.0,19.0,28.0,25.0,20.0,94.0,113.0,8.0,22.0,41.0,635.0,42.0,62.0,68.0,2.0,17.0,49.0,29.0,5.0,2.0,34.0,87.0,35.0,51.0,1059.0,12.0,103.0,87.0,122.0,200.0,82.0,125.0,202.0,1667.0,25.0,10.0,74.0,13.0,31.0,57.0,45.0,3.0,51.0,73.0,169.0,77.0,35.0,12.0,33.0,14.0,16.0,53.0,5.0,35.0,9.0,6.0,11.0,0.0,23.0,31.0,25.0,20.0,86.0,4.0,28.0,31.0,6.0,17.0,11.0,15.0,4.0,46.0,10.0,9.0,470.0,26.0,9.0,8.0,7.0,2.0,3.0,49.0,19.0,85.0,11.0,20.0,9.0,67.0,16.0,3.0,0.0,51.0,8.0,6.0,3.0,3.0,4.0,2.0,0.0,1.0,0.0,1.0,2.0,5.0,2.0,3.0,3.0,20.0,28.0,27.0,3.0,42.0,34.0,26.0,72.0,191.0,479.0,12.0,25.0,1328.0,83.0,33.0,339.0,51.0,4.0,6.0,7.0,6.0,1.0,0.0,0.0,0.0,10.0,31.0,20.0,5.0,11.0,11.0,0.0,0.0,4.0,490.0,62.0,41.0,317.0,268.0,77.0,12.0,17.0,14.0,11.0,26.0,2.0,31.0,57.0,133.0,1.0,63.0,85.0,72.0,5.0,34.0,18.0,0.0,1.0,77.0,46.0,32.0,23.0,21.0,7.0,14.0,29.0,186.0,13.0,56.0,164.0,130.0,37.0,52.0,63.0,10.0,0.0,4.0,2.0,1.0,7.0,40.0,11.0,33.0,2.0,52.0,56.0,1.0,5.0,192.0,11.0,16.0,34.0,13.0,48.0,20.0,210.0,32.0,81.0,78.0,33.0,15.0,21.0,12.0,63.0,22.0,14.0,25.0,5.0,80.0,0.0,7.0,29.0,23.0,10.0,1.0,1.0,0.0,0.0,2.0,8.0,10.0,103.0,0.0,0.0,0.0,0.0,0.0,0.0,0.0,0.0,0.0,0.0,0.0,0.0,6.0,4.0,0.0,0.0,0.0,0.0,0.0,0.0,0.0,0.0,1.0,0.0,0.0,0.0,1.0,17.0,0.0,0.0,7.0,0.0,0.0,0.0,0.0,0.0,1.0,0.0,1.0,0.0,0.0,0.0,0.0,1.0,0.0,0.0,0.0,0.0,0.0,0.0,3.0,0.0,0.0,0.0,4.0,0.0,0.0,1.0,0.0,0.0,10.0,0.0,0.0,1.0,0.0,0.0,0.0,0.0,0.0,0.0,26.0,10.0,104.0,83.0,13.0,19.0,59.0,29.0,11.0,59.0,27.0,12.0,9.0,36.0,1.0,2.0,30.0,71.0,2.0,2.0,11.0,3.0,4.0,16.0,4.0,4.0,0.0,23.0,4.0,34.0,24.0,18.0,9.0,8.0,2.0,9.0,7.0,8.0,27.0,171.0,4.0,6.0,1778.0,13.0,202.0,130.0,23.0,46.0,5.0,21.0,17.0,502.0
2019-09-01,6.0,1.0,0.0,3.0,2.0,8.0,0.0,9.0,81.0,16.0,2.0,35.0,15.0,50.0,0.0,32.0,25.0,1.0,1.0,11.0,0.0,2.0,0.0,0.0,0.0,9.0,131.0,4.0,33.0,11.0,2.0,4.0,2.0,0.0,0.0,0.0,17.0,4.0,5.0,8.0,10.0,1.0,1.0,7.0,128.0,3.0,9.0,8.0,54.0,3.0,0.0,4.0,0.0,0.0,10.0,0.0,13.0,10.0,2.0,11.0,2.0,16.0,0.0,5.0,0.0,72.0,1.0,1.0,6.0,1.0,1.0,2.0,2.0,5.0,26.0,1.0,0.0,1.0,1.0,0.0,6.0,31.0,9.0,8.0,0.0,0.0,21.0,78.0,4.0,0.0,0.0,0.0,3.0,1.0,5.0,1.0,0.0,15.0,1.0,5.0,4.0,2.0,0.0,0.0,3.0,1.0,1.0,0.0,2.0,0.0,0.0,13.0,18.0,0.0,10.0,297.0,0.0,10.0,34.0,6.0,15.0,69.0,73.0,11.0,4.0,31.0,1.0,0.0,2.0,2.0,32.0,24.0,77.0,27.0,11.0,2.0,128.0,22.0,209.0,1.0,190.0,7.0,9.0,42.0,68.0,47.0,68.0,50.0,44.0,65.0,621.0,28.0,3.0,30.0,15.0,6.0,17.0,2.0,9.0,4.0,16.0,16.0,11.0,13.0,3.0,13.0,19.0,105.0,24.0,12.0,5.0,7.0,19.0,827.0,5.0,21.0,13.0,93.0,14.0,90.0,10.0,21.0,161.0,33.0,37.0,69.0,32.0,168.0,73.0,77.0,120.0,1620.0,154.0,2.0,7.0,18.0,9.0,35.0,48.0,360.0,29.0,16.0,35.0,12.0,522.0,101.0,227.0,64.0,5.0,16.0,8.0,6.0,83.0,69.0,5.0,9.0,32.0,306.0,31.0,50.0,70.0,2.0,8.0,31.0,42.0,1.0,1.0,25.0,13.0,23.0,37.0,524.0,26.0,92.0,65.0,109.0,155.0,47.0,60.0,115.0,1397.0,10.0,4.0,55.0,1.0,33.0,26.0,32.0,2.0,30.0,62.0,88.0,41.0,19.0,12.0,14.0,8.0,8.0,66.0,1.0,22.0,21.0,8.0,11.0,2.0,16.0,24.0,9.0,16.0,98.0,9.0,32.0,30.0,2.0,16.0,24.0,9.0,12.0,53.0,4.0,2.0,301.0,15.0,8.0,7.0,7.0,4.0,1.0,51.0,14.0,70.0,18.0,23.0,3.0,41.0,20.0,8.0,0.0,49.0,4.0,8.0,6.0,0.0,4.0,4.0,0.0,0.0,1.0,1.0,2.0,3.0,9.0,1.0,3.0,10.0,28.0,24.0,5.0,21.0,31.0,19.0,22.0,66.0,247.0,7.0,13.0,901.0,41.0,20.0,187.0,20.0,4.0,0.0,5.0,3.0,0.0,0.0,1.0,0.0,4.0,15.0,33.0,3.0,3.0,7.0,6.0,0.0,2.0,347.0,61.0,36.0,190.0,137.0,66.0,7.0,6.0,13.0,13.0,21.0,4.0,37.0,31.0,74.0,4.0,43.0,36.0,52.0,2.0,44.0,10.0,0.0,2.0,55.0,26.0,25.0,14.0,18.0,17.0,12.0,47.0,152.0,7.0,36.0,99.0,82.0,19.0,16.0,37.0,7.0,0.0,3.0,3.0,1.0,4.0,37.0,8.0,14.0,3.0,28.0,45.0,0.0,3.0,41.0,14.0,8.0,25.0,31.0,35.0,21.0,187.0,57.0,62.0,112.0,25.0,4.0,21.0,15.0,46.0,21.0,11.0,17.0,1.0,33.0,0.0,2.0,13.0,11.0,12.0,1.0,1.0,0.0,0.0,2.0,9.0,8.0,125.0,0.0,2.0,0.0,0.0,1.0,1.0,0.0,0.0,0.0,0.0,0.0,0.0,9.0,1.0,0.0,1.0,0.0,0.0,0.0,1.0,0.0,0.0,1.0,0.0,0.0,0.0,1.0,9.0,0.0,0.0,0.0,0.0,0.0,0.0,0.0,0.0,1.0,0.0,0.0,0.0,1.0,0.0,2.0,0.0,0.0,0.0,1.0,1.0,1.0,0.0,2.0,0.0,0.0,0.0,3.0,0.0,0.0,1.0,1.0,1.0,8.0,0.0,0.0,0.0,0.0,0.0,0.0,0.0,0.0,0.0,31.0,15.0,46.0,57.0,9.0,23.0,25.0,16.0,11.0,36.0,26.0,15.0,7.0,23.0,2.0,6.0,29.0,48.0,3.0,1.0,4.0,8.0,0.0,14.0,12.0,1.0,0.0,10.0,4.0,13.0,12.0,30.0,10.0,4.0,0.0,3.0,7.0,4.0,43.0,151.0,3.0,2.0,2029.0,4.0,161.0,118.0,12.0,44.0,5.0,23.0,6.0,491.0
2019-10-01,16.0,1.0,2.0,3.0,4.0,20.0,4.0,22.0,374.0,270.0,1.0,47.0,24.0,166.0,0.0,161.0,172.0,1.0,0.0,30.0,1.0,1.0,1.0,0.0,1.0,2.0,201.0,14.0,54.0,17.0,2.0,4.0,0.0,0.0,3.0,2.0,26.0,4.0,2.0,6.0,7.0,4.0,3.0,23.0,78.0,16.0,5.0,3.0,54.0,10.0,2.0,13.0,0.0,3.0,13.0,0.0,7.0,29.0,10.0,15.0,6.0,84.0,5.0,4.0,1.0,52.0,6.0,1.0,68.0,0.0,1.0,1.0,2.0,1.0,13.0,4.0,0.0,0.0,2.0,0.0,2.0,2.0,1.0,4.0,0.0,2.0,5.0,75.0,15.0,2.0,1.0,2.0,1.0,1.0,0.0,2.0,2.0,1.0,0.0,0.0,5.0,1.0,0.0,0.0,1.0,0.0,0.0,0.0,1.0,0.0,0.0,7.0,13.0,0.0,6.0,161.0,1.0,4.0,20.0,6.0,37.0,19.0,19.0,3.0,3.0,17.0,0.0,0.0,3.0,3.0,1.0,25.0,12.0,15.0,3.0,0.0,30.0,19.0,337.0,3.0,60.0,6.0,6.0,14.0,8.0,15.0,29.0,39.0,2.0,19.0,231.0,8.0,4.0,26.0,7.0,1.0,3.0,2.0,8.0,3.0,23.0,4.0,3.0,9.0,7.0,8.0,13.0,91.0,11.0,10.0,0.0,5.0,5.0,386.0,3.0,7.0,8.0,81.0,4.0,52.0,5.0,7.0,153.0,4.0,19.0,50.0,5.0,101.0,67.0,57.0,130.0,1352.0,92.0,1.0,6.0,49.0,10.0,16.0,22.0,154.0,6.0,5.0,13.0,8.0,282.0,56.0,53.0,28.0,4.0,3.0,7.0,6.0,64.0,33.0,0.0,8.0,9.0,173.0,5.0,31.0,31.0,2.0,11.0,31.0,24.0,2.0,1.0,42.0,4.0,15.0,23.0,330.0,41.0,49.0,23.0,120.0,132.0,52.0,30.0,64.0,1077.0,0.0,10.0,51.0,3.0,18.0,31.0,26.0,3.0,35.0,104.0,53.0,41.0,15.0,2.0,17.0,21.0,16.0,34.0,3.0,21.0,8.0,14.0,10.0,0.0,27.0,13.0,14.0,34.0,101.0,12.0,12.0,27.0,10.0,10.0,22.0,6.0,12.0,33.0,1.0,4.0,236.0,10.0,3.0,9.0,11.0,3.0,0.0,52.0,4.0,75.0,11.0,22.0,6.0,24.0,10.0,8.0,4.0,26.0,5.0,3.0,7.0,6.0,5.0,2.0,1.0,0.0,2.0,4.0,9.0,6.0,7.0,2.0,0.0,16.0,46.0,29.0,4.0,10.0,19.0,24.0,13.0,26.0,170.0,6.0,11.0,878.0,28.0,19.0,84.0,21.0,3.0,1.0,4.0,4.0,1.0,0.0,0.0,1.0,11.0,30.0,33.0,3.0,0.0,8.0,1.0,0.0,3.0,343.0,91.0,44.0,202.0,131.0,126.0,11.0,4.0,15.0,17.0,34.0,6.0,16.0,48.0,82.0,0.0,41.0,51.0,39.0,5.0,52.0,13.0,0.0,3.0,50.0,57.0,44.0,35.0,9.0,10.0,24.0,50.0,111.0,8.0,28.0,94.0,163.0,27.0,12.0,26.0,20.0,0.0,7.0,2.0,1.0,5.0,28.0,10.0,19.0,2.0,46.0,225.0,0.0,6.0,45.0,9.0,7.0,35.0,26.0,50.0,39.0,156.0,106.0,95.0,262.0,18.0,42.0,28.0,61.0,61.0,74.0,26.0,14.0,4.0,37.0,0.0,3.0,16.0,12.0,30.0,0.0,3.0,0.0,1.0,1.0,11.0,6.0,198.0,3.0,5.0,0.0,0.0,0.0,0.0,0.0,0.0,0.0,0.0,0.0,0.0,13.0,1.0,1.0,1.0,0.0,0.0,0.0,0.0,0.0,0.0,1.0,0.0,0.0,1.0,4.0,7.0,0.0,0.0,2.0,0.0,0.0,0.0,0.0,0.0,0.0,0.0,0.0,0.0,0.0,0.0,0.0,0.0,1.0,0.0,0.0,0.0,0.0,0.0,1.0,0.0,0.0,0.0,1.0,1.0,0.0,0.0,1.0,0.0,8.0,2.0,1.0,0.0,0.0,0.0,0.0,0.0,0.0,0.0,26.0,11.0,41.0,57.0,26.0,19.0,68.0,19.0,1.0,62.0,22.0,46.0,32.0,17.0,8.0,6.0,32.0,46.0,1.0,7.0,10.0,10.0,2.0,25.0,12.0,1.0,0.0,30.0,1.0,6.0,13.0,20.0,9.0,3.0,3.0,17.0,8.0,9.0,30.0,107.0,6.0,7.0,2150.0,1.0,162.0,106.0,12.0,55.0,5.0,21.0,11.0,560.0
2019-11-01,33.0,2.0,15.0,8.0,3.0,41.0,17.0,31.0,1444.0,523.0,4.0,93.0,171.0,300.0,0.0,210.0,502.0,0.0,3.0,24.0,2.0,1.0,2.0,1.0,0.0,8.0,396.0,19.0,49.0,33.0,1.0,4.0,0.0,0.0,2.0,0.0,76.0,9.0,4.0,6.0,23.0,2.0,1.0,48.0,31.0,40.0,3.0,32.0,33.0,20.0,8.0,21.0,0.0,4.0,10.0,0.0,16.0,60.0,8.0,50.0,10.0,152.0,7.0,8.0,0.0,30.0,3.0,1.0,17.0,0.0,0.0,2.0,3.0,2.0,27.0,0.0,0.0,1.0,0.0,0.0,0.0,0.0,5.0,7.0,5.0,1.0,4.0,68.0,10.0,0.0,1.0,0.0,0.0,3.0,2.0,1.0,1.0,1.0,0.0,1.0,2.0,0.0,0.0,0.0,0.0,2.0,0.0,2.0,0.0,0.0,2.0,1.0,28.0,0.0,2.0,201.0,0.0,1.0,9.0,18.0,23.0,21.0,19.0,0.0,0.0,5.0,1.0,0.0,1.0,4.0,11.0,22.0,16.0,13.0,2.0,0.0,13.0,1.0,21.0,3.0,70.0,3.0,6.0,27.0,15.0,6.0,19.0,25.0,2.0,9.0,223.0,4.0,4.0,5.0,2.0,4.0,1.0,2.0,4.0,1.0,15.0,2.0,3.0,14.0,16.0,10.0,12.0,45.0,8.0,5.0,1.0,1.0,2.0,284.0,2.0,4.0,8.0,33.0,12.0,15.0,4.0,8.0,95.0,12.0,26.0,54.0,6.0,92.0,52.0,45.0,64.0,639.0,58.0,2.0,4.0,12.0,1.0,3.0,12.0,62.0,2.0,3.0,19.0,5.0,96.0,16.0,11.0,13.0,4.0,8.0,3.0,3.0,43.0,9.0,2.0,7.0,7.0,72.0,7.0,17.0,7.0,8.0,22.0,15.0,9.0,5.0,1.0,50.0,11.0,11.0,15.0,271.0,5.0,13.0,19.0,83.0,122.0,17.0,19.0,25.0,909.0,3.0,7.0,45.0,3.0,25.0,12.0,23.0,17.0,38.0,103.0,80.0,39.0,28.0,2.0,12.0,17.0,12.0,35.0,47.0,6.0,10.0,19.0,11.0,3.0,38.0,26.0,13.0,31.0,124.0,10.0,68.0,31.0,29.0,9.0,21.0,23.0,16.0,28.0,4.0,29.0,355.0,20.0,7.0,9.0,9.0,4.0,0.0,80.0,5.0,89.0,19.0,26.0,2.0,21.0,7.0,28.0,5.0,38.0,4.0,11.0,7.0,2.0,2.0,1.0,2.0,0.0,2.0,4.0,4.0,3.0,63.0,4.0,1.0,12.0,51.0,20.0,15.0,20.0,64.0,22.0,18.0,43.0,198.0,11.0,7.0,935.0,20.0,7.0,43.0,15.0,2.0,3.0,2.0,6.0,0.0,0.0,0.0,0.0,17.0,35.0,39.0,3.0,4.0,5.0,0.0,1.0,6.0,364.0,109.0,83.0,445.0,172.0,279.0,9.0,38.0,23.0,16.0,19.0,6.0,19.0,60.0,177.0,0.0,64.0,64.0,55.0,18.0,57.0,18.0,0.0,3.0,71.0,25.0,36.0,56.0,22.0,8.0,64.0,64.0,115.0,4.0,21.0,233.0,287.0,18.0,15.0,33.0,30.0,0.0,2.0,6.0,2.0,4.0,31.0,16.0,21.0,0.0,51.0,945.0,2.0,4.0,82.0,60.0,11.0,48.0,27.0,53.0,38.0,171.0,67.0,109.0,887.0,48.0,81.0,319.0,197.0,312.0,188.0,146.0,62.0,3.0,207.0,0.0,20.0,30.0,19.0,85.0,0.0,0.0,1.0,2.0,1.0,54.0,75.0,256.0,1.0,4.0,2.0,0.0,1.0,0.0,0.0,3.0,0.0,0.0,0.0,0.0,28.0,5.0,0.0,1.0,1.0,1.0,0.0,0.0,0.0,0.0,3.0,0.0,0.0,0.0,5.0,12.0,0.0,2.0,8.0,0.0,0.0,0.0,0.0,0.0,0.0,0.0,0.0,0.0,2.0,1.0,2.0,3.0,1.0,0.0,0.0,0.0,0.0,0.0,1.0,0.0,0.0,0.0,0.0,3.0,0.0,0.0,1.0,2.0,3.0,0.0,0.0,0.0,0.0,1.0,0.0,0.0,0.0,0.0,46.0,19.0,96.0,36.0,84.0,20.0,109.0,29.0,32.0,92.0,236.0,207.0,40.0,23.0,36.0,36.0,60.0,192.0,3.0,18.0,9.0,9.0,4.0,37.0,46.0,4.0,2.0,25.0,8.0,13.0,28.0,31.0,4.0,18.0,2.0,33.0,18.0,38.0,51.0,173.0,9.0,6.0,2309.0,3.0,163.0,144.0,33.0,55.0,10.0,36.0,30.0,532.0
2019-12-01,70.0,0.0,13.0,12.0,8.0,87.0,14.0,12.0,1210.0,388.0,42.0,287.0,315.0,324.0,0.0,320.0,402.0,3.0,4.0,38.0,0.0,0.0,0.0,41.0,1.0,16.0,163.0,15.0,15.0,19.0,0.0,1.0,0.0,0.0,2.0,2.0,56.0,17.0,1.0,7.0,15.0,8.0,3.0,9.0,25.0,7.0,6.0,12.0,41.0,11.0,12.0,5.0,0.0,4.0,18.0,1.0,16.0,91.0,41.0,48.0,30.0,483.0,15.0,21.0,0.0,29.0,1.0,0.0,2.0,0.0,1.0,5.0,9.0,4.0,13.0,0.0,0.0,0.0,1.0,0.0,1.0,0.0,1.0,5.0,9.0,0.0,2.0,71.0,6.0,0.0,1.0,2.0,0.0,1.0,0.0,1.0,0.0,0.0,0.0,2.0,0.0,1.0,1.0,0.0,1.0,0.0,0.0,1.0,1.0,1.0,0.0,3.0,5.0,1.0,0.0,162.0,1.0,0.0,7.0,10.0,16.0,25.0,22.0,1.0,2.0,4.0,5.0,1.0,1.0,2.0,1.0,4.0,9.0,52.0,0.0,0.0,6.0,0.0,5.0,0.0,45.0,1.0,6.0,14.0,19.0,1.0,9.0,37.0,1.0,15.0,203.0,1.0,4.0,10.0,2.0,0.0,1.0,0.0,3.0,3.0,9.0,2.0,4.0,1.0,8.0,0.0,5.0,3.0,2.0,4.0,0.0,2.0,1.0,195.0,3.0,13.0,2.0,31.0,7.0,11.0,2.0,8.0,60.0,10.0,21.0,22.0,4.0,47.0,12.0,24.0,48.0,353.0,63.0,5.0,1.0,0.0,0.0,2.0,4.0,63.0,0.0,1.0,18.0,3.0,52.0,10.0,4.0,5.0,0.0,2.0,2.0,0.0,12.0,2.0,1.0,0.0,1.0,31.0,4.0,20.0,12.0,0.0,7.0,25.0,2.0,2.0,0.0,17.0,10.0,17.0,5.0,211.0,0.0,11.0,2.0,47.0,31.0,12.0,8.0,24.0,632.0,13.0,7.0,39.0,15.0,63.0,15.0,8.0,1.0,4.0,75.0,39.0,212.0,90.0,11.0,28.0,30.0,50.0,126.0,95.0,16.0,10.0,31.0,7.0,2.0,40.0,20.0,1.0,71.0,323.0,8.0,61.0,61.0,70.0,11.0,39.0,28.0,48.0,64.0,3.0,33.0,753.0,16.0,6.0,11.0,23.0,0.0,2.0,123.0,5.0,137.0,46.0,17.0,15.0,18.0,94.0,80.0,4.0,62.0,41.0,15.0,10.0,2.0,4.0,5.0,2.0,0.0,1.0,3.0,4.0,2.0,55.0,6.0,4.0,31.0,125.0,9.0,13.0,15.0,69.0,57.0,17.0,27.0,370.0,9.0,12.0,1547.0,15.0,25.0,23.0,10.0,16.0,3.0,14.0,11.0,2.0,0.0,0.0,0.0,9.0,10.0,40.0,14.0,8.0,8.0,5.0,0.0,4.0,511.0,104.0,145.0,646.0,587.0,428.0,8.0,55.0,33.0,59.0,130.0,60.0,84.0,70.0,615.0,4.0,338.0,123.0,81.0,26.0,153.0,10.0,1.0,3.0,279.0,12.0,38.0,156.0,276.0,17.0,152.0,51.0,203.0,6.0,68.0,257.0,560.0,32.0,45.0,57.0,17.0,0.0,5.0,4.0,0.0,0.0,49.0,15.0,20.0,0.0,58.0,904.0,0.0,4.0,85.0,27.0,14.0,42.0,33.0,60.0,15.0,301.0,59.0,100.0,2115.0,84.0,51.0,336.0,573.0,690.0,334.0,234.0,442.0,10.0,590.0,0.0,36.0,23.0,50.0,98.0,1.0,2.0,3.0,0.0,4.0,114.0,119.0,282.0,2.0,12.0,2.0,1.0,5.0,0.0,1.0,1.0,0.0,0.0,0.0,0.0,27.0,10.0,0.0,2.0,0.0,0.0,0.0,0.0,1.0,1.0,1.0,1.0,0.0,0.0,8.0,19.0,0.0,0.0,12.0,0.0,2.0,0.0,0.0,1.0,1.0,0.0,0.0,0.0,0.0,4.0,1.0,2.0,1.0,0.0,0.0,0.0,0.0,0.0,1.0,0.0,0.0,1.0,1.0,0.0,0.0,0.0,1.0,0.0,12.0,1.0,0.0,0.0,0.0,1.0,0.0,0.0,0.0,0.0,69.0,23.0,259.0,58.0,113.0,50.0,157.0,22.0,87.0,136.0,202.0,216.0,22.0,16.0,158.0,41.0,128.0,517.0,3.0,40.0,49.0,8.0,1.0,43.0,16.0,7.0,0.0,35.0,34.0,26.0,29.0,64.0,5.0,82.0,13.0,90.0,37.0,32.0,90.0,329.0,24.0,53.0,2598.0,28.0,253.0,160.0,64.0,111.0,42.0,57.0,41.0,576.0
